idplant;day;power;;;;;;;;;;;;;;;;;;
1;01/01/2012;0;0;0;449;152;307;132;0;325;9;456;0;8;504;0;0;0;497;0
1;02/01/2012;0;0;9;156;327;453;494;491;443;303;131;8;0;0;0;0;0;0;0
1;03/01/2012;11;152;326;449;486;469;354;189;85;9;0;0;0;0;0;0;0;0;0
1;04/01/2012;0;0;0;0;9;149;322;453;497;490;438;245;59;5;0;0;0;0;0
1;05/01/2012;428;368;300;87;6;0;0;0;0;0;0;0;0;0;8;147;324;432;386
1;06/01/2012;0;0;0;0;0;5;12;18;21;59;54;72;26;3;0;0;0;0;0
1;07/01/2012;0;0;0;0;0;0;0;0;143;176;171;122;79;9;0;0;0;0;0
1;08/01/2012;0;0;0;0;5;152;331;461;508;225;268;321;149;13;0;0;0;0;0
1;09/01/2012;0;0;0;0;0;0;12;20;36;57;241;177;94;9;6;0;0;0;0
1;10/01/2012;0;0;0;0;5;142;190;289;116;65;118;205;125;18;0;0;0;0;0
1;11/01/2012;0;0;0;0;3;14;0;0;0;0;0;0;12;0;0;0;0;0;0
1;12/01/2012;0;0;0;0;13;85;198;461;370;310;480;341;158;16;0;0;0;0;0
1;13/01/2012;0;0;0;0;11;165;349;454;507;502;319;193;152;19;0;0;0;0;0
1;14/01/2012;0;0;0;0;3;23;118;223;104;211;159;303;147;11;0;0;0;0;0
1;15/01/2012;0;0;0;0;2;29;292;187;476;209;316;196;192;24;0;0;0;0;0
1;16/01/2012;0;0;0;0;17;146;346;235;175;431;305;380;138;37;0;0;0;0;0
1;17/01/2012;0;0;0;0;0;12;48;38;310;495;52;32;17;12;0;0;0;0;0
1;18/01/2012;0;0;0;0;0;0;75;162;193;99;220;282;270;201;77;1;0;0;0
1;19/01/2012;0;0;0;0;2;82;261;432;458;504;495;422;259;78;2;0;0;0;0
1;20/01/2012;0;0;0;0;1;29;260;406;268;235;92;52;71;38;2;0;0;0;0
1;21/01/2012;0;0;0;0;0;38;151;99;379;513;507;437;286;85;1;0;0;0;0
1;22/01/2012;0;0;0;0;2;105;307;453;519;500;472;406;288;91;2;0;0;0;0
1;23/01/2012;0;0;0;0;1;112;318;444;502;519;499;415;271;78;1;0;0;0;0
1;24/01/2012;0;0;0;0;2;46;267;381;467;527;112;174;38;10;0;0;0;0;0
1;25/01/2012;0;0;0;0;0;10;88;223;255;103;78;198;169;78;3;0;0;0;0
1;26/01/2012;0;0;0;0;0;48;32;94;147;179;500;461;301;106;3;0;0;0;0
1;27/01/2012;0;0;0;0;3;120;338;466;484;415;470;448;311;86;3;0;0;0;0
1;28/01/2012;0;0;0;0;2;104;291;371;444;288;172;355;100;21;3;0;0;0;0
1;29/01/2012;0;0;0;0;0;27;48;95;91;189;118;250;112;46;2;0;0;0;0
1;30/01/2012;0;0;0;0;0;6;28;86;89;47;115;90;70;27;2;0;0;0;0
1;31/01/2012;0;0;0;0;0;6;24;38;38;24;36;58;106;24;1;0;0;0;0
1;01/02/2012;0;0;0;0;0;5;12;66;32;89;27;291;336;49;4;0;0;0;0
1;02/02/2012;0;0;0;0;6;119;295;327;362;112;135;89;91;9;2;0;0;0;0
1;03/02/2012;0;0;0;0;1;38;46;95;129;79;85;97;54;10;0;0;0;0;0
1;04/02/2012;0;0;0;0;1;23;49;64;110;201;346;371;320;67;6;0;0;0;0
1;05/02/2012;0;0;0;0;0;0;9;152;342;447;164;309;231;100;95;9;0;0;0
1;06/02/2012;0;0;0;0;0;6;12;8;9;12;12;15;8;0;0;0;0;0;0
1;07/02/2012;0;0;0;0;0;0;177;247;282;291;285;247;171;0;0;0;0;0;0
1;08/02/2012;0;0;0;0;0;6;16;37;40;31;47;43;37;13;1;0;0;0;0
1;09/02/2012;0;0;0;0;0;2;9;24;50;99;169;92;112;29;4;0;0;0;0
1;10/02/2012;0;0;0;0;4;48;87;71;65;92;112;46;25;16;3;0;0;0;0
1;11/02/2012;0;0;0;0;10;39;157;78;499;435;313;238;146;157;16;0;0;0;0
1;12/02/2012;0;0;0;0;2;11;44;107;65;47;48;43;17;14;0;0;0;0;0
1;13/02/2012;0;0;0;0;2;20;93;416;529;320;388;251;183;112;8;0;0;0;0
1;14/02/2012;0;0;0;0;8;40;80;60;175;119;92;67;49;21;0;0;0;0;0
1;15/02/2012;0;0;0;0;14;171;391;510;572;589;560;487;311;173;21;0;0;0;0
1;16/02/2012;0;0;0;0;0;12;106;153;58;479;288;422;171;65;16;0;0;0;0
1;17/02/2012;0;0;0;0;16;149;349;514;518;578;579;425;369;201;25;0;0;0;0
1;18/02/2012;0;0;0;0;29;213;377;488;538;431;549;282;163;107;22;0;0;0;0
1;19/02/2012;0;0;0;0;24;164;128;258;242;363;429;283;85;39;6;0;0;0;0
1;20/02/2012;0;0;0;0;6;62;232;314;350;331;408;165;34;37;10;0;0;0;0
1;21/02/2012;0;0;0;0;0;22;70;77;84;36;33;29;21;10;4;0;0;0;0
1;22/02/2012;0;0;0;0;3;20;78;140;216;316;329;241;34;4;2;0;0;0;0
1;23/02/2012;0;0;0;0;11;39;140;203;234;96;246;248;70;94;26;0;0;0;0
1;24/02/2012;0;0;0;0;46;130;399;511;574;574;548;492;372;211;35;0;0;0;0
1;25/02/2012;0;0;0;0;59;243;395;494;542;516;505;471;360;203;34;0;0;0;0
1;26/02/2012;0;0;0;0;15;174;339;479;537;482;192;357;198;16;2;0;0;0;0
1;27/02/2012;0;0;0;0;60;64;250;345;383;345;257;378;399;235;45;0;0;0;0
1;28/02/2012;0;0;0;0;25;87;268;285;295;465;465;381;352;205;32;0;0;0;0
1;29/02/2012;0;0;0;0;47;74;192;349;523;605;576;504;378;213;43;0;0;0;0
1;01/03/2012;0;0;0;0;69;252;410;516;599;620;591;516;390;225;54;0;0;0;0
1;02/03/2012;0;0;0;0;77;253;407;504;565;585;555;481;362;208;47;0;0;0;0
1;03/03/2012;0;0;0;0;73;247;390;487;541;552;516;457;342;186;41;0;0;0;0
1;04/03/2012;0;0;0;0;41;160;344;460;515;534;501;388;295;139;33;0;0;0;0
1;05/03/2012;0;0;0;0;11;92;302;482;519;317;186;107;156;71;10;0;0;0;0
1;06/03/2012;0;0;0;2;102;277;353;411;349;291;508;353;93;52;3;0;0;0;0
1;07/03/2012;0;0;0;2;117;296;405;478;205;174;264;177;196;82;11;0;0;0;0
1;08/03/2012;0;0;0;0;1;26;77;121;56;26;82;171;39;10;0;0;0;0;0
1;09/03/2012;0;0;0;0;20;71;225;174;145;27;90;72;63;33;4;0;0;0;0
1;10/03/2012;0;0;0;3;27;41;105;132;211;292;123;121;25;23;7;0;0;0;0
1;11/03/2012;0;0;0;5;52;131;273;393;482;427;259;168;165;54;23;0;0;0;0
1;12/03/2012;0;0;0;0;0;0;5;44;250;155;89;117;139;229;189;231;46;24;0
1;13/03/2012;0;0;0;15;155;335;482;561;617;606;580;495;358;145;36;0;0;0;0
1;14/03/2012;0;0;0;8;27;321;341;341;326;297;439;382;301;170;35;0;0;0;0
1;15/03/2012;0;0;0;17;156;332;469;508;604;607;569;478;348;183;37;1;0;0;0
1;16/03/2012;0;0;0;19;162;338;466;546;580;581;549;458;332;177;34;0;0;0;0
1;17/03/2012;0;0;0;18;160;335;461;538;575;569;542;466;347;188;39;0;0;0;0
1;18/03/2012;0;0;0;20;165;327;472;563;580;565;538;457;311;177;33;0;0;0;0
1;19/03/2012;0;0;0;36;127;339;312;535;520;560;525;452;306;158;35;0;0;0;0
1;20/03/2012;0;0;0;30;153;303;464;548;582;561;505;370;268;150;37;0;0;0;0
1;21/03/2012;0;0;0;1;35;129;443;542;577;570;544;454;331;174;32;0;0;0;0
1;22/03/2012;0;0;0;18;158;328;454;541;567;555;517;454;330;171;31;0;0;0;0
1;23/03/2012;0;0;0;9;41;83;163;295;434;329;327;381;273;120;24;0;0;0;0
1;24/03/2012;0;0;0;27;162;226;360;497;491;330;209;159;9;73;48;0;0;0;0
1;25/03/2012;0;0;0;21;118;286;411;514;548;540;544;454;308;173;34;0;0;0;0
1;26/03/2012;0;0;0;29;147;302;439;541;590;580;555;479;353;193;45;2;0;0;0
1;27/03/2012;0;0;0;41;189;359;492;579;591;576;560;487;352;190;45;1;0;0;0
1;28/03/2012;0;0;0;38;173;338;469;555;590;569;553;484;354;193;48;1;0;0;0
1;29/03/2012;0;0;0;41;184;344;472;554;574;557;537;441;321;172;41;0;0;0;0
1;30/03/2012;0;0;0;40;146;361;483;546;567;564;531;378;265;157;26;1;0;0;0
1;31/03/2012;0;0;0;41;184;339;455;534;568;548;534;449;316;133;26;1;0;0;0
1;01/04/2012;0;0;0;46;202;359;484;560;579;531;483;381;152;98;18;1;0;0;0
1;02/04/2012;0;0;0;48;202;361;477;558;571;558;545;468;308;186;45;1;0;0;0
1;03/04/2012;0;0;2;32;133;280;430;575;589;583;536;467;326;95;20;2;0;0;0
1;04/04/2012;0;0;0;24;60;240;187;259;314;553;528;365;289;159;32;3;0;0;0
1;05/04/2012;0;0;0;35;144;154;161;219;225;184;180;102;79;47;24;2;0;0;0
1;06/04/2012;0;0;0;43;192;353;283;271;303;299;248;396;288;118;27;1;0;0;0
1;07/04/2012;0;0;1;24;108;195;58;129;99;73;111;159;46;76;18;4;0;0;0
1;08/04/2012;0;0;0;8;38;73;375;292;285;408;449;364;86;90;48;2;0;0;0
1;09/04/2012;0;0;0;21;134;55;155;565;469;488;565;489;276;208;55;3;0;0;0
1;10/04/2012;0;0;3;68;242;411;534;605;606;590;560;489;362;194;55;3;0;0;0
1;11/04/2012;0;0;0;22;87;63;31;225;396;519;371;480;361;180;48;2;0;0;0
1;12/04/2012;0;0;3;71;242;404;520;579;535;518;296;373;345;89;12;3;0;0;0
1;13/04/2012;0;0;0;13;54;65;76;42;53;50;121;160;62;80;7;0;0;0;0
1;14/04/2012;0;0;3;70;204;234;187;301;318;302;387;80;11;0;15;0;0;0;0
1;15/04/2012;0;0;6;36;184;418;342;582;427;356;122;261;237;50;58;2;0;0;0
1;16/04/2012;0;0;1;24;15;143;130;223;221;165;113;124;22;22;6;0;0;0;0
1;17/04/2012;0;0;3;44;108;211;116;145;122;323;177;117;109;83;26;0;0;0;0
1;18/04/2012;0;0;5;51;102;249;361;386;627;596;566;467;198;47;9;2;0;0;0
1;19/04/2012;0;0;0;13;89;137;124;448;104;284;172;95;86;126;39;5;0;0;0
1;20/04/2012;0;0;4;43;272;425;488;293;375;261;177;101;58;53;26;6;0;0;0
1;21/04/2012;0;0;7;89;257;361;348;456;408;456;522;405;324;94;52;6;0;0;0
1;22/04/2012;0;0;22;83;123;217;350;546;485;555;554;454;331;85;36;3;0;0;0
1;23/04/2012;0;0;9;46;119;360;447;403;546;176;111;82;119;91;30;3;0;0;0
1;24/04/2012;0;0;9;74;248;401;458;583;583;552;514;489;356;178;65;7;0;0;0
1;25/04/2012;0;0;4;93;268;419;495;572;573;430;460;478;358;192;56;6;0;0;0
1;26/04/2012;0;0;9;97;264;412;517;568;577;568;536;462;349;200;56;5;0;0;0
1;27/04/2012;0;0;12;100;262;404;508;566;581;575;533;413;342;198;56;6;0;0;0
1;28/04/2012;0;0;10;95;256;401;509;567;579;570;536;450;338;190;55;7;0;0;0
1;29/04/2012;0;0;18;114;190;340;483;541;553;539;402;435;305;92;69;12;0;0;0
1;30/04/2012;0;0;17;95;160;294;322;390;420;557;524;451;274;187;51;10;0;0;0
1;01/05/2012;0;0;17;97;247;381;478;539;548;543;517;441;326;186;58;6;0;0;0
1;02/05/2012;0;0;17;93;244;384;479;534;553;542;513;444;312;173;58;9;0;0;0
1;03/05/2012;0;0;20;86;248;392;463;541;454;512;489;448;337;193;58;9;0;0;0
1;04/05/2012;0;0;16;101;258;349;494;533;501;418;483;457;356;209;70;11;0;0;0
1;05/05/2012;0;0;15;94;220;344;386;516;421;509;469;373;307;210;72;12;0;0;0
1;06/05/2012;0;0;23;84;217;376;343;135;392;187;409;298;186;143;66;17;0;0;0
1;07/05/2012;0;0;3;29;82;177;330;374;451;286;304;220;173;109;66;12;0;0;0
1;08/05/2012;0;0;22;124;249;359;483;430;338;335;313;487;356;207;72;11;0;0;0
1;09/05/2012;0;0;12;92;260;386;506;554;527;488;528;472;361;211;69;9;0;0;0
1;10/05/2012;0;0;14;95;251;396;503;552;516;497;490;464;355;209;70;12;0;0;0
1;11/05/2012;0;0;18;93;241;382;485;534;516;496;491;446;342;201;68;12;0;0;0
1;12/05/2012;0;0;17;94;240;375;471;504;480;473;466;427;331;199;83;23;0;0;0
1;13/05/2012;0;0;20;95;232;374;464;481;449;449;450;427;319;190;65;13;0;0;0
1;14/05/2012;0;0;7;32;39;83;94;45;33;126;125;178;119;109;75;12;0;0;0
1;15/05/2012;0;0;14;78;142;259;354;264;211;156;106;137;159;143;65;12;0;0;0
1;16/05/2012;0;0;18;106;269;412;515;539;401;434;538;485;374;236;58;11;0;0;0
1;17/05/2012;0;0;12;26;56;109;120;123;42;87;146;405;371;212;83;19;0;0;0
1;18/05/2012;0;0;19;113;268;388;490;553;574;597;568;479;340;198;56;22;0;0;0
1;19/05/2012;0;0;21;110;264;407;505;561;563;554;528;465;355;214;76;15;0;0;0
1;20/05/2012;0;0;24;104;251;372;475;525;486;458;310;260;178;112;38;15;0;0;0
1;21/05/2012;0;0;10;93;220;368;491;551;584;576;534;452;341;208;43;3;0;0;0
1;22/05/2012;0;0;22;96;123;413;515;562;553;372;363;106;202;85;26;20;0;0;0
1;23/05/2012;0;67;19;0;0;0;0;0;20;102;263;269;348;276;510;537;575;487;136
1;24/05/2012;0;0;4;56;152;246;303;275;444;546;510;462;315;177;84;26;1;0;0
1;25/05/2012;0;1;30;61;141;243;449;495;260;333;298;337;215;216;81;20;2;0;0
1;26/05/2012;0;1;46;89;86;233;389;466;319;257;135;393;156;82;28;10;0;0;0
1;27/05/2012;0;0;24;59;252;395;303;477;402;398;222;466;357;179;85;18;2;0;0
1;28/05/2012;0;0;21;104;251;300;438;517;522;404;208;162;67;76;47;10;0;0;0
1;29/05/2012;0;1;20;104;252;385;482;549;412;504;454;418;224;198;95;17;0;0;0
1;30/05/2012;0;2;21;102;248;389;495;561;582;582;549;467;355;215;81;18;2;0;0
1;31/05/2012;0;0;24;101;239;359;470;359;195;112;193;429;324;188;77;20;0;0;0
1;01/06/2012;0;0;21;103;242;377;469;504;483;398;282;204;196;203;37;21;1;0;0
1;02/06/2012;0;1;21;102;247;373;421;524;553;559;520;448;341;207;79;19;1;0;0
1;03/06/2012;0;0;20;99;241;370;466;524;554;550;511;445;334;200;92;23;0;0;0
1;04/06/2012;0;0;19;105;252;384;373;511;544;445;264;152;218;196;62;26;0;0;0
1;05/06/2012;0;0;15;104;258;392;508;529;579;590;546;473;354;220;85;18;3;0;0
1;06/06/2012;0;0;18;103;232;394;492;554;583;581;545;466;355;206;81;15;3;0;0
1;07/06/2012;0;0;19;100;236;370;469;455;541;570;534;446;339;211;80;17;1;0;0
1;08/06/2012;0;2;20;101;242;365;428;515;536;534;504;438;339;210;82;19;0;0;0
1;09/06/2012;0;0;22;101;246;355;454;505;527;543;380;233;327;195;87;31;3;0;0
1;10/06/2012;0;0;32;69;242;288;376;500;546;449;294;331;337;179;85;61;3;0;0
1;11/06/2012;0;0;17;110;234;376;378;395;550;570;409;156;67;182;78;20;3;0;0
1;12/06/2012;0;0;19;95;247;362;437;520;551;545;206;238;357;215;87;17;3;0;0
1;13/06/2012;0;0;18;101;254;393;481;540;570;524;542;468;355;216;88;18;3;0;0
1;14/06/2012;0;1;19;98;246;384;480;540;572;573;539;460;355;216;87;20;3;0;0
1;15/06/2012;0;0;24;90;244;376;353;552;582;581;547;472;366;230;89;17;3;0;0
1;16/06/2012;0;0;18;98;247;382;483;548;576;572;536;459;352;223;88;17;0;0;0
1;17/06/2012;0;3;18;97;243;375;474;537;564;565;531;459;355;224;88;17;2;0;0
1;18/06/2012;0;2;15;95;239;369;463;514;562;563;530;456;352;220;88;17;3;0;0
1;19/06/2012;0;0;20;94;230;359;453;515;550;537;522;0;321;60;48;21;3;0;0
1;20/06/2012;0;0;18;95;240;371;460;519;547;553;526;456;345;166;102;20;3;0;0
1;21/06/2012;0;0;31;96;212;330;409;474;505;507;477;400;305;186;80;24;2;0;0
1;22/06/2012;0;0;25;89;225;358;457;520;552;552;522;446;336;213;86;17;2;0;0
1;23/06/2012;0;1;19;90;225;356;447;511;547;545;512;442;341;210;84;27;3;0;0
1;24/06/2012;0;0;21;90;224;351;447;516;544;366;517;438;335;198;47;29;0;0;0
1;25/06/2012;0;0;22;90;224;349;443;505;439;547;504;433;219;162;85;22;1;0;0
1;26/06/2012;0;0;21;88;225;353;447;508;554;550;517;442;340;211;86;22;2;0;0
1;27/06/2012;0;1;19;47;234;372;291;307;577;580;549;468;363;227;91;16;1;0;0
1;28/06/2012;0;0;17;90;236;367;464;538;704;559;528;459;355;223;88;15;0;0;0
1;29/06/2012;0;1;18;91;230;359;451;508;533;543;515;445;345;216;88;16;1;0;0
1;30/06/2012;0;1;19;89;222;348;443;502;532;536;504;434;339;215;89;20;1;0;0
1;01/07/2012;0;1;22;88;214;339;431;489;525;528;497;427;332;209;85;24;0;0;0
1;02/07/2012;0;0;23;88;214;333;422;483;483;318;414;151;232;78;46;19;0;0;0
1;03/07/2012;0;0;22;87;214;340;435;495;518;479;460;439;102;122;77;40;2;0;0
1;04/07/2012;0;0;21;87;214;332;423;471;516;522;494;424;328;178;42;26;5;0;0
1;05/07/2012;0;0;21;89;219;342;441;504;533;536;505;184;143;240;95;23;0;0;0
1;06/07/2012;0;0;24;86;215;339;439;492;481;450;429;274;77;44;47;21;2;0;0
1;07/07/2012;0;0;18;86;226;357;452;501;504;483;466;433;340;215;88;23;2;0;0
1;08/07/2012;0;0;19;86;223;357;455;495;468;458;448;420;351;226;91;20;0;0;0
1;09/07/2012;0;1;22;90;220;342;437;493;478;447;427;409;326;202;87;27;0;0;0
1;10/07/2012;0;0;25;89;216;337;435;501;535;540;519;445;344;209;85;17;2;0;0
1;11/07/2012;0;0;21;89;220;346;439;492;532;524;494;430;332;196;75;22;3;0;0
1;12/07/2012;0;0;19;87;223;349;393;320;174;232;247;274;151;163;95;20;0;0;0
1;13/07/2012;0;0;16;85;227;355;450;507;547;541;513;418;218;103;96;21;0;0;0
1;14/07/2012;0;0;15;84;226;354;451;511;538;539;509;440;342;212;85;20;0;0;0
1;15/07/2012;0;0;21;88;217;342;430;493;520;510;484;426;325;203;79;17;0;0;0
1;16/07/2012;0;0;16;85;233;372;473;538;439;433;492;405;353;226;89;17;0;0;0
1;17/07/2012;0;0;20;86;235;381;489;560;594;591;551;477;365;227;92;18;1;0;0
1;18/07/2012;0;0;14;79;223;368;473;555;578;583;548;485;378;243;96;15;2;0;0
1;19/07/2012;0;0;15;77;219;357;460;525;557;559;531;463;361;232;96;17;0;0;0
1;20/07/2012;0;0;15;78;216;346;440;505;539;553;499;443;346;222;93;19;0;0;0
1;21/07/2012;0;0;19;81;214;328;435;506;536;537;516;444;335;212;93;22;0;0;0
1;22/07/2012;0;0;21;75;190;282;449;513;465;530;424;375;157;80;40;4;0;0;0
1;23/07/2012;0;0;17;21;26;66;111;210;354;270;134;206;129;74;71;21;0;0;0
1;24/07/2012;0;0;5;11;9;22;89;261;185;234;409;215;124;20;6;1;0;0;0
1;25/07/2012;0;0;12;35;146;310;128;217;181;288;361;192;90;121;53;15;0;0;0
1;26/07/2012;0;0;12;63;177;285;341;428;450;464;251;381;289;189;78;13;0;0;0
1;27/07/2012;0;0;8;61;180;288;379;445;467;465;449;360;374;249;96;16;0;0;0
1;28/07/2012;0;0;11;74;216;355;454;531;564;562;539;470;368;236;95;23;0;0;0
1;29/07/2012;0;0;13;75;193;315;406;467;507;507;489;425;332;213;91;23;0;0;0
1;30/07/2012;0;0;11;73;210;349;452;523;557;567;537;478;380;246;95;14;0;0;0
1;31/07/2012;0;0;8;72;216;356;461;532;572;572;546;477;374;242;94;15;0;0;0
1;01/08/2012;0;0;12;74;204;347;443;516;556;556;527;464;368;235;92;17;0;0;0
1;02/08/2012;0;0;9;72;209;344;443;508;540;558;527;464;362;238;92;14;0;0;0
1;03/08/2012;0;0;9;70;207;345;442;497;532;539;516;446;350;226;97;30;0;0;0
1;04/08/2012;0;0;9;69;206;340;437;498;529;543;514;443;347;219;83;16;0;0;0
1;05/08/2012;0;0;11;74;202;330;429;489;519;520;488;429;337;212;83;18;0;0;0
1;06/08/2012;0;0;12;74;192;318;414;475;503;506;476;414;320;195;78;19;0;0;0
1;07/08/2012;0;0;10;71;187;314;423;487;528;524;488;426;330;208;84;18;0;0;0
1;08/08/2012;0;0;7;69;198;333;446;528;561;554;529;470;374;238;90;12;0;0;0
1;09/08/2012;0;0;9;72;213;353;461;529;561;568;536;474;372;235;86;13;0;0;0
1;10/08/2012;0;0;6;67;209;346;458;530;559;568;539;476;370;238;80;10;0;0;0
1;11/08/2012;0;0;4;37;221;344;297;225;237;130;501;475;362;225;87;13;0;0;0
1;12/08/2012;0;0;5;67;203;345;442;517;590;584;545;480;372;237;83;9;0;0;0
1;13/08/2012;0;0;8;100;197;28;58;363;391;560;546;413;239;209;64;12;0;0;0
1;14/08/2012;0;0;6;51;169;282;392;518;501;464;456;245;293;131;66;19;0;0;0
1;15/08/2012;0;0;4;65;204;336;438;502;539;535;424;452;347;213;82;11;0;0;0
1;16/08/2012;0;0;4;62;195;337;439;501;528;528;491;446;340;209;70;9;0;0;0
1;17/08/2012;0;0;4;62;199;342;449;525;561;560;531;463;363;223;75;7;0;0;0
1;18/08/2012;0;0;5;64;199;344;455;525;556;557;522;456;353;208;71;8;0;0;0
1;19/08/2012;0;0;4;62;200;342;449;519;552;553;519;452;349;213;72;8;0;0;0
1;20/08/2012;0;0;4;64;203;341;449;520;552;549;518;452;350;213;71;6;0;0;0
1;21/08/2012;0;0;5;61;200;339;437;503;533;519;496;435;339;211;70;6;0;0;0
1;22/08/2012;0;0;4;62;194;327;428;492;524;532;502;437;327;195;64;6;0;0;0
1;23/08/2012;0;0;5;62;204;338;434;502;534;535;504;443;348;213;68;5;0;0;0
1;24/08/2012;0;0;3;60;203;341;442;507;538;526;507;444;346;200;64;4;0;0;0
1;25/08/2012;0;0;3;61;204;348;450;507;538;535;500;438;336;199;61;5;0;0;0
1;26/08/2012;0;0;2;61;210;353;454;512;539;531;494;398;185;174;29;1;0;0;0
1;27/08/2012;0;0;1;60;208;312;458;485;577;469;567;490;378;225;62;3;0;0;0
1;28/08/2012;0;0;3;63;216;371;481;554;589;593;556;484;369;221;61;3;0;0;0
1;29/08/2012;0;0;2;63;219;365;475;543;568;563;534;469;358;212;59;3;0;0;0
1;30/08/2012;0;0;3;61;210;356;462;527;557;556;529;460;351;205;55;2;0;0;0
1;31/08/2012;0;0;2;60;204;343;448;508;540;537;508;440;329;191;54;3;0;0;0
1;01/09/2012;0;0;2;59;199;327;433;410;412;456;231;149;19;9;0;0;0;0;0
1;02/09/2012;0;0;0;45;138;199;406;511;443;531;332;0;215;118;22;0;0;0;0
1;03/09/2012;0;0;0;42;0;111;217;243;413;282;305;265;331;120;32;1;0;0;0
1;04/09/2012;0;0;1;48;85;211;448;436;551;566;404;430;84;59;21;0;0;0;0
1;05/09/2012;0;0;0;57;228;383;408;444;321;367;256;98;69;19;21;1;0;0;0
1;06/09/2012;0;0;3;45;189;207;372;454;297;208;206;85;205;95;29;0;0;0;0
1;07/09/2012;0;0;3;52;182;330;283;423;446;557;432;379;339;176;41;1;0;0;0
1;08/09/2012;0;0;1;59;217;237;400;0;0;36;541;462;343;188;42;0;0;0;0
1;09/09/2012;0;0;1;56;215;364;471;531;542;526;519;402;155;211;57;0;0;0;0
1;10/09/2012;0;0;0;41;182;288;452;522;545;533;509;437;309;154;28;0;0;0;0
1;11/09/2012;0;0;0;52;199;344;453;519;542;526;450;439;315;163;22;0;0;0;0
1;12/09/2012;53;451;52;27;0;0;0;0;523;386;0;0;1;48;184;319;440;503;533
1;13/09/2012;0;0;0;157;38;207;363;351;193;109;246;57;0;29;45;0;0;18;0
1;14/09/2012;209;0;0;4;0;549;46;294;477;77;446;374;233;131;20;0;0;0;0
1;15/09/2012;487;471;0;0;0;32;75;370;75;434;494;474;320;105;38;0;0;0;0
1;16/09/2012;0;0;230;0;207;48;335;341;370;0;411;532;332;173;325;28;0;0;0
1;17/09/2012;352;0;0;53;0;207;361;471;538;562;474;550;26;322;161;0;0;0;0
1;18/09/2012;96;375;0;0;0;48;207;204;136;349;254;204;244;290;0;23;0;0;0
1;19/09/2012;0;0;0;0;191;56;458;344;440;413;0;283;558;372;56;136;12;0;0
1;20/09/2012;189;17;0;0;0;112;276;364;293;404;367;352;349;169;24;0;0;0;0
1;21/09/2012;572;499;0;0;0;382;51;220;594;582;546;462;337;22;167;0;0;0;0
1;22/09/2012;0;0;0;0;212;54;546;359;459;520;541;424;496;0;141;302;17;0;0
1;23/09/2012;37;0;0;0;158;326;434;531;502;481;521;403;284;132;0;16;0;0;0
1;24/09/2012;461;0;0;0;39;347;185;102;512;521;525;474;125;248;14;0;0;0;0
1;25/09/2012;0;0;145;0;74;55;90;416;306;0;137;121;285;166;146;15;0;0;0
1;26/09/2012;15;0;0;0;307;139;184;258;371;330;441;375;252;106;0;6;0;0;0
1;27/09/2012;409;0;0;32;0;147;41;519;454;527;474;136;338;0;22;186;0;0;0
1;28/09/2012;0;0;0;26;143;332;446;246;0;510;301;369;457;194;113;11;0;0;0
1;29/09/2012;30;0;0;0;175;438;325;463;510;507;494;0;404;53;170;0;10;0;0
1;30/09/2012;164;0;0;110;26;0;37;274;516;472;523;253;383;71;0;0;0;0;0
1;01/10/2012;0;0;0;489;67;0;13;72;241;113;442;326;199;320;117;5;0;0;0
1;02/10/2012;21;0;0;0;446;178;338;252;511;393;215;104;20;119;0;4;0;0;0
1;03/10/2012;349;457;338;0;0;30;0;187;431;250;257;249;328;110;9;0;0;0;0
1;04/10/2012;115;409;0;278;0;0;0;0;192;0;35;345;520;456;0;6;544;548;494
1;05/10/2012;0;0;0;28;188;277;343;456;516;467;415;498;548;0;113;6;0;0;0
1;06/10/2012;0;273;0;0;34;194;453;344;532;542;514;404;490;0;108;0;4;0;0
1;07/10/2012;53;293;2;166;0;0;0;30;183;446;338;446;482;465;286;0;0;0;0
1;08/10/2012;198;0;0;0;13;365;0;158;519;442;360;280;464;0;94;0;2;0;0
1;09/10/2012;8;0;0;0;18;385;92;161;364;398;492;12;272;0;21;0;0;0;0
1;10/10/2012;0;0;0;5;183;43;103;276;280;357;216;211;0;0;56;258;0;0;0
1;11/10/2012;0;0;45;0;168;0;0;358;19;370;147;306;437;465;243;336;0;0;1
1;12/10/2012;0;0;251;145;121;0;0;66;184;66;37;116;38;3;0;0;82;23;0
1;13/10/2012;0;10;93;0;0;1;295;369;423;213;106;169;95;146;16;0;0;0;0
1;14/10/2012;210;312;450;6;15;0;0;0;0;0;104;277;0;0;15;0;416;519;443
1;15/10/2012;0;0;0;0;259;325;410;273;224;122;114;142;23;1;183;0;0;0;20
1;16/10/2012;337;429;0;91;115;268;203;0;0;0;0;0;291;0;3;135;0;353;426
1;17/10/2012;71;455;322;518;388;130;253;0;0;0;0;473;530;0;0;26;0;0;546
1;18/10/2012;73;0;188;396;0;0;0;19;454;539;348;518;0;525;0;258;477;0;0
1;19/10/2012;0;0;295;547;387;476;535;255;161;0;6;69;0;0;0;0;0;524;436
1;20/10/2012;0;128;0;0;170;217;352;534;60;552;485;391;243;0;0;0;0;0;11
1;21/10/2012;0;515;388;0;531;241;11;0;0;0;0;0;175;543;332;444;485;55;0
1;22/10/2012;0;0;325;374;466;0;511;43;525;0;0;0;440;230;160;470;0;0;0
1;23/10/2012;0;0;43;282;349;206;520;457;504;0;465;3;0;0;61;152;0;0;0
1;24/10/2012;419;0;0;118;0;5;248;397;464;0;479;480;33;171;0;0;0;312;0
1;25/10/2012;66;3;0;0;0;389;86;400;411;406;306;378;38;0;0;0;0;0;15
1;26/10/2012;0;28;0;447;296;227;0;0;0;4;273;121;502;0;103;453;486;0;0
1;27/10/2012;0;252;0;26;454;0;60;0;0;0;4;14;0;166;0;129;330;17;0
1;28/10/2012;21;0;255;103;125;0;0;0;0;0;0;1;60;85;38;97;90;90;0
1;29/10/2012;0;37;341;0;0;17;551;3;410;15;0;0;459;0;107;165;527;0;0
1;30/10/2012;554;155;0;515;0;0;0;5;460;162;0;0;530;24;0;291;0;340;458
1;31/10/2012;0;100;17;80;0;212;130;79;121;0;0;0;0;42;0;0;27;0;0
1;01/11/2012;0;483;0;396;0;0;337;0;358;0;474;311;0;29;0;128;126;379;0
1;02/11/2012;0;0;0;2;354;309;0;492;444;260;321;149;0;0;436;24;0;119;0
1;03/11/2012;195;0;22;0;0;2;141;310;501;196;77;0;0;0;350;0;0;486;463
1;04/11/2012;0;154;216;0;255;214;251;39;0;0;48;0;177;0;9;0;0;120;0
1;05/11/2012;45;0;85;0;0;18;24;83;0;0;95;61;97;64;12;0;0;0;0
1;06/11/2012;0;144;0;134;9;360;219;1;0;0;0;68;411;413;223;283;0;0;0
1;07/11/2012;0;0;0;108;0;0;226;51;33;0;97;183;456;177;0;62;0;0;9
1;08/11/2012;0;0;316;185;474;518;369;0;0;0;0;0;0;111;441;544;530;13;0
1;09/11/2012;0;301;0;105;415;450;14;0;2;484;169;440;518;352;0;0;0;0;0
1;10/11/2012;0;0;487;404;124;21;0;0;0;0;306;104;398;275;0;0;477;155;0
1;11/11/2012;0;226;166;118;0;362;0;192;61;0;0;41;0;0;0;0;103;3;302
1;12/11/2012;315;0;0;0;0;205;338;247;123;0;229;0;0;186;25;72;14;0;0
1;13/11/2012;0;0;15;159;0;73;0;0;0;0;107;0;106;16;278;58;52;0;0
1;14/11/2012;361;0;346;0;0;0;0;200;370;375;69;0;0;226;86;65;2;0;0
1;15/11/2012;0;0;3;0;2;0;0;0;18;26;15;23;58;46;0;0;0;3;0
1;16/11/2012;0;39;12;0;33;0;0;12;15;0;22;45;0;0;0;0;2;0;1
1;17/11/2012;126;0;76;0;0;25;71;0;0;0;0;166;44;1;0;0;0;45;22
1;18/11/2012;0;0;0;8;1;0;0;0;0;36;80;87;110;57;8;21;0;0;70
1;19/11/2012;0;0;12;0;0;0;51;24;32;39;30;0;0;0;0;0;6;25;77
1;20/11/2012;0;91;0;0;0;50;153;34;146;3;0;0;73;0;8;35;0;0;0
1;21/11/2012;17;0;86;75;113;139;0;320;0;0;0;11;124;0;1;8;0;0;0
1;22/11/2012;0;9;0;0;0;158;336;213;441;282;65;24;0;376;0;0;0;0;0
1;23/11/2012;20;106;0;0;0;0;0;62;119;126;3;167;58;82;0;0;96;0;0
1;24/11/2012;0;0;112;8;0;101;242;0;0;161;179;199;0;249;0;217;0;0;9
1;25/11/2012;42;0;0;451;338;0;0;205;227;416;0;0;4;114;0;0;0;356;118
1;26/11/2012;0;387;223;463;493;0;121;3;0;431;43;0;0;0;0;0;445;309;0
1;27/11/2012;0;39;322;0;0;0;140;94;0;316;321;199;0;0;46;3;0;335;0
1;28/11/2012;109;0;0;144;0;0;49;0;6;0;0;0;93;31;103;44;0;0;174
1;29/11/2012;438;43;0;0;0;422;0;0;0;0;125;13;273;5;201;455;0;290;0
1;30/11/2012;0;221;221;0;0;495;0;439;0;0;371;483;62;39;0;0;0;0;15
1;01/12/2012;55;0;0;0;395;391;362;397;0;400;0;0;0;34;197;236;2;0;0
1;02/12/2012;63;24;0;0;0;468;0;429;0;0;497;0;0;20;3;274;364;0;0
1;03/12/2012;0;0;86;306;104;290;112;511;0;3;0;0;0;3;0;365;0;0;409
1;04/12/2012;0;0;26;160;368;187;0;437;0;0;377;0;436;0;0;0;0;26;197
1;05/12/2012;2;193;0;24;0;0;0;0;0;0;0;0;159;453;409;511;374;14;483
1;06/12/2012;0;26;382;176;196;0;0;0;0;0;6;118;41;187;190;484;0;0;0
1;07/12/2012;0;192;122;0;0;3;0;514;481;502;19;0;0;0;0;445;371;301;0
1;08/12/2012;109;0;0;0;0;6;32;81;9;15;4;0;0;0;0;0;18;32;0
1;09/12/2012;0;0;116;0;0;0;0;0;39;168;186;30;21;0;0;0;3;37;0
1;10/12/2012;78;484;19;180;0;0;505;0;0;0;33;3;0;358;443;510;0;0;0
1;11/12/2012;0;0;0;0;527;0;4;307;0;359;3;486;0;0;465;522;117;0;118
1;12/12/2012;218;0;0;115;0;228;85;0;76;0;0;80;2;53;0;3;0;81;0
1;13/12/2012;0;0;238;0;351;0;178;0;1;0;0;14;362;0;445;409;35;453;0
1;14/12/2012;289;0;0;104;0;26;24;0;0;0;0;266;95;0;0;0;208;0;331
1;15/12/2012;0;0;48;1;30;85;6;0;37;0;0;0;0;59;0;41;0;18;0
1;16/12/2012;132;196;0;82;91;55;54;0;29;0;0;0;0;0;57;0;0;0;3
1;17/12/2012;0;0;40;0;0;77;11;0;0;0;139;18;270;0;0;63;0;0;136
1;18/12/2012;329;6;0;167;0;0;104;408;0;0;485;329;254;108;0;0;0;0;9
1;19/12/2012;84;0;0;0;21;3;0;121;41;0;8;0;0;0;38;0;0;0;22
1;20/12/2012;1;378;267;222;140;0;433;123;0;0;243;0;0;48;0;2;0;0;0
1;21/12/2012;0;40;0;5;49;0;1;12;0;36;0;0;0;35;0;76;0;70;0
1;22/12/2012;0;0;6;28;211;50;0;0;0;0;32;214;0;2;0;37;0;140;0
1;23/12/2012;484;315;98;141;449;0;0;0;0;8;0;250;3;0;0;0;0;376;492
1;24/12/2012;271;453;0;420;0;0;298;8;443;5;0;0;0;0;113;401;138;0;0
1;25/12/2012;0;3;494;87;0;0;6;0;444;278;0;104;494;143;0;0;0;0;437
1;26/12/2012;159;5;3;0;0;0;0;438;129;0;0;106;461;0;0;0;71;203;303
1;27/12/2012;0;462;0;310;0;340;127;358;1;0;18;0;192;0;0;406;0;0;7
1;28/12/2012;67;37;104;12;0;0;0;80;32;0;83;4;0;75;0;0;161;0;0
1;29/12/2012;0;6;77;0;0;305;268;0;255;0;221;0;312;0;0;138;244;0;0
1;30/12/2012;0;9;135;486;0;0;0;441;0;306;131;0;487;0;7;0;0;441;264
1;31/12/2012;493;0;0;0;311;0;137;67;0;190;446;0;494;447;0;8;0;0;6
2;01/01/2012;152;307;0;333;125;0;446;6;0;0;0;445;0;0;490;0;0;10;493
2;02/01/2012;0;0;10;153;335;483;440;481;435;308;126;8;0;0;0;0;0;0;0
2;03/01/2012;10;148;332;439;478;385;226;265;72;7;0;0;0;0;0;0;0;0;0
2;04/01/2012;0;0;0;0;8;145;324;441;486;481;434;285;47;5;0;0;0;0;0
2;05/01/2012;418;397;286;87;5;0;0;0;0;0;0;0;0;0;9;144;326;425;373
2;06/01/2012;0;0;0;0;0;6;14;21;20;55;45;63;27;3;0;0;0;0;0
2;07/01/2012;0;0;0;0;3;55;180;336;425;256;252;163;34;6;0;0;0;0;0
2;08/01/2012;0;0;0;0;3;138;338;449;495;241;221;135;10;0;0;0;0;0;311
2;09/01/2012;0;0;0;0;0;0;8;0;0;218;331;177;110;14;6;0;0;0;0
2;10/01/2012;0;0;0;0;3;123;247;223;99;53;93;228;130;18;0;0;0;0;0
2;11/01/2012;0;0;0;0;5;26;56;64;86;143;151;83;20;2;0;0;0;0;0
2;12/01/2012;0;0;0;0;10;96;143;418;358;365;458;340;144;14;0;0;0;0;0
2;13/01/2012;0;0;0;0;11;161;343;434;489;452;288;244;153;17;0;0;0;0;0
2;14/01/2012;0;0;0;0;2;22;116;154;75;201;122;357;115;10;0;0;0;0;0
2;15/01/2012;0;0;0;0;3;26;264;191;481;223;300;252;186;20;0;0;0;0;0
2;16/01/2012;0;0;0;0;14;153;350;252;277;329;353;202;88;30;0;0;0;0;0
2;17/01/2012;0;0;0;0;0;11;43;30;240;200;47;27;21;11;0;0;0;0;0
2;18/01/2012;0;0;0;0;0;0;62;124;80;81;202;238;311;185;64;1;0;0;0
2;19/01/2012;0;0;0;0;1;78;249;418;442;489;480;418;244;77;2;0;0;0;0
2;20/01/2012;0;0;0;0;0;27;254;404;392;246;90;47;62;38;0;0;0;0;0
2;21/01/2012;0;0;0;0;0;44;144;89;359;393;402;420;246;76;1;0;0;0;0
2;22/01/2012;0;0;0;0;2;99;302;438;503;488;454;394;281;82;3;0;0;0;0
2;23/01/2012;0;0;0;0;0;108;308;423;482;503;481;414;267;73;2;0;0;0;0
2;24/01/2012;0;0;0;0;0;43;249;387;473;510;161;144;42;10;0;0;0;0;0
2;25/01/2012;3;45;0;0;0;0;0;5;149;253;174;66;234;43;73;0;0;0;0
2;26/01/2012;451;0;0;0;0;0;27;26;66;125;176;461;293;97;3;0;0;0;0
2;27/01/2012;0;0;0;1;119;325;451;426;505;443;246;82;2;0;0;0;0;467;0
2;28/01/2012;0;0;0;0;1;106;273;339;439;385;230;284;91;19;1;0;0;0;0
2;29/01/2012;0;0;0;0;0;27;50;86;93;187;107;319;111;34;1;0;0;0;0
2;30/01/2012;0;0;0;0;0;8;26;72;84;50;97;79;67;26;0;0;0;0;0
2;31/01/2012;0;0;0;0;0;7;23;33;34;24;29;30;83;22;0;0;0;0;0
2;01/02/2012;0;0;0;0;0;8;48;26;71;16;189;300;49;5;0;0;0;0;0
2;02/02/2012;0;0;0;0;5;110;270;295;323;167;144;70;95;8;0;0;0;0;0
2;03/02/2012;0;0;0;0;3;33;47;85;103;68;80;92;45;11;0;0;0;0;0
2;04/02/2012;0;0;0;0;0;26;48;48;90;190;279;291;302;69;7;0;0;0;0
2;05/02/2012;0;0;0;0;0;0;5;144;313;371;181;356;142;91;63;7;0;0;0
2;06/02/2012;0;0;0;0;0;4;9;9;11;13;13;12;8;2;0;0;0;0;0
2;07/02/2012;0;0;0;0;0;0;167;232;268;287;268;238;0;0;0;0;0;0;0
2;08/02/2012;0;0;0;0;0;0;9;27;16;25;44;37;33;14;1;0;0;0;0
2;09/02/2012;0;0;0;0;0;3;10;22;46;98;106;68;175;23;5;0;0;0;0
2;10/02/2012;0;0;0;0;3;45;84;63;62;86;87;50;17;15;2;0;0;0;0
2;11/02/2012;0;0;0;0;9;33;147;63;312;401;331;337;123;124;14;0;0;0;0
2;12/02/2012;0;0;0;0;1;9;40;82;70;50;49;41;18;10;0;0;0;0;0
2;13/02/2012;0;0;0;0;1;14;50;267;496;310;277;175;207;102;9;0;0;0;0
2;14/02/2012;0;0;0;0;6;50;80;67;145;116;98;65;41;17;0;0;0;0;0
2;15/02/2012;0;0;0;0;8;118;379;494;552;577;548;500;306;150;19;0;0;0;0
2;16/02/2012;0;0;0;0;0;11;107;159;75;483;166;267;188;79;11;0;0;0;0
2;17/02/2012;0;0;0;0;17;203;204;409;575;548;579;507;361;188;20;0;0;0;0
2;18/02/2012;19;367;0;0;0;0;30;205;473;536;503;517;285;158;108;0;0;0;0
2;19/02/2012;37;308;384;0;0;0;0;23;175;124;250;248;389;73;5;0;0;0;0
2;20/02/2012;0;219;0;0;0;0;6;59;257;322;296;405;160;44;29;12;0;0;0
2;21/02/2012;12;20;0;0;0;0;0;69;77;70;55;37;25;26;3;0;0;0;0
2;22/02/2012;0;0;0;0;24;84;143;233;295;290;270;26;8;1;0;0;0;0;0
2;23/02/2012;0;0;0;0;6;41;111;200;87;285;171;67;69;23;0;0;0;0;231
2;24/02/2012;0;0;0;0;44;132;360;498;572;593;568;506;377;205;31;0;0;0;0
2;25/02/2012;0;0;0;0;52;241;394;495;551;551;537;489;365;195;31;0;0;0;0
2;26/02/2012;0;0;0;0;14;171;346;476;533;384;202;330;247;20;2;0;0;0;0
2;27/02/2012;40;211;0;0;0;0;47;71;228;276;240;357;325;385;403;0;0;0;0
2;28/02/2012;0;0;0;0;27;58;372;375;464;374;413;414;365;195;30;0;0;0;0
2;29/02/2012;443;0;0;0;0;44;83;200;437;606;580;517;383;207;38;0;0;0;0
2;01/03/2012;623;219;397;527;604;0;0;0;0;67;249;400;533;595;49;0;0;0;0
2;02/03/2012;499;0;0;75;248;406;565;587;564;495;368;203;41;0;0;0;0;0;0
2;03/03/2012;183;0;0;0;0;75;248;394;492;545;558;522;461;345;37;0;0;0;0
2;04/03/2012;0;0;0;0;42;141;348;457;524;528;476;409;298;142;30;0;0;0;0
2;05/03/2012;0;0;0;0;18;151;346;485;558;311;287;106;136;77;10;0;0;0;0
2;06/03/2012;0;0;0;2;102;284;365;435;329;385;564;343;192;55;3;0;0;0;0
2;07/03/2012;0;0;0;2;115;284;346;369;287;204;266;153;160;67;10;0;0;0;0
2;08/03/2012;0;0;0;0;8;33;4;258;45;33;94;108;51;14;0;0;0;0;0
2;09/03/2012;0;0;0;0;22;67;194;215;211;52;67;110;70;32;6;0;0;0;0
2;10/03/2012;0;0;0;3;30;36;105;138;215;306;119;117;26;27;6;0;0;0;0
2;11/03/2012;0;0;0;5;50;133;360;320;476;472;311;170;186;51;22;0;0;0;0
2;12/03/2012;0;0;0;0;0;0;6;49;182;163;116;121;132;360;175;313;60;21;0
2;13/03/2012;0;0;0;13;146;332;482;570;611;600;591;508;360;154;33;0;0;0;0
2;14/03/2012;0;0;0;6;27;321;344;304;342;300;526;345;302;182;33;0;0;0;0
2;15/03/2012;0;0;0;11;154;331;470;514;605;611;578;493;346;180;34;0;0;0;0
2;16/03/2012;0;0;0;19;163;338;465;544;582;579;543;469;334;170;33;0;0;0;0
2;17/03/2012;0;0;0;20;157;333;458;527;577;585;554;480;348;183;35;0;0;0;0
2;18/03/2012;0;0;0;19;161;336;468;561;600;595;556;477;323;170;31;0;0;0;0
2;19/03/2012;0;0;0;34;114;312;360;515;551;573;519;464;314;160;34;1;0;0;0
2;20/03/2012;0;0;0;25;162;314;466;546;584;567;499;381;267;152;36;0;0;0;0
2;21/03/2012;0;0;0;0;30;129;458;545;583;574;551;467;332;169;32;0;0;0;0
2;22/03/2012;0;0;0;16;173;329;457;538;572;568;530;471;335;165;31;0;0;0;0
2;23/03/2012;0;0;0;6;42;74;173;304;438;378;306;362;269;119;24;0;0;0;0
2;24/03/2012;0;0;0;24;169;239;351;476;538;255;233;213;14;31;50;0;0;0;0
2;25/03/2012;0;0;0;16;96;293;421;515;546;573;554;469;305;168;33;0;0;0;0
2;26/03/2012;0;0;0;25;147;303;441;543;599;594;576;494;355;187;44;1;0;0;0
2;27/03/2012;0;0;0;40;189;361;490;581;595;584;581;501;354;188;43;2;0;0;0
2;28/03/2012;0;0;0;36;166;336;467;560;599;592;578;497;358;189;45;0;0;0;0
2;29/03/2012;0;0;0;40;183;345;471;552;585;576;546;458;324;167;41;0;0;0;0
2;30/03/2012;0;0;0;39;139;360;481;548;576;586;549;425;332;166;26;1;0;0;0
2;31/03/2012;0;0;0;41;183;340;458;536;574;566;542;464;330;123;29;0;0;0;0
2;01/04/2012;0;0;0;45;201;360;481;562;599;492;580;309;197;109;21;0;0;0;0
2;02/04/2012;0;0;0;50;205;361;481;561;592;582;562;479;312;187;43;1;0;0;0
2;03/04/2012;0;0;0;31;160;232;423;576;599;604;534;478;261;93;14;1;0;0;0
2;04/04/2012;0;0;0;13;76;172;143;226;385;576;533;357;287;156;31;1;0;0;0
2;05/04/2012;0;0;0;32;140;166;167;228;209;209;185;97;77;45;24;2;0;0;0
2;06/04/2012;0;0;0;42;193;316;242;349;223;387;366;290;121;26;1;0;359;0;0
2;07/04/2012;0;0;0;30;133;169;66;141;86;6;101;200;45;69;21;3;0;0;0
2;08/04/2012;0;0;0;8;38;79;306;259;315;441;482;393;105;99;36;3;0;0;0
2;09/04/2012;0;0;0;22;128;49;140;446;517;383;597;460;383;200;52;3;0;0;0
2;10/04/2012;0;0;0;3;65;241;411;536;607;600;591;583;504;365;191;51;2;0;0
2;11/04/2012;0;0;0;18;88;66;35;229;342;553;394;471;363;188;40;3;0;0;0
2;12/04/2012;0;0;3;70;243;405;518;593;620;466;509;151;239;77;14;3;0;0;0
2;13/04/2012;0;0;0;12;57;64;75;40;53;60;103;140;59;87;6;0;0;0;0
2;14/04/2012;0;0;0;75;185;190;194;308;369;497;471;114;13;0;15;1;0;0;0
2;15/04/2012;0;39;191;390;339;579;421;304;112;262;264;54;56;3;0;0;0;3;0
2;16/04/2012;0;0;0;25;14;134;45;185;222;164;119;21;24;6;0;0;0;0;60
2;17/04/2012;0;0;2;49;108;183;133;180;163;302;201;106;114;94;36;0;0;0;0
2;18/04/2012;0;0;4;54;96;241;304;411;624;596;575;487;198;53;9;1;0;0;0
2;19/04/2012;0;0;0;11;72;113;125;464;121;279;166;129;83;114;38;6;0;0;0
2;20/04/2012;402;0;0;3;42;271;418;488;405;331;204;102;51;48;24;3;0;0;0
2;21/04/2012;0;0;6;86;264;369;295;453;405;413;546;441;263;100;55;6;0;0;0
2;22/04/2012;553;118;0;0;23;79;207;358;543;499;533;443;334;90;39;3;0;0;0
2;23/04/2012;0;0;3;44;117;341;391;308;565;168;116;82;116;90;33;2;0;0;0
2;24/04/2012;0;0;503;460;0;0;9;76;249;404;590;607;583;538;359;172;64;7;0
2;25/04/2012;489;0;0;4;94;268;417;493;590;573;550;497;361;189;55;6;0;0;0
2;26/04/2012;0;0;9;93;262;414;520;577;596;589;558;473;349;197;55;6;0;0;0
2;27/04/2012;0;0;11;99;261;405;508;572;602;601;562;431;350;196;55;7;0;0;0
2;28/04/2012;0;0;10;93;254;401;509;573;599;591;546;459;339;186;54;5;0;0;0
2;29/04/2012;0;0;17;112;189;317;478;540;570;555;505;445;306;127;63;13;0;0;0
2;30/04/2012;186;0;0;12;94;149;297;334;383;379;589;531;453;266;51;10;0;0;0
2;01/05/2012;566;97;0;0;12;245;383;477;538;567;533;451;328;183;55;6;0;0;0
2;02/05/2012;0;15;93;242;380;479;537;572;562;520;463;301;174;56;7;0;0;0;0
2;03/05/2012;543;0;0;57;338;190;464;577;386;0;0;18;88;228;545;9;0;487;586
2;04/05/2012;358;554;574;493;348;258;12;101;0;0;550;561;485;207;67;11;0;0;0
2;05/05/2012;0;275;0;0;14;93;219;359;407;518;473;552;521;474;199;69;12;0;0
2;06/05/2012;67;224;378;0;0;18;84;372;381;137;418;209;308;205;140;17;0;0;0
2;07/05/2012;26;200;0;0;0;78;172;307;381;552;346;307;162;80;53;12;0;0;0
2;08/05/2012;0;0;20;112;249;361;471;526;433;397;338;459;350;203;70;10;0;0;0
2;09/05/2012;0;0;12;87;279;372;504;571;603;553;564;487;360;207;68;9;0;0;0
2;10/05/2012;0;0;11;93;243;394;504;569;592;592;557;479;356;206;69;12;0;0;0
2;11/05/2012;0;0;15;93;241;380;475;548;580;579;544;465;342;199;67;12;0;0;0
2;12/05/2012;0;0;15;95;241;374;472;539;572;568;541;461;337;196;88;24;0;0;0
2;13/05/2012;0;0;22;96;224;373;467;521;545;551;520;455;323;186;65;13;0;0;0
2;14/05/2012;0;0;6;30;31;78;90;54;35;161;111;181;45;110;70;15;0;0;0
2;15/05/2012;0;0;15;74;144;339;346;196;298;167;123;122;149;138;66;12;0;0;0
2;16/05/2012;0;0;18;103;266;403;498;570;550;508;566;494;374;240;71;12;0;0;0
2;17/05/2012;0;0;18;21;62;103;107;116;49;75;148;381;374;209;82;20;0;0;0
2;18/05/2012;0;0;21;114;271;324;535;558;589;575;564;499;337;191;51;21;0;0;0
2;19/05/2012;0;0;21;109;264;406;505;562;590;588;555;478;354;209;74;16;0;0;0
2;20/05/2012;0;0;24;102;249;373;478;533;495;470;317;265;180;111;39;16;0;0;0
2;21/05/2012;0;0;6;92;212;365;491;553;585;516;538;462;344;205;45;3;0;0;0
2;22/05/2012;0;0;24;103;119;416;511;522;558;453;327;124;214;88;27;15;0;0;0
2;23/05/2012;0;70;18;0;0;0;0;0;22;91;250;293;328;403;287;547;577;505;137
2;24/05/2012;0;0;6;45;148;262;259;287;494;576;554;495;333;193;83;24;1;0;0
2;25/05/2012;0;1;32;61;130;238;550;535;291;352;307;277;215;178;84;19;0;0;0
2;26/05/2012;0;1;45;104;89;182;348;495;262;267;145;402;165;87;33;12;0;0;0
2;27/05/2012;0;0;19;55;226;381;347;372;388;389;218;454;330;192;82;17;0;0;0
2;28/05/2012;0;0;21;104;251;302;436;552;428;457;215;162;62;84;48;12;0;0;0
2;29/05/2012;0;0;21;103;253;389;485;549;407;512;497;422;226;193;80;15;1;0;0
2;30/05/2012;0;0;22;101;251;387;493;564;587;588;544;484;358;213;78;16;0;0;0
2;31/05/2012;0;0;24;102;242;368;458;440;106;86;248;455;337;190;73;21;1;0;0
2;01/06/2012;0;0;21;103;239;373;469;516;538;468;256;198;279;220;57;20;1;0;0
2;02/06/2012;0;0;21;99;245;370;422;638;537;552;531;461;345;206;76;18;1;0;0
2;03/06/2012;0;0;21;97;239;366;463;518;551;554;522;458;342;198;83;22;1;0;0
2;04/06/2012;0;0;19;104;252;385;418;503;567;408;270;138;167;177;59;26;0;0;0
2;05/06/2012;0;0;15;103;257;392;472;555;586;589;552;491;351;217;84;18;1;0;0
2;06/06/2012;0;0;17;103;256;393;490;552;584;581;547;480;359;202;77;15;1;0;0
2;07/06/2012;0;0;21;98;236;369;471;445;546;560;522;447;336;209;78;17;0;0;0
2;08/06/2012;0;0;21;98;239;367;460;515;533;537;514;450;341;209;80;20;1;0;0
2;09/06/2012;0;0;18;97;239;355;454;498;533;537;433;318;332;198;87;30;3;0;0
2;10/06/2012;0;0;28;59;221;357;317;489;544;511;283;360;341;181;91;60;4;0;0
2;11/06/2012;0;0;7;103;213;374;383;399;551;556;468;127;58;183;76;17;2;0;0
2;12/06/2012;0;0;19;94;245;361;442;517;548;551;263;251;305;209;82;18;1;0;0
2;13/06/2012;0;0;4;125;254;391;487;536;573;524;542;479;358;215;70;18;2;0;0
2;14/06/2012;0;0;21;98;245;383;481;551;571;572;543;473;356;214;86;18;3;0;0
2;15/06/2012;0;0;25;89;242;376;401;552;582;567;549;484;370;227;88;17;2;0;0
2;16/06/2012;0;0;18;96;247;382;484;545;575;571;540;464;354;219;86;16;1;0;0
2;17/06/2012;0;1;18;95;242;376;475;535;566;567;535;469;359;223;87;16;1;0;0
2;18/06/2012;0;0;19;94;238;368;463;485;560;562;534;465;352;218;85;17;2;0;0
2;19/06/2012;0;0;21;93;229;357;452;515;547;550;526;472;350;214;84;15;3;0;0
2;20/06/2012;0;0;19;93;271;374;461;519;547;550;528;465;349;150;100;21;3;0;0
2;21/06/2012;0;0;33;93;0;326;407;466;502;504;481;413;308;187;78;24;3;0;0
2;22/06/2012;0;0;19;90;224;356;454;504;490;472;457;441;223;209;84;18;3;0;0
2;23/06/2012;0;0;15;91;224;355;448;512;545;545;515;451;343;207;82;24;3;0;0
2;24/06/2012;0;0;22;89;223;349;447;335;364;550;517;446;337;206;46;26;0;0;0
2;25/06/2012;0;0;21;87;222;348;445;507;461;530;491;442;215;167;84;22;0;0;0
2;26/06/2012;0;0;15;88;224;352;446;508;544;545;515;448;339;207;83;20;2;0;0
2;27/06/2012;0;0;18;90;233;369;476;375;175;580;549;480;365;225;88;15;1;0;0
2;28/06/2012;0;0;15;89;233;365;462;527;704;557;531;468;358;220;86;15;0;0;0
2;29/06/2012;0;0;20;89;228;355;439;510;538;547;516;455;347;214;86;16;1;0;0
2;30/06/2012;0;0;20;87;220;346;441;501;533;533;505;445;340;209;84;20;1;0;0
2;01/07/2012;0;0;23;87;213;337;430;482;521;525;501;437;333;206;82;23;1;0;0
2;02/07/2012;0;0;18;86;213;330;420;480;309;163;194;271;215;112;48;18;0;0;0
2;03/07/2012;0;0;16;85;212;339;434;497;520;527;482;438;142;115;74;41;2;0;0
2;04/07/2012;0;0;23;85;211;331;421;485;522;522;498;436;333;184;38;25;3;0;0
2;05/07/2012;0;0;17;86;216;342;443;501;534;537;507;220;142;215;95;25;0;0;0
2;06/07/2012;0;0;22;92;213;335;435;495;513;534;505;315;103;46;44;21;0;0;0
2;07/07/2012;0;0;14;87;226;356;452;501;548;549;524;456;346;212;85;21;2;0;0
2;08/07/2012;0;0;21;86;223;345;454;515;551;554;525;458;356;222;88;18;2;0;0
2;09/07/2012;0;0;23;89;219;343;434;497;467;433;414;397;334;202;85;24;0;0;0
2;10/07/2012;0;0;19;86;215;338;433;498;528;534;515;455;345;210;83;19;1;0;0
2;11/07/2012;76;0;0;20;86;218;343;433;488;528;494;197;22;1;0;0;311;395;434
2;12/07/2012;0;251;0;0;15;86;220;347;431;499;224;268;249;185;150;95;19;0;0
2;13/07/2012;65;541;0;0;12;86;227;355;445;506;538;520;452;248;92;22;0;0;0
2;14/07/2012;0;357;0;0;12;82;222;448;503;534;540;517;449;344;209;80;18;2;0
2;15/07/2012;0;507;9;0;0;85;213;340;428;487;437;448;410;325;201;75;16;2;0
2;16/07/2012;368;0;0;7;83;231;470;538;468;569;485;451;354;218;89;18;0;0;0
2;17/07/2012;0;366;14;0;0;86;233;371;483;554;586;588;553;485;223;89;18;0;0
2;18/07/2012;16;582;0;0;12;78;221;361;474;542;579;553;491;380;235;94;1;0;0
2;19/07/2012;0;258;457;0;0;12;76;215;353;520;552;553;531;466;0;0;0;0;598
2;20/07/2012;536;76;0;0;12;213;341;439;503;534;512;448;348;213;86;19;0;0;0
2;21/07/2012;0;0;0;9;79;211;319;432;501;516;536;512;444;333;200;88;21;0;0
2;22/07/2012;72;77;0;0;20;196;285;382;501;431;497;471;498;185;34;4;0;0;0
2;23/07/2012;0;0;0;14;24;33;92;132;266;412;324;164;257;158;95;88;27;0;0
2;24/07/2012;24;293;0;0;0;12;12;29;123;180;213;472;262;320;10;0;0;0;0
2;25/07/2012;435;163;0;0;16;46;274;350;394;218;194;225;121;115;61;20;0;0;0
2;26/07/2012;512;0;0;13;73;209;344;414;540;561;531;464;353;218;86;16;0;0;0
2;27/07/2012;0;0;4;71;350;452;470;570;580;543;476;363;225;87;14;0;0;0;206
2;28/07/2012;0;0;6;69;210;346;452;532;554;554;531;463;351;214;84;21;0;0;0
2;29/07/2012;0;0;10;72;185;308;404;468;497;449;397;314;194;21;0;0;0;79;497
2;30/07/2012;0;0;6;67;202;340;443;513;547;556;530;359;222;85;15;0;0;0;469
2;31/07/2012;0;0;67;207;347;452;522;564;539;469;356;218;83;13;0;0;0;559;0
2;01/08/2012;0;0;6;68;192;420;507;544;546;519;456;350;218;83;0;0;0;16;328
2;02/08/2012;0;0;68;201;336;436;497;532;549;520;455;223;84;15;0;0;0;350;7
2;03/08/2012;0;0;4;67;201;336;433;491;523;508;429;336;211;93;28;0;0;0;528
2;04/08/2012;0;0;6;67;199;331;487;510;525;333;204;79;0;0;0;15;445;509;425
2;05/08/2012;69;194;320;415;476;418;198;18;0;0;0;75;320;487;506;508;0;6;0
2;06/08/2012;0;0;8;185;494;416;306;16;0;0;75;189;368;483;463;72;308;404;0
2;07/08/2012;415;476;518;415;8;0;0;310;513;202;18;70;183;478;80;0;0;0;322
2;08/08/2012;516;12;446;554;6;192;439;474;362;0;0;0;66;0;328;513;230;83;0
2;09/08/2012;0;206;547;457;365;523;0;82;0;0;0;229;68;344;0;452;516;553;9
2;10/08/2012;0;64;521;550;344;234;76;12;0;0;560;530;205;0;0;452;468;366;0
2;11/08/2012;0;0;330;163;199;0;0;13;0;82;355;472;214;0;27;219;116;453;221
2;12/08/2012;0;0;9;367;472;553;502;65;346;199;0;0;459;571;536;232;80;0;0
2;13/08/2012;451;0;0;298;0;11;65;209;34;521;534;366;54;186;0;0;7;101;369
2;14/08/2012;399;0;19;245;65;99;314;557;324;169;326;40;0;0;0;451;486;0;0
2;15/08/2012;0;0;4;0;10;83;512;341;439;528;523;330;431;64;198;0;0;493;188
2;16/08/2012;437;0;334;0;0;7;330;523;490;431;59;0;0;0;191;528;505;203;67
2;17/08/2012;217;72;355;520;549;324;0;0;0;55;195;441;515;550;457;7;0;0;0
2;18/08/2012;0;0;7;346;210;510;447;545;514;337;0;0;60;194;447;546;69;0;0
2;19/08/2012;7;509;442;62;0;0;0;194;336;529;441;0;540;507;0;0;207;67;340
2;20/08/2012;4;336;539;0;67;0;0;7;206;442;344;541;512;508;442;199;63;0;0
2;21/08/2012;3;430;483;431;200;68;5;0;0;0;516;336;520;493;333;193;59;0;0
2;22/08/2012;3;322;6;427;0;0;0;62;192;510;495;188;521;480;419;321;61;0;0
2;23/08/2012;199;520;4;64;0;0;201;335;417;467;488;524;332;1;60;0;0;0;432
2;24/08/2012;430;491;527;433;334;5;0;0;0;195;61;511;481;197;0;0;58;330;0
2;25/08/2012;414;0;0;342;524;492;441;0;525;261;27;476;0;325;192;56;0;0;4
2;26/08/2012;530;501;490;529;191;157;35;0;0;444;0;60;422;0;0;0;0;203;345
2;27/08/2012;0;60;244;0;203;522;452;0;565;0;543;0;3;219;61;545;370;481;0
2;28/08/2012;3;0;473;0;0;58;215;365;578;207;578;544;472;363;62;0;3;0;545
2;29/08/2012;469;0;56;2;208;353;458;556;62;360;212;1;0;0;532;557;523;0;0
2;30/08/2012;0;0;53;451;342;546;453;0;201;58;0;0;348;520;549;516;200;1;0
2;31/08/2012;198;3;528;498;435;336;55;532;0;0;0;501;322;52;0;0;0;188;432
2;01/09/2012;0;57;377;518;195;0;0;0;5;0;0;21;419;280;382;321;192;0;0
2;02/09/2012;133;260;0;0;0;323;0;25;123;177;207;345;0;84;202;182;37;0;0
2;03/09/2012;0;0;0;0;210;75;203;151;127;33;209;22;181;204;74;1;0;23;0
2;04/09/2012;31;139;330;0;0;212;370;0;0;0;51;285;349;52;168;52;23;0;0
2;05/09/2012;0;0;0;68;23;408;320;464;214;0;0;0;55;361;496;459;140;16;0
2;06/09/2012;303;212;228;53;862004;0;196;0;349;396;205;30;0;0;0;0;78;197;83
2;07/09/2012;169;1;237;0;296;324;39;415;470;542;565;0;0;0;0;178;51;0;437
2;08/09/2012;0;55;535;0;0;0;0;334;183;563;526;448;564;361;0;0;468;41;208
2;09/09/2012;0;52;0;518;547;457;353;207;0;0;0;546;0;0;56;193;192;515;375
2;10/09/2012;298;533;41;0;0;25;147;419;249;525;435;166;0;0;0;491;0;502;0
2;11/09/2012;0;0;307;331;0;0;21;436;155;426;523;518;0;0;190;498;494;47;0
2;12/09/2012;308;485;522;0;524;456;415;49;50;31;0;0;0;0;0;422;0;159;44
2;13/09/2012;0;0;0;0;204;151;39;328;372;190;114;78;252;27;44;0;18;0;0
2;14/09/2012;0;0;0;0;53;266;463;506;393;434;90;22;277;215;0;138;0;0;0
2;15/09/2012;450;460;0;0;0;32;343;96;516;426;424;310;175;0;37;146;0;0;0
2;16/09/2012;0;0;0;0;190;41;387;367;354;450;463;373;422;0;307;127;27;0;0
2;17/09/2012;47;0;0;0;197;348;457;550;506;520;561;433;303;154;24;0;0;0;0
2;18/09/2012;313;0;0;0;45;202;186;143;246;380;322;259;200;24;148;0;0;0;0
2;19/09/2012;0;0;177;0;53;465;326;423;419;450;210;426;0;68;30;12;0;0;0
2;20/09/2012;11;0;0;0;95;280;241;328;318;280;280;362;263;158;0;0;22;0;0
2;21/09/2012;547;478;0;0;0;48;367;210;160;570;580;524;321;446;0;20;0;0;0
2;22/09/2012;0;0;199;0;523;48;347;441;497;415;517;476;0;288;133;16;0;0;0
2;23/09/2012;389;37;0;0;0;151;0;292;1066;468;516;507;125;270;0;0;15;0;0
2;24/09/2012;437;0;0;0;29;332;174;493;506;498;453;110;286;0;86;14;0;0;0
2;25/09/2012;0;0;83;0;0;44;75;285;367;124;119;143;220;165;16;130;0;0;0
2;26/09/2012;14;0;0;0;115;163;220;360;251;399;472;397;90;216;5;0;0;0;0
2;27/09/2012;453;367;0;0;143;36;0;35;503;498;448;184;373;113;24;0;0;0;0
2;28/09/2012;0;0;128;233;0;0;18;319;231;389;355;490;431;202;9;112;0;0;0
2;29/09/2012;29;0;0;0;422;166;315;455;481;514;498;393;51;172;0;9;0;0;0
2;30/09/2012;170;0;106;0;0;27;41;500;303;238;452;501;370;70;0;0;0;0;0
2;01/10/2012;0;0;0;8;59;68;281;102;198;460;466;0;318;307;5;111;0;0;0
2;02/10/2012;0;0;0;170;17;432;220;321;488;429;197;24;139;192;0;2;0;0;0
2;03/10/2012;438;0;0;324;0;27;175;407;514;420;236;192;375;98;0;9;0;0;0
2;04/10/2012;392;267;107;0;5;0;0;0;0;0;0;31;500;182;331;439;528;468;470
2;05/10/2012;267;0;0;29;0;437;181;329;498;483;526;400;480;104;0;4;0;0;0
2;06/10/2012;0;0;0;184;32;433;259;330;495;521;516;388;474;99;0;0;3;0;0
2;07/10/2012;0;0;0;173;27;424;155;323;420;466;471;249;258;0;0;48;3;0;0
2;08/10/2012;0;0;0;365;12;0;137;394;317;362;523;474;0;91;195;2;0;0;0
2;09/10/2012;5;0;0;0;11;365;88;136;398;488;12;346;269;0;16;0;0;0;0
2;10/10/2012;237;0;0;204;0;5;44;99;237;204;305;251;196;53;0;1;0;0;0
2;11/10/2012;381;0;0;0;0;327;12;117;140;290;376;450;445;125;0;29;0;0;0
2;12/10/2012;206;198;59;131;1;52;107;31;35;118;0;0;0;0;80;23;0;0;0
2;13/10/2012;0;0;0;8;91;368;271;402;103;205;164;0;102;13;153;0;0;0;0
2;14/10/2012;9;0;0;186;12;0;0;221;0;0;8;0;0;92;296;431;421;491;467
2;15/10/2012;113;165;0;6;394;18;0;324;0;0;0;0;0;251;175;19;205;293;121
2;16/10/2012;79;100;280;157;386;249;0;314;0;0;0;259;0;0;0;172;2;372;0
2;17/10/2012;122;438;307;62;450;366;235;1;0;0;0;0;0;0;0;498;18;530;507
2;18/10/2012;461;0;0;0;0;0;0;512;173;15;434;329;494;243;379;503;64;0;0
2;19/10/2012;376;0;6;0;0;156;268;428;466;521;505;515;237;61;0;0;0;0;0
2;20/10/2012;112;0;0;0;12;210;164;418;534;464;522;228;376;55;0;0;0;0;0
2;21/10/2012;0;465;0;0;0;0;162;0;13;528;320;428;488;506;367;51;230;0;0
2;22/10/2012;0;0;0;146;6;402;311;444;486;510;492;349;32;0;205;0;0;0;0
2;23/10/2012;0;152;0;0;3;0;56;294;458;457;192;482;435;336;0;40;0;0;0
2;24/10/2012;110;0;0;0;0;6;440;235;379;465;385;454;292;30;150;0;0;0;0
2;25/10/2012;397;0;0;0;1;59;108;312;281;449;762;15;220;115;0;0;0;0;0
2;26/10/2012;264;0;0;0;116;4;477;281;432;93;439;463;272;28;0;0;0;0;0
2;27/10/2012;0;392;0;0;0;0;0;0;116;6;6;247;22;441;130;0;72;18;0
2;28/10/2012;0;0;0;0;83;55;100;90;90;128;269;34;78;0;16;0;0;0;0
2;29/10/2012;0;314;0;0;17;1;438;507;532;151;46;403;0;15;95;0;0;0;0
2;30/10/2012;0;0;6;0;490;0;151;327;443;529;0;458;454;273;155;19;0;0;0
2;31/10/2012;0;0;0;0;19;121;214;71;114;66;76;42;18;0;0;0;0;0;0
2;01/11/2012;0;464;123;360;0;323;0;0;0;510;371;358;378;25;155;0;0;0;0
2;02/11/2012;0;0;1;14;0;0;293;114;313;475;365;497;353;271;7;188;0;0;0
2;03/11/2012;0;0;0;187;3;135;445;295;466;484;333;74;239;0;20;0;0;0;0
2;04/11/2012;0;219;188;0;53;0;0;0;159;144;32;219;237;70;9;0;0;0;0
2;05/11/2012;0;0;0;95;56;102;61;14;26;78;16;38;1;0;84;0;0;0;0
2;06/11/2012;0;0;135;211;0;0;68;340;375;423;0;212;121;241;9;0;0;0;0
2;07/11/2012;47;0;0;32;0;0;203;90;369;212;125;159;71;9;0;0;0;0;0
2;08/11/2012;0;1060;0;0;0;0;0;422;104;0;299;0;491;517;57;347;172;10;0
2;09/11/2012;0;0;386;0;2;100;283;393;484;462;428;333;154;10;0;0;0;0;0
2;10/11/2012;98;0;0;0;0;454;262;371;468;395;144;295;0;108;0;18;0;0;0
2;11/11/2012;102;0;0;0;24;0;0;63;175;225;261;280;142;3;89;0;0;0;0
2;12/11/2012;0;0;66;346;0;0;25;169;247;210;179;276;120;14;0;0;0;0;0
2;13/11/2012;0;12;0;0;0;272;52;108;134;98;69;15;42;0;0;0;0;0;0
2;14/11/2012;0;0;0;0;337;0;63;223;3;368;372;299;246;191;58;0;0;0;0
2;15/11/2012;0;0;0;0;0;48;23;20;27;2;41;22;2;0;0;0;0;0;0
2;16/11/2012;45;0;0;0;0;7;7;28;35;41;17;0;2;15;0;0;0;0;0
2;17/11/2012;0;0;0;0;41;0;45;26;71;1;197;141;46;40;18;0;0;0;0
2;18/11/2012;0;0;75;51;0;0;35;70;79;105;22;10;0;6;0;0;0;0;0
2;19/11/2012;0;10;0;0;0;34;14;62;80;23;26;6;0;0;28;0;0;0;0
2;20/11/2012;0;0;0;0;0;0;4;35;104;69;44;160;0;89;26;3;0;0;0
2;21/11/2012;0;0;0;0;0;108;0;0;279;0;143;70;11;0;0;0;0;0;0
2;22/11/2012;0;226;8;0;0;0;0;354;187;375;258;166;81;29;0;0;0;0;0
2;23/11/2012;15;0;0;0;0;58;90;0;3;102;65;190;142;82;50;0;0;0;0
2;24/11/2012;0;0;0;11;136;0;167;193;115;122;223;194;5;0;70;0;0;0;0
2;25/11/2012;36;0;0;0;0;0;0;198;339;205;338;320;221;73;3;102;0;0;0
2;26/11/2012;0;364;36;215;414;0;0;0;0;0;437;471;398;3;300;109;0;0;0
2;27/11/2012;38;0;0;0;0;325;192;310;299;91;305;0;136;38;2;0;0;0;0
2;28/11/2012;0;0;0;0;4;42;83;90;58;105;130;101;48;2;0;0;0;0;0
2;29/11/2012;4;0;0;0;124;0;15;421;439;189;442;260;37;276;0;0;0;0;0
2;30/11/2012;0;383;0;0;0;39;242;463;333;777;0;60;235;16;0;0;0;0;0
2;01/12/2012;29;0;0;0;0;389;203;428;371;389;381;0;246;0;52;0;0;0;0
2;02/12/2012;61;286;0;0;0;0;0;0;0;21;3;0;366;444;474;341;26;0;0
2;03/12/2012;496;0;0;0;0;3;307;111;155;429;251;283;93;0;101;0;0;0;0
2;04/12/2012;0;0;0;0;26;190;366;422;381;424;0;192;154;0;27;0;0;0;0
2;05/12/2012;0;0;0;0;0;15;370;185;476;461;28;486;439;211;0;0;0;0;0
2;06/12/2012;0;0;0;0;177;18;472;381;191;196;80;0;288;36;5;0;0;0;0
2;07/12/2012;0;0;0;0;371;18;184;464;0;66;1085;428;288;112;4;0;0;0;0
2;08/12/2012;10;0;0;0;0;0;66;15;1;8;18;117;34;32;0;0;0;0;0
2;09/12/2012;0;0;150;0;0;0;52;121;222;41;22;5;24;0;0;0;0;0;0
2;10/12/2012;0;0;0;0;13;171;461;362;493;494;3;429;122;34;0;0;0;0;0
2;11/12/2012;0;0;0;5;0;0;364;118;515;469;508;450;295;0;1;0;0;0;0
2;12/12/2012;0;0;0;0;278;7;87;201;0;95;74;169;20;196;3;0;0;0;0
2;13/12/2012;0;0;0;0;174;12;368;392;440;429;348;227;33;0;0;0;0;0;0
2;14/12/2012;0;0;0;0;0;0;24;128;258;229;25;320;86;324;0;0;0;0;0
2;15/12/2012;0;0;0;0;6;50;16;30;38;57;77;0;37;6;0;0;0;0;0
2;16/12/2012;0;0;0;0;0;27;52;80;179;132;88;53;57;0;1;0;0;0;0
2;17/12/2012;0;0;0;0;0;0;9;13;60;115;209;121;44;73;0;0;0;0;0
2;18/12/2012;0;427;0;0;0;6;95;94;368;324;295;222;0;102;6;0;0;0;0
2;19/12/2012;0;0;0;0;0;0;2;104;21;105;30;23;35;6;0;0;0;0;0
2;20/12/2012;0;505;48;0;0;0;0;266;354;108;441;260;6;3;0;0;0;0;0
2;21/12/2012;41;0;0;70;0;0;0;10;0;33;40;72;50;6;0;0;0;0;0
2;22/12/2012;402;0;0;0;0;0;0;24;57;106;0;316;35;20;5;0;0;0;0
2;23/12/2012;0;362;96;0;0;136;0;8;0;220;655;474;470;265;0;3;0;0;0
2;24/12/2012;0;0;0;7;0;305;133;404;435;431;6;259;102;0;0;0;0;0;388
2;25/12/2012;0;0;39;0;0;0;474;91;408;0;472;420;260;3;78;0;0;0;0
2;26/12/2012;5;0;3;478;0;0;59;207;169;0;102;434;0;0;0;0;0;420;0
2;27/12/2012;1;0;0;0;0;18;200;302;0;0;123;6;0;291;301;126;428;0;0
2;28/12/2012;70;61;0;0;0;11;3;37;0;0;57;76;155;0;0;0;140;0;39
2;29/12/2012;0;0;127;1;242;168;123;383;0;0;0;0;0;326;0;256;4;0;0
2;30/12/2012;0;0;0;425;0;470;189;7;106;5;0;127;306;0;0;0;472;396;0
2;31/12/2012;8;66;410;0;202;130;0;5;0;0;0;477;313;430;478;0;0;0;0
3;01/01/2012;109;0;0;239;511;0;94;4;0;0;287;0;460;3;0;508;0;0;447
3;02/01/2012;0;240;0;3;109;440;286;0;455;503;0;499;4;0;90;0;0;0;0
3;03/01/2012;108;290;451;496;455;410;204;56;4;0;0;0;0;0;0;0;0;0;4
3;04/01/2012;4;223;0;0;0;439;0;0;0;0;497;3;456;290;51;0;108;505;0
3;05/01/2012;433;371;265;73;4;0;0;0;0;0;0;0;0;0;5;105;292;433;389
3;06/01/2012;0;0;0;0;0;4;14;19;21;63;65;79;27;4;0;0;0;0;0
3;07/01/2012;0;0;0;0;0;0;0;0;0;0;0;0;0;0;3;78;145;182;223
3;08/01/2012;293;0;0;0;468;0;254;0;0;0;0;213;6;303;107;0;110;5;520
3;09/01/2012;0;0;0;0;2;11;22;43;51;180;161;59;7;3;0;0;0;0;0
3;10/01/2012;0;0;0;0;4;105;164;344;139;68;132;197;98;15;0;0;0;0;0
3;11/01/2012;0;0;0;0;1;23;59;40;104;143;206;50;25;0;0;0;0;0;0
3;12/01/2012;0;0;0;0;6;79;171;479;307;359;493;312;107;7;0;0;0;0;0
3;13/01/2012;0;0;172;0;0;12;110;304;518;525;464;333;114;6;0;0;0;0;0
3;14/01/2012;0;0;0;0;175;107;0;268;8;235;132;245;115;25;1;0;0;0;0
3;15/01/2012;488;184;289;29;1;0;0;0;0;0;0;0;0;188;11;128;0;252;268
3;16/01/2012;0;0;312;0;0;0;0;432;269;185;27;0;0;0;111;307;120;373;11
3;17/01/2012;0;0;0;0;0;10;44;40;322;506;52;30;16;9;0;0;0;0;0
3;18/01/2012;0;0;0;0;0;0;73;184;211;108;172;277;235;184;65;1;0;0;0
3;19/01/2012;0;0;0;0;1;67;246;445;473;520;509;431;221;67;1;0;0;0;0
3;20/01/2012;0;0;0;0;0;27;244;410;325;239;93;55;73;37;0;0;0;0;0
3;21/01/2012;0;0;0;0;0;38;151;106;405;520;514;446;278;59;1;0;0;0;0
3;22/01/2012;0;0;0;0;0;77;289;460;534;521;486;415;270;73;2;0;0;0;0
3;23/01/2012;0;0;0;0;0;81;299;455;519;538;512;430;242;57;0;0;0;0;0
3;24/01/2012;0;0;0;0;1;40;263;388;470;546;107;195;40;10;0;0;0;0;0
3;25/01/2012;0;0;0;0;0;61;234;211;59;89;264;235;133;15;0;0;0;0;0
3;26/01/2012;0;0;0;0;2;75;296;476;459;184;162;106;34;42;0;0;0;0;0
3;27/01/2012;0;0;62;0;0;1;300;423;501;427;504;481;333;88;1;0;0;0;0
3;28/01/2012;97;22;0;0;0;0;419;2;87;475;218;358;306;0;0;0;0;0;278
3;29/01/2012;0;1;48;151;283;117;49;28;0;0;0;0;0;103;96;194;0;0;0
3;30/01/2012;0;97;0;0;0;0;0;0;104;114;0;0;97;32;26;5;48;0;73
3;31/01/2012;42;29;8;0;0;0;0;0;0;0;0;0;0;102;81;37;24;37;27
3;01/02/2012;33;0;0;4;0;0;24;0;32;11;39;0;326;77;4;0;312;0;0
3;02/02/2012;0;0;0;0;3;96;300;335;391;115;134;103;106;6;0;0;0;0;0
3;03/02/2012;0;0;0;0;2;39;51;44;145;84;89;96;61;8;0;0;0;0;0
3;04/02/2012;0;0;0;0;1;22;52;81;124;233;321;423;326;68;6;0;0;0;0
3;05/02/2012;0;0;0;0;0;5;134;349;452;189;350;246;107;102;4;0;0;0;0
3;06/02/2012;0;0;0;0;0;6;17;8;16;19;17;26;15;1;0;0;0;0;0
3;07/02/2012;0;0;0;0;0;0;0;0;0;0;0;0;0;0;0;0;0;0;0
3;08/02/2012;0;0;0;0;0;6;20;50;47;33;54;45;38;16;1;0;0;0;0
3;09/02/2012;0;0;0;0;0;0;3;26;59;114;197;101;158;31;2;0;0;0;0
3;10/02/2012;0;0;0;0;3;51;92;75;67;94;119;44;27;18;1;0;0;0;0
3;11/02/2012;0;0;0;0;7;43;174;85;487;445;304;188;166;147;16;0;0;0;0
3;12/02/2012;0;0;0;0;0;10;47;122;64;50;54;44;18;17;0;0;0;0;0
3;13/02/2012;0;0;0;0;0;19;71;456;551;341;449;273;177;113;6;0;0;0;0
3;14/02/2012;0;0;0;0;10;45;76;67;196;142;100;75;48;26;0;0;0;0;0
3;15/02/2012;0;0;0;0;10;172;404;535;600;616;585;514;337;170;17;0;0;0;0
3;16/02/2012;0;0;0;0;0;15;112;173;77;523;336;454;220;57;12;0;0;0;0
3;17/02/2012;0;0;0;0;14;156;395;555;540;599;606;469;393;198;16;0;0;0;0
3;18/02/2012;0;0;0;0;16;99;0;230;334;533;483;554;513;392;215;22;0;0;0
3;19/02/2012;0;0;0;0;5;41;90;283;356;465;260;131;165;24;0;0;0;0;245
3;20/02/2012;0;0;0;0;14;37;36;177;398;345;388;318;250;66;5;0;0;0;0
3;21/02/2012;0;0;0;0;0;0;0;0;0;0;0;0;0;0;0;0;0;0;0
3;22/02/2012;0;0;0;0;1;3;38;262;337;288;219;146;84;23;2;0;0;0;0
3;23/02/2012;0;0;0;0;20;104;71;234;257;106;213;10;0;153;41;0;0;0;0
3;24/02/2012;44;537;605;624;596;522;218;24;0;0;397;425;118;0;0;0;0;0;0
3;25/02/2012;413;526;576;209;26;0;0;597;252;0;0;585;506;330;0;0;0;0;50
3;26/02/2012;0;0;0;0;210;405;208;465;566;508;361;0;0;0;0;14;186;14;0
3;27/02/2012;0;0;37;245;448;377;371;228;65;0;0;0;0;63;416;212;400;0;0
3;28/02/2012;0;0;477;488;31;0;0;0;0;215;462;85;307;273;368;355;22;0;0
3;29/02/2012;406;223;74;38;0;0;0;0;0;0;336;45;187;609;536;536;0;640;0
3;01/03/2012;0;0;46;236;419;550;624;658;639;563;436;262;0;0;0;0;67;0;0
3;02/03/2012;390;41;545;511;0;0;0;0;600;264;429;588;77;0;0;0;0;218;620
3;03/03/2012;414;259;72;0;0;0;0;0;0;194;366;39;484;0;547;584;577;520;0
3;04/03/2012;430;0;139;0;0;0;323;34;489;45;0;183;537;0;0;513;565;1;363
3;05/03/2012;0;0;0;0;6;94;296;508;495;315;248;132;193;76;10;0;0;0;0
3;06/03/2012;0;0;0;2;107;297;365;422;377;301;557;414;88;53;1;0;0;0;0
3;07/03/2012;0;0;0;2;123;312;433;519;208;161;267;202;234;76;8;0;0;0;0
3;08/03/2012;0;0;0;0;2;18;86;152;66;31;75;194;36;10;0;0;0;0;0
3;09/03/2012;0;0;0;0;19;76;216;176;211;24;95;67;93;34;3;0;0;0;0
3;10/03/2012;0;0;0;3;28;49;110;150;225;311;133;132;26;25;6;0;0;0;0
3;11/03/2012;0;0;0;5;56;140;320;418;545;508;306;208;176;59;22;0;0;0;0
3;12/03/2012;0;0;0;0;0;0;4;35;277;161;95;119;179;359;148;214;53;25;0
3;13/03/2012;0;0;0;14;162;359;502;607;672;670;632;532;388;170;31;0;0;0;0
3;14/03/2012;0;0;0;7;28;341;405;311;397;370;364;447;321;184;33;0;0;0;0
3;15/03/2012;0;0;0;17;166;353;500;596;645;651;607;517;380;198;33;0;0;0;0
3;16/03/2012;0;0;0;19;176;359;496;585;624;623;590;500;364;190;32;0;0;0;0
3;17/03/2012;0;0;0;19;169;353;489;577;624;625;583;501;377;198;36;0;0;0;0
3;18/03/2012;0;0;0;20;176;350;497;595;647;644;588;490;332;190;33;0;0;0;0
3;19/03/2012;0;0;0;42;142;376;326;515;87;0;82;494;337;172;33;0;0;0;0
3;20/03/2012;0;0;0;32;163;317;490;589;635;600;544;375;287;164;37;0;0;0;0
3;21/03/2012;0;0;0;2;39;139;472;585;621;618;582;494;360;191;33;0;0;0;0
3;22/03/2012;0;0;0;19;173;351;489;575;602;604;543;490;359;185;32;0;0;0;0
3;23/03/2012;0;0;0;8;43;89;174;312;463;356;360;435;309;136;24;0;0;0;0
3;24/03/2012;0;0;0;27;166;241;381;535;509;362;227;164;6;119;47;0;0;0;0
3;25/03/2012;0;0;0;22;138;307;439;555;594;618;589;491;338;188;36;0;0;0;0
3;26/03/2012;0;0;0;30;159;324;471;582;642;658;614;520;389;212;46;0;0;0;0
3;27/03/2012;0;0;0;43;205;387;529;623;669;676;631;531;385;210;45;0;0;0;0
3;28/03/2012;0;0;0;38;190;368;506;594;654;661;615;532;389;212;47;0;0;0;0
3;29/03/2012;0;0;0;43;197;372;509;599;634;614;582;485;356;189;44;1;0;0;0
3;30/03/2012;0;0;0;43;160;387;518;591;627;631;584;401;285;181;30;0;0;0;0
3;31/03/2012;0;0;0;44;199;367;491;580;617;606;577;492;319;149;26;1;0;0;0
3;01/04/2012;0;0;0;49;217;386;518;607;642;620;512;248;249;87;16;0;0;0;0
3;02/04/2012;0;0;0;55;220;389;517;600;632;629;597;509;336;155;48;1;0;0;0
3;03/04/2012;0;0;1;32;141;310;408;615;657;650;572;505;361;121;23;0;0;0;0
3;04/04/2012;0;0;0;20;67;221;234;252;352;574;563;411;317;171;35;0;0;0;0
3;05/04/2012;0;0;0;16;74;78;85;113;81;97;93;55;42;24;12;1;0;0;0
3;06/04/2012;0;0;28;0;0;116;327;435;206;342;885124;279;149;0;0;0;22;103;181
3;07/04/2012;0;0;0;4;21;59;167;130;87;1;104;128;53;215;115;19;0;0;79
3;08/04/2012;0;0;0;2;53;101;101;390;477;352;471;359;413;76;42;9;0;0;0
3;09/04/2012;0;0;0;57;3;244;342;537;623;611;539;613;168;33;0;0;0;0;0
3;10/04/2012;0;0;0;2;677;57;221;541;403;630;690;660;577;447;267;2;77;0;0
3;11/04/2012;0;0;1;0;55;200;396;511;463;421;574;230;34;69;93;25;0;0;0
3;12/04/2012;0;0;0;2;12;83;340;414;521;673;647;630;436;563;265;79;2;0;0
3;13/04/2012;0;5;79;67;183;53;122;55;79;65;52;0;14;0;0;60;0;0;0
3;14/04/2012;0;0;0;1;14;95;0;10;400;276;345;319;189;207;260;78;4;0;0
3;15/04/2012;0;0;0;390;0;65;52;244;138;287;357;337;618;449;209;36;3;0;0
3;16/04/2012;0;0;0;0;3;24;26;140;122;175;257;237;134;158;14;27;2;0;0
3;17/04/2012;0;129;0;0;0;84;22;110;200;305;115;151;109;112;223;42;2;0;0
3;18/04/2012;435;0;0;0;1;8;50;240;647;533;689;709;498;319;58;101;6;0;0
3;19/04/2012;3;0;189;305;440;116;154;93;139;116;14;84;0;0;0;146;43;0;0
3;20/04/2012;67;109;30;4;0;0;0;59;0;0;3;45;460;309;344;511;448;246;179
3;21/04/2012;0;6;0;101;283;403;477;487;515;448;340;122;380;55;0;0;0;5;588
3;22/04/2012;2;0;0;0;36;88;350;523;478;577;612;519;282;377;122;89;24;0;0
3;23/04/2012;0;0;0;0;31;98;86;131;120;205;588;426;476;126;405;49;8;0;0
3;24/04/2012;205;0;0;0;6;72;498;396;539;548;649;599;637;435;227;0;0;10;0
3;25/04/2012;64;0;401;0;216;525;500;473;692;645;451;546;297;109;5;0;0;4;0
3;26/04/2012;0;0;0;3;61;229;391;519;596;644;630;655;560;450;292;111;11;0;0
3;27/04/2012;0;0;0;4;228;63;394;434;612;659;659;555;625;442;290;115;11;0;0
3;28/04/2012;498;0;108;283;555;4;625;641;589;0;379;220;62;439;654;0;0;0;12
3;29/04/2012;20;131;202;379;528;616;587;604;402;482;333;102;0;0;0;80;11;0;0
3;30/04/2012;0;0;0;9;216;57;311;502;583;610;492;431;372;319;179;107;17;0;0
3;01/05/2012;65;0;214;371;491;616;574;618;588;521;416;274;0;114;18;0;0;0;5
3;02/05/2012;6;64;0;0;363;479;106;606;619;536;582;205;419;521;0;269;16;0;0
3;03/05/2012;428;586;0;0;630;506;6;223;0;66;0;0;382;275;525;600;19;94;588
3;04/05/2012;76;243;400;524;598;638;578;603;540;383;291;117;17;0;0;0;0;0;7
3;05/05/2012;420;244;371;356;477;0;567;648;247;0;78;0;10;15;442;0;109;0;571
3;06/05/2012;446;222;241;99;24;0;0;0;0;195;71;17;378;151;405;402;338;0;159
3;07/05/2012;193;0;0;399;89;453;269;373;128;250;337;30;4;82;10;0;0;0;189
3;08/05/2012;0;0;26;146;279;397;520;386;374;375;381;515;389;239;80;8;0;0;0
3;09/05/2012;0;0;12;109;282;428;552;625;658;664;612;528;408;246;79;8;0;0;0
3;10/05/2012;0;0;14;111;282;436;552;618;650;644;603;521;402;244;80;10;0;0;0
3;11/05/2012;0;0;20;109;271;418;531;600;633;630;585;504;387;235;78;10;0;0;0
3;12/05/2012;0;0;17;111;270;415;517;591;625;619;582;501;378;233;96;23;0;0;0
3;13/05/2012;0;1;20;112;263;413;511;572;597;606;568;491;363;217;74;14;0;0;0
3;14/05/2012;0;0;9;35;43;92;98;47;35;124;116;211;116;124;88;12;0;0;0
3;15/05/2012;0;0;16;81;157;298;393;269;195;166;108;155;177;170;77;11;0;0;0
3;16/05/2012;0;0;18;123;300;447;556;623;289;574;624;541;422;270;66;7;0;0;0
3;17/05/2012;0;0;12;31;57;112;130;124;48;92;156;469;428;238;95;18;0;0;0
3;18/05/2012;0;0;19;125;303;428;579;671;693;687;632;532;387;229;59;22;0;0;0
3;19/05/2012;0;1;24;131;297;449;558;617;642;641;603;516;401;249;88;15;0;0;0
3;20/05/2012;0;1;26;122;281;408;519;578;528;497;335;284;193;119;39;15;0;0;0
3;21/05/2012;0;0;12;103;227;394;536;606;632;618;580;500;387;242;51;2;0;0;0
3;22/05/2012;0;0;22;101;133;414;564;599;650;396;435;117;214;92;20;11;0;0;0
3;23/05/2012;71;18;0;0;0;0;0;21;110;297;361;383;376;508;639;628;538;153;0
3;24/05/2012;0;0;4;69;168;209;275;287;501;616;560;487;359;224;98;24;0;0;0
3;25/05/2012;0;1;32;66;157;253;488;519;269;389;292;413;250;271;94;20;0;0;0
3;26/05/2012;0;1;50;88;88;206;426;508;423;364;145;444;175;87;27;8;0;0;0
3;27/05/2012;0;0;25;67;285;407;379;511;468;437;249;530;405;195;100;17;0;0;0
3;28/05/2012;0;1;23;123;286;335;479;544;600;431;225;175;80;78;48;8;0;0;0
3;29/05/2012;0;0;22;124;287;430;532;601;542;545;562;473;315;245;110;16;0;0;0
3;30/05/2012;0;1;24;123;285;429;533;618;653;645;601;521;404;253;95;16;1;0;0
3;31/05/2012;0;1;26;120;272;406;511;377;238;149;234;479;383;220;71;11;0;0;0
3;01/06/2012;0;2;27;122;271;418;511;561;551;493;343;247;180;211;36;19;0;0;0
3;02/06/2012;0;2;23;121;280;412;509;577;609;552;568;497;388;242;94;17;0;0;0
3;03/06/2012;0;1;24;119;273;409;511;580;605;599;557;495;381;232;107;20;0;0;0
3;04/06/2012;0;2;22;125;287;426;393;570;618;402;286;185;301;226;64;26;0;0;0
3;05/06/2012;0;0;18;126;294;436;531;584;649;646;601;523;407;257;98;17;1;0;0
3;06/06/2012;0;1;20;127;130;147;546;610;639;635;598;521;405;247;96;15;0;0;0
3;07/06/2012;0;1;21;120;271;411;513;554;616;614;579;497;387;249;96;16;0;0;0
3;08/06/2012;0;2;22;122;273;405;377;563;588;588;556;490;385;246;97;20;0;0;0
3;09/06/2012;0;1;23;119;279;394;500;559;576;670;419;251;373;223;102;33;1;0;0
3;10/06/2012;0;1;33;79;278;300;381;543;589;482;358;387;382;208;50;51;2;0;0
3;11/06/2012;0;0;17;137;242;416;412;456;601;622;363;256;125;219;91;11;422260;0;0
3;12/06/2012;0;0;0;0;0;0;0;0;0;0;0;0;0;0;0;0;0;0;0
3;13/06/2012;0;0;0;0;0;0;0;0;0;0;0;0;0;0;0;18;1;0;0
3;14/06/2012;0;1;20;120;279;423;528;594;629;627;590;514;405;254;104;19;2;0;0
3;15/06/2012;0;2;26;109;278;418;398;607;639;637;600;530;419;271;107;17;0;0;0
3;16/06/2012;0;2;18;121;283;424;533;600;632;627;589;514;404;264;106;16;1;0;0
3;17/06/2012;0;1;19;118;279;419;522;591;621;620;584;513;406;263;106;16;2;0;0
3;18/06/2012;0;0;18;117;275;408;514;577;616;618;582;510;402;241;104;17;0;0;0
3;19/06/2012;0;2;21;113;256;400;502;565;604;603;570;0;341;73;42;20;0;0;0
3;20/06/2012;0;2;19;116;275;414;508;569;602;579;575;509;394;199;123;22;1;0;0
3;21/06/2012;0;1;33;109;234;361;445;516;550;552;518;446;348;222;96;25;1;0;0
3;22/06/2012;0;2;26;108;255;396;501;567;602;605;567;494;386;249;104;18;1;0;0
3;23/06/2012;0;1;20;110;257;395;492;563;597;594;565;493;388;247;100;27;1;0;0
3;24/06/2012;0;1;22;108;254;389;492;566;598;600;562;479;383;222;53;30;0;0;0
3;25/06/2012;0;2;22;106;253;385;493;556;506;561;454;484;257;186;100;21;1;0;0
3;26/06/2012;0;0;21;106;256;392;494;565;601;597;562;416;383;245;102;22;1;0;0
3;27/06/2012;0;1;14;109;268;413;524;602;633;635;598;523;414;269;108;14;0;0;0
3;28/06/2012;0;2;16;110;269;408;512;583;776;613;578;513;405;263;105;16;1;0;0
3;29/06/2012;0;1;19;110;261;397;551;559;585;595;562;495;393;252;104;16;0;0;0
3;30/06/2012;0;0;19;105;251;385;492;555;587;585;551;484;386;251;104;21;2;0;0
3;01/07/2012;0;0;22;105;243;376;475;536;573;575;543;478;378;247;102;25;2;0;0
3;02/07/2012;0;1;22;103;241;369;466;535;578;399;448;127;245;77;47;19;0;0;0
3;03/07/2012;0;0;22;102;242;377;477;543;568;497;538;486;102;144;86;43;2;0;0
3;04/07/2012;0;0;23;102;240;368;465;508;551;571;540;471;375;202;43;28;4;0;0
3;05/07/2012;0;0;23;106;249;381;487;550;583;586;552;194;169;282;112;24;0;0;0
3;06/07/2012;0;1;29;103;243;373;479;546;583;587;549;397;65;40;51;22;1;0;0
3;07/07/2012;0;0;18;106;259;397;499;578;602;600;572;499;392;252;104;24;1;0;0
3;08/07/2012;0;0;21;104;254;395;503;573;605;609;571;503;404;265;106;20;1;0;0
3;09/07/2012;0;1;24;107;250;381;479;550;585;581;543;480;377;237;102;27;0;0;0
3;10/07/2012;0;1;25;103;241;370;479;550;588;590;568;499;391;244;103;19;0;0;0
3;11/07/2012;379;1;22;88;0;0;231;0;1;21;105;250;385;485;540;589;588;543;484
3;12/07/2012;0;0;252;156;0;0;0;0;0;0;0;0;0;0;0;387;20;104;0
3;13/07/2012;114;0;0;1;0;22;241;111;0;0;0;0;0;0;0;0;0;0;0
3;14/07/2012;102;246;0;100;0;2;19;492;389;562;556;593;596;497;256;0;398;15;0
3;15/07/2012;531;563;0;0;237;18;100;365;476;569;20;541;380;244;101;475;0;0;1
3;16/07/2012;0;0;0;106;404;18;265;500;507;518;523;597;411;103;14;0;0;523;263
3;17/07/2012;267;0;0;108;17;528;417;614;641;650;539;422;21;106;0;0;268;0;601
3;18/07/2012;0;0;16;1;280;639;113;428;535;605;639;523;12;405;253;94;0;0;602
3;19/07/2012;0;0;0;17;110;405;265;512;583;559;610;248;582;395;504;0;94;13;0
3;20/07/2012;252;492;0;0;105;0;19;389;593;558;550;585;485;383;164;14;0;0;32
3;21/07/2012;0;0;0;22;240;597;105;380;485;562;589;481;554;365;243;95;0;0;18
3;22/07/2012;0;213;0;0;4;49;172;85;540;360;420;598;562;478;88;0;22;0;320
3;23/07/2012;106;0;0;0;97;26;170;203;0;0;0;0;0;0;27;26;0;0;0
3;24/07/2012;0;0;0;4;21;10;179;466;454;488;276;510;125;8;29;10;14;0;0
3;25/07/2012;0;19;0;0;71;179;124;532;268;0;238;303;160;414;341;45;0;18;0
3;26/07/2012;18;612;106;581;588;436;384;241;88;14;0;0;584;510;0;0;0;259;400
3;27/07/2012;0;624;0;0;14;104;269;413;565;633;596;559;510;392;245;10;86;0;0
3;28/07/2012;85;0;0;22;0;513;102;257;402;585;619;615;505;578;246;387;10;0;0
3;29/07/2012;358;0;229;0;0;23;97;532;460;448;555;552;522;346;83;212;16;0;0
3;30/07/2012;81;0;0;0;13;103;617;267;412;519;619;585;571;494;372;233;11;0;0
3;31/07/2012;82;0;0;0;14;259;100;517;402;590;626;625;505;240;582;389;8;0;0
3;01/08/2012;493;502;397;0;254;0;0;16;99;482;572;610;606;368;82;227;12;0;0
3;02/08/2012;591;0;0;0;12;97;253;386;495;569;605;550;375;481;232;9;82;0;0
3;03/08/2012;240;79;0;0;30;0;473;103;377;558;580;576;479;226;540;374;9;0;0
3;04/08/2012;0;232;0;0;13;89;472;180;243;578;577;536;367;78;226;9;0;0;373
3;05/08/2012;0;0;0;362;88;563;17;224;461;527;565;536;379;0;463;220;81;11;0
3;06/08/2012;0;81;0;0;17;83;249;445;342;519;548;545;519;449;207;339;0;12;0
3;07/08/2012;352;10;0;0;75;202;342;527;567;457;570;457;525;18;87;0;0;0;219
3;08/08/2012;11;0;9;74;213;482;0;362;573;606;569;504;252;612;398;92;0;0;0
3;09/08/2012;8;0;381;572;231;501;607;612;577;399;0;507;89;248;10;0;0;78;0
3;10/08/2012;74;0;6;0;228;375;574;494;614;605;584;9;83;0;252;0;0;394;507
3;11/08/2012;387;566;12;270;0;0;40;5;233;349;338;149;0;0;0;112;247;239;473
3;12/08/2012;8;588;515;0;0;8;86;74;251;398;588;631;635;505;224;386;0;0;0
3;13/08/2012;60;402;269;0;0;10;223;0;68;481;596;446;591;28;210;110;0;10;0
3;14/08/2012;20;0;0;0;68;475;310;134;289;472;467;513;303;418;0;179;68;9;0
3;15/08/2012;0;0;86;0;9;479;367;585;545;44;496;583;473;364;219;0;0;0;225
3;16/08/2012;362;0;0;219;6;0;72;472;536;574;515;473;544;361;213;67;4;0;0
3;17/08/2012;7;0;0;0;78;385;274;606;499;571;606;571;366;491;59;0;221;5;0
3;18/08/2012;0;0;0;75;557;6;226;373;487;566;599;69;601;491;371;217;5;0;0
3;19/08/2012;6;597;597;559;486;5;215;368;68;0;0;559;0;0;480;0;74;221;368
3;20/08/2012;562;0;0;6;0;73;224;372;484;555;595;597;219;482;0;369;69;5;0
3;21/08/2012;3;0;0;0;4;71;358;535;220;461;558;575;542;66;366;473;216;0;0
3;22/08/2012;464;0;0;344;0;5;66;205;572;538;352;560;529;462;209;67;4;0;0
3;23/08/2012;0;3;0;0;222;475;546;69;368;542;577;577;221;472;0;367;68;3;0
3;24/08/2012;479;542;585;582;474;545;366;210;64;0;0;4;0;4;0;0;219;66;367
3;25/08/2012;221;66;3;0;0;465;584;377;547;539;582;207;63;484;2;0;0;355;0
3;26/08/2012;0;491;584;227;0;578;534;190;556;157;445;0;0;0;27;0;4;65;381
3;27/08/2012;520;2;0;0;0;223;64;297;514;561;631;526;0;0;2;65;399;235;607
3;28/08/2012;512;0;635;0;0;2;0;389;3;63;231;636;596;396;597;230;66;0;516
3;29/08/2012;0;61;0;0;2;497;222;589;378;574;609;614;511;0;234;394;67;1;0
3;30/08/2012;0;0;0;2;1;56;213;369;566;488;497;601;601;569;380;64;223;0;0
3;31/08/2012;575;364;544;585;102;0;216;60;2;0;541;0;2;0;0;197;463;55;343
3;01/09/2012;0;0;0;0;0;10;20;153;459;507;225;420;467;345;211;2;65;0;0
3;02/09/2012;202;0;0;351;312;339;0;0;526;1;225;387;135;51;35;0;422;603;0
3;03/09/2012;1;290;0;272;3;272;221;39;0;114;116;50;323;458;341;30;0;0;0
3;04/09/2012;0;0;91;1;54;0;231;440;435;586;0;501;0;19;0;602;58;411;77
3;05/09/2012;0;0;0;0;0;1;23;19;396;79;126;190;475;438;573;0;243;371;14
3;06/09/2012;385;205;246;510;361;265;42;0;3;0;202;0;0;0;0;91;29;94;214
3;07/09/2012;439;1;0;376;607;506;0;179;0;326;348;54;334;192;433;0;0;0;40
3;08/09/2012;0;0;0;0;193;345;0;0;0;566;0;511;356;0;61;0;231;40;486
3;09/09/2012;602;603;227;501;570;386;56;58;1;0;0;565;0;0;1;220;137;447;0
3;10/09/2012;0;43;577;152;0;480;25;196;298;541;318;453;0;0;558;0;0;591;0
3;11/09/2012;0;55;554;0;0;463;164;0;209;21;582;332;0;361;541;481;571;0;0
3;12/09/2012;579;0;0;0;0;0;0;23;46;1108;340;157;466;448;465;47;51;0;192
3;13/09/2012;38;356;0;0;1;381;201;265;45;19;0;0;0;0;52;112;31;224;162
3;14/09/2012;43;0;0;0;6;223;318;605;504;553;349;73;270;115;20;0;0;0;0
3;15/09/2012;516;0;0;0;500;71;24;399;436;477;352;467;43;8;39;0;0;0;0
3;16/09/2012;0;0;0;49;0;217;366;382;182;365;344;485;518;378;170;26;0;0;0
3;17/09/2012;0;217;0;0;52;380;577;440;502;610;589;537;330;22;0;161;0;0;0
3;18/09/2012;88;0;0;0;368;48;212;222;273;340;121;251;209;271;22;0;0;0;0
3;19/09/2012;0;0;0;58;0;197;360;460;456;426;543;478;291;158;68;8;0;0;0
3;20/09/2012;0;0;0;14;421;286;118;146;372;363;419;416;352;0;21;166;0;0;0
3;21/09/2012;645;609;529;0;0;0;49;229;402;634;154;579;484;345;19;0;0;0;0
3;22/09/2012;0;0;0;0;54;221;375;489;588;555;572;522;443;309;137;16;0;0;0
3;23/09/2012;0;0;0;40;528;20;95;418;464;568;559;512;288;14;127;0;0;0;0
3;24/09/2012;588;455;0;0;0;34;178;339;519;534;97;475;227;113;12;0;0;0;0
3;25/09/2012;0;0;0;0;49;70;88;419;142;313;137;275;134;146;0;134;13;0;0
3;26/09/2012;360;0;0;16;0;323;138;275;163;352;433;322;4;238;0;104;0;0;0
3;27/09/2012;437;0;0;398;0;29;40;147;521;5;541;472;260;128;20;0;0;0;0
3;28/09/2012;0;0;0;0;24;148;467;295;297;228;506;449;328;245;98;0;9;0;0
3;29/09/2012;396;0;0;30;0;166;318;431;503;532;506;459;8;162;49;0;0;0;0
3;30/09/2012;157;0;0;0;28;31;107;286;61;516;521;464;373;241;0;2;0;0;0
3;01/10/2012;0;0;0;0;64;5;494;72;111;239;396;333;203;0;303;107;4;0;0
3;02/10/2012;81;0;0;0;0;147;330;443;507;507;201;187;111;18;3;0;0;0;0
3;03/10/2012;493;445;0;0;0;29;196;331;95;321;409;243;287;233;7;0;0;0;0
3;04/10/2012;3;100;265;0;0;0;0;0;184;544;30;337;450;508;536;431;393;0;0
3;05/10/2012;96;27;493;0;0;180;326;525;452;263;548;628;403;0;2;0;0;0;0
3;06/10/2012;481;0;0;0;512;32;185;338;447;255;542;532;390;93;2;0;0;0;0
3;07/10/2012;47;0;0;0;476;27;173;331;440;160;448;283;458;289;1;0;0;0;0
3;08/10/2012;0;0;0;11;0;180;159;317;323;517;483;495;443;80;2;0;0;0;0
3;09/10/2012;0;0;0;11;15;87;160;380;492;409;360;284;8;20;0;0;0;0;0
3;10/10/2012;236;0;0;0;43;0;240;137;101;312;252;140;346;54;0;0;0;0;0
3;11/10/2012;47;0;0;0;145;18;298;346;467;425;152;426;299;206;0;0;0;0;0
3;12/10/2012;262;170;68;148;72;35;118;0;102;34;0;0;0;0;0;83;0;19;0
3;13/10/2012;0;0;0;212;87;10;289;415;367;171;104;0;96;132;15;0;0;0;0
3;14/10/2012;6;0;14;0;0;0;0;304;0;102;267;11;516;441;425;451;255;0;0
3;15/10/2012;0;0;0;0;20;250;351;277;427;128;109;0;0;0;0;118;158;17;214
3;16/10/2012;407;242;321;66;0;0;282;0;184;0;0;401;112;135;0;0;3;272;0
3;17/10/2012;517;0;315;448;372;229;0;0;1;0;0;0;19;0;54;466;540;123;525
3;18/10/2012;0;0;0;0;0;11;334;178;445;535;513;468;519;378;233;0;0;52;0
3;19/10/2012;0;163;0;0;5;292;515;358;465;618;530;471;0;0;51;0;0;0;243
3;20/10/2012;433;0;0;0;139;10;168;227;563;584;46;505;397;233;0;0;0;0;0
3;21/10/2012;0;0;0;0;0;9;170;343;462;566;539;230;557;502;393;0;40;0;0
3;22/10/2012;374;0;0;35;3;219;0;156;262;456;515;558;485;546;0;0;0;0;0
3;23/10/2012;192;0;525;0;349;0;0;2;66;156;471;493;527;445;0;0;0;32;0
3;24/10/2012;117;0;0;0;516;0;5;409;215;481;489;317;418;0;162;28;0;0;0
3;25/10/2012;2;0;0;0;37;388;99;344;501;337;483;265;43;14;0;0;0;0;0
3;26/10/2012;305;0;0;0;274;5;117;465;518;508;467;296;89;0;0;27;0;0;0
3;27/10/2012;0;131;0;0;0;0;14;0;28;167;263;2;0;507;54;325;14;0;0
3;28/10/2012;2;0;0;0;62;118;91;99;277;131;105;38;17;98;0;0;0;0;0
3;29/10/2012;431;470;569;0;0;339;0;2;18;557;114;180;33;12;0;0;0;0;0
3;30/10/2012;0;0;0;0;0;4;133;343;550;475;539;469;291;117;0;17;0;578;0
3;31/10/2012;18;0;93;122;126;29;0;0;234;0;0;0;86;141;45;0;0;0;0
3;01/11/2012;0;372;109;339;420;0;0;0;0;460;358;83;366;497;19;0;0;0;0
3;02/11/2012;0;0;0;509;0;0;98;310;342;466;0;278;293;135;15;0;0;0;422
3;03/11/2012;0;0;0;0;355;1;114;200;319;505;481;527;18;226;76;0;0;0;0
3;04/11/2012;0;0;218;0;0;0;0;43;196;111;247;163;230;226;42;8;0;0;0
3;05/11/2012;0;0;0;0;8;98;98;16;67;87;89;0;41;10;25;0;0;0;2
3;06/11/2012;234;0;0;0;1;57;145;441;374;229;419;280;114;8;0;0;0;0;0
3;07/11/2012;0;54;0;0;0;36;151;103;186;61;479;266;108;7;0;0;0;0;0
3;08/11/2012;0;360;0;0;0;0;0;532;0;0;76;310;455;564;549;482;7;0;132
3;09/11/2012;0;0;0;1;295;75;478;424;501;534;458;120;338;0;0;7;0;0;0
3;10/11/2012;266;0;74;0;0;0;409;492;503;408;154;307;106;16;0;0;0;0;0
3;11/11/2012;0;0;0;0;0;0;0;3;325;0;0;376;173;0;90;2;0;0;0
3;12/11/2012;230;264;196;0;0;0;0;20;5;343;207;103;313;0;0;0;0;0;12
3;13/11/2012;49;0;0;0;15;0;1;110;62;184;67;15;0;0;0;0;0;113;244
3;14/11/2012;0;380;0;0;0;0;206;366;317;329;109;1;48;0;0;377;0;0;52
3;15/11/2012;2;3;0;0;0;14;64;54;28;4;14;0;0;0;23;0;0;0;0
3;16/11/2012;4;23;36;0;0;13;0;0;14;13;48;45;0;1;1;0;0;0;0
3;17/11/2012;0;0;0;0;0;4;41;20;72;203;135;97;40;1;25;0;0;0;0
3;18/11/2012;33;0;0;59;0;0;83;90;117;70;6;22;0;7;0;0;0;0;0
3;19/11/2012;0;12;0;0;0;0;38;48;49;31;76;33;24;4;0;0;0;0;0
3;20/11/2012;0;51;0;0;0;0;0;36;75;179;149;38;95;0;4;0;0;0;8
3;21/11/2012;0;0;128;0;0;11;77;107;144;66;395;4;12;2;0;0;0;0;0
3;22/11/2012;0;0;151;10;0;0;0;0;443;373;64;289;305;173;19;0;0;0;0
3;23/11/2012;1;0;0;0;0;16;64;97;112;129;129;77;1;167;54;0;0;0;0
3;24/11/2012;0;247;0;0;0;0;6;158;214;157;105;77;211;209;5;0;0;0;0
3;25/11/2012;0;158;31;0;0;0;0;397;353;435;314;400;103;0;70;3;0;0;0
3;26/11/2012;0;448;164;257;382;0;0;0;0;0;500;29;503;0;76;1;0;426;0
3;27/11/2012;35;0;0;155;0;0;316;347;319;331;145;96;2;38;0;0;0;0;0
3;28/11/2012;10;0;0;0;0;38;48;101;127;116;174;44;131;0;0;0;0;0;0
3;29/11/2012;0;0;0;0;0;17;431;102;382;305;260;5;449;246;25;0;0;0;0
3;30/11/2012;0;0;0;0;27;379;347;167;493;507;227;65;0;1;14;0;0;0;0
3;01/12/2012;422;20;0;0;0;0;130;383;398;398;287;0;0;187;44;2;0;0;0
3;02/12/2012;64;22;0;0;0;0;0;345;0;0;2;18;457;0;451;502;268;0;0
3;03/12/2012;2;0;0;0;75;83;336;417;222;394;77;2;0;0;0;0;0;0;556
3;04/12/2012;0;0;0;0;354;159;443;441;363;155;26;0;0;0;0;0;0;133;14
3;05/12/2012;0;0;0;0;135;12;351;0;487;525;425;347;21;0;0;0;0;0;124
3;06/12/2012;0;181;0;0;0;129;358;491;112;184;210;0;40;4;0;0;0;0;13
3;07/12/2012;0;0;0;0;12;345;130;483;525;434;510;214;2;87;0;0;0;0;0
3;08/12/2012;3;0;0;0;0;0;8;0;14;19;91;8;111;35;34;0;0;0;0
3;09/12/2012;0;0;5;0;0;150;0;0;0;34;149;135;42;22;33;0;0;0;0
3;10/12/2012;73;123;0;0;0;0;326;9;428;477;518;504;0;2;0;0;0;0;29
3;11/12/2012;0;0;2;95;2;538;213;0;0;0;0;0;525;447;76;324;484;0;0
3;12/12/2012;75;89;0;0;0;0;4;247;54;2;0;0;0;0;79;160;69;0;136
3;13/12/2012;27;0;0;0;0;4;327;123;336;458;416;180;0;1;0;0;0;0;442
3;14/12/2012;0;0;0;0;107;273;202;312;0;0;0;0;27;283;22;87;0;0;0
3;15/12/2012;0;41;60;0;0;0;0;0;0;89;39;3;0;0;0;0;0;0;0
3;16/12/2012;0;93;0;0;54;87;0;206;135;0;0;28;60;55;0;2;0;0;1
3;17/12/2012;278;0;10;40;81;145;0;0;0;0;17;65;0;143;0;0;0;0;0
3;18/12/2012;487;193;2;395;80;0;0;0;0;0;316;313;206;75;8;0;0;0;0
3;19/12/2012;38;0;0;0;0;6;20;192;47;82;0;21;6;0;0;0;0;0;0
3;20/12/2012;0;1;2;0;0;97;0;0;203;332;438;40;145;185;197;0;0;0;0
3;21/12/2012;0;0;35;0;0;0;0;80;12;40;73;53;44;5;0;0;0;0;0
3;22/12/2012;0;0;0;0;0;35;0;1;231;51;166;192;36;4;28;0;0;0;0
3;23/12/2012;5;181;0;3;0;0;101;0;0;492;263;76;443;492;362;0;0;0;0
3;24/12/2012;0;0;0;412;0;101;249;0;457;386;444;75;194;3;0;0;0;0;2
3;25/12/2012;0;0;0;0;85;485;75;439;495;68;419;207;4;0;0;0;0;7;0
3;26/12/2012;2;0;0;0;0;107;65;175;83;155;215;463;421;0;0;0;0;0;4
3;27/12/2012;0;0;0;0;0;20;214;89;236;394;0;4;0;0;0;434;321;397;0
3;28/12/2012;87;64;0;0;8;0;0;38;0;2;0;75;103;0;0;89;0;172;32
3;29/12/2012;66;158;93;0;207;3;238;0;0;0;301;171;1;0;0;0;0;0;255
3;30/12/2012;0;490;215;99;95;0;0;495;0;257;0;4;485;428;0;0;0;4;0
3;31/12/2012;0;0;0;265;65;0;6;99;0;167;0;0;0;3;441;498;497;432;0