idplant;day;irradiance;;;;;;;;;;;;;;;;;;
1;01/01/2012;0;0;0;624;231;486;283;0;441;41;593;0;69;678;0;0;0;687;0
1;02/01/2012;0;0;72;238;449;604;684;692;628;490;282;41;0;0;0;0;0;0;0
1;03/01/2012;73;235;444;597;669;726;541;332;165;35;0;0;0;0;0;0;0;0;0
1;04/01/2012;0;0;0;0;61;227;437;596;674;684;622;314;66;20;0;0;0;0;0
1;05/01/2012;587;452;439;166;15;0;0;0;0;0;0;0;0;0;59;223;435;604;511
1;06/01/2012;0;0;0;0;6;16;25;31;41;93;94;113;48;14;0;0;0;0;0
1;07/01/2012;0;0;0;0;0;0;0;0;479;388;318;105;146;41;0;0;0;0;0
1;08/01/2012;0;0;0;0;22;214;450;602;679;429;448;507;286;55;0;0;0;0;0
1;09/01/2012;0;0;0;0;0;7;23;47;103;87;192;205;51;16;12;0;0;0;0
1;10/01/2012;0;0;0;0;35;180;207;271;205;97;195;296;236;65;0;0;0;0;0
1;11/01/2012;0;0;0;0;14;18;0;0;0;0;0;0;26;8;0;0;0;0;0
1;12/01/2012;0;0;0;0;50;134;285;654;647;314;674;478;298;68;0;0;0;0;0
1;13/01/2012;0;0;0;0;76;246;457;611;696;731;340;272;242;68;0;0;0;0;0
1;14/01/2012;0;0;0;0;9;39;151;376;146;291;299;524;268;30;0;0;0;0;0
1;15/01/2012;0;0;0;0;30;46;305;221;635;254;421;227;345;86;0;0;0;0;0
1;16/01/2012;0;0;0;0;66;212;468;361;311;505;104;602;283;101;0;0;0;0;0
1;17/01/2012;0;0;0;0;1;22;68;76;375;658;80;53;28;23;0;0;0;0;0
1;18/01/2012;0;0;0;0;0;4;137;274;216;136;181;458;334;325;139;8;0;0;0
1;19/01/2012;0;0;0;0;10;143;340;570;643;699;690;603;424;160;9;0;0;0;0
1;20/01/2012;0;0;0;0;8;45;310;476;358;412;132;86;105;69;5;0;0;0;0
1;21/01/2012;0;0;0;0;0;53;208;138;486;786;726;610;462;199;7;0;0;0;0
1;22/01/2012;0;0;0;0;19;165;397;582;707;728;681;591;446;192;12;0;0;0;0
1;23/01/2012;0;0;0;0;6;166;397;585;705;735;713;605;427;173;9;0;0;0;0
1;24/01/2012;0;0;0;0;6;56;325;476;700;749;288;221;70;24;4;0;0;0;0
1;25/01/2012;0;0;0;0;0;0;0;0;0;0;0;0;0;0;0;0;0;0;0
1;26/01/2012;0;0;0;0;0;0;0;0;0;0;0;0;0;0;0;0;0;0;0
1;27/01/2012;0;0;0;0;0;0;0;0;0;0;0;0;0;0;0;0;0;0;0
1;28/01/2012;0;0;0;0;0;0;0;0;0;0;0;0;0;0;0;0;0;0;0
1;29/01/2012;0;0;0;0;0;0;0;0;0;0;0;0;0;0;0;0;0;0;0
1;30/01/2012;0;0;0;0;0;0;0;0;0;0;0;0;0;0;0;0;0;0;0
1;31/01/2012;0;0;0;0;0;0;0;0;0;0;0;0;0;0;0;0;0;0;0
1;01/02/2012;0;0;0;0;0;0;0;0;0;0;0;0;0;0;0;0;0;0;0
1;02/02/2012;0;0;0;0;0;0;0;0;0;0;0;0;0;0;0;0;0;0;0
1;03/02/2012;0;0;0;0;0;0;0;0;0;0;0;0;0;0;0;0;0;0;0
1;04/02/2012;0;0;0;0;0;0;0;0;0;0;0;0;0;0;0;0;0;0;0
1;05/02/2012;0;0;0;0;0;0;0;0;0;0;0;0;0;0;0;0;0;0;0
1;06/02/2012;0;0;0;0;0;0;0;0;0;0;0;0;0;0;0;0;0;0;0
1;07/02/2012;0;0;0;0;0;0;0;0;0;0;0;0;0;0;0;0;0;0;0
1;08/02/2012;0;0;0;0;0;0;0;0;0;0;0;0;0;0;0;0;0;0;0
1;09/02/2012;0;0;0;0;0;0;0;0;0;0;0;0;0;0;0;0;0;0;0
1;10/02/2012;0;0;0;0;0;0;0;0;0;0;0;0;0;0;0;0;0;0;0
1;11/02/2012;0;0;0;0;0;0;0;0;0;0;0;0;0;0;0;0;0;0;0
1;12/02/2012;0;0;0;0;0;0;0;0;0;0;0;0;0;0;0;0;0;0;0
1;13/02/2012;0;0;0;0;0;0;0;0;0;0;0;0;0;0;0;0;0;0;0
1;14/02/2012;0;0;0;0;0;0;0;0;0;0;0;0;0;0;0;0;0;0;0
1;15/02/2012;0;0;0;0;0;0;0;0;0;0;0;0;0;0;0;0;0;0;0
1;16/02/2012;0;0;0;0;0;0;0;0;0;0;0;0;0;0;0;0;0;0;0
1;17/02/2012;0;0;0;0;0;0;0;0;0;0;0;0;0;0;0;0;0;0;0
1;18/02/2012;0;0;0;0;0;0;0;0;0;0;0;0;0;0;0;0;0;0;0
1;19/02/2012;0;0;0;0;0;0;0;0;0;0;0;0;0;0;0;0;0;0;0
1;20/02/2012;0;0;0;0;0;0;0;0;0;0;0;0;0;0;0;0;0;0;0
1;21/02/2012;0;0;0;0;0;0;0;0;0;0;0;0;0;0;0;0;0;0;0
1;22/02/2012;0;0;0;0;0;0;0;0;0;0;0;0;0;0;0;0;0;0;0
1;23/02/2012;0;0;0;0;0;0;0;0;0;0;0;0;0;0;0;0;0;0;0
1;24/02/2012;0;0;0;0;0;0;149;694;811;859;828;727;561;332;89;1;0;0;0
1;25/02/2012;0;0;0;0;71;294;530;712;825;869;826;749;566;330;85;2;0;0;0
1;26/02/2012;0;0;0;0;27;218;396;682;795;676;330;492;343;32;9;0;0;0;0
1;27/02/2012;0;0;0;0;114;71;177;514;385;569;396;463;598;353;87;3;0;0;0
1;28/02/2012;0;0;0;0;45;88;361;515;621;834;462;629;559;272;70;1;0;0;0
1;29/02/2012;0;0;0;0;70;106;259;645;744;871;841;746;570;337;92;2;0;0;0
1;01/03/2012;0;0;0;0;81;305;535;732;855;906;875;768;589;357;112;3;0;0;0
1;02/03/2012;0;0;0;0;84;308;542;730;857;881;844;740;566;337;99;4;0;0;0
1;03/03/2012;0;0;0;0;86;309;541;722;830;862;810;704;541;306;85;4;0;0;0
1;04/03/2012;0;0;0;4;64;214;459;657;765;814;781;647;451;244;62;3;0;0;0
1;05/03/2012;0;0;0;0;27;155;398;686;701;691;361;186;291;116;23;0;0;0;0
1;06/03/2012;0;0;0;13;119;344;497;785;481;517;828;448;211;82;10;0;0;0;0
1;07/03/2012;0;0;0;9;127;391;460;837;282;240;404;274;294;152;28;0;0;0;0
1;08/03/2012;0;0;0;0;10;36;129;160;84;55;99;252;78;18;4;0;0;0;0
1;09/03/2012;0;0;0;8;35;112;372;220;225;55;126;113;81;49;12;0;0;0;0
1;10/03/2012;0;0;0;11;48;68;156;195;355;444;189;181;47;40;17;0;0;0;0
1;11/03/2012;0;0;0;18;76;190;297;629;818;776;396;235;277;87;41;1;0;0;0
1;12/03/2012;0;0;0;0;0;0;14;65;310;190;183;129;206;323;168;395;84;34;0
1;13/03/2012;0;0;0;22;181;425;644;817;915;933;874;739;542;241;73;1;0;0;0
1;14/03/2012;0;0;0;21;43;349;549;269;715;502;199;651;442;306;75;1;0;0;0
1;15/03/2012;0;0;0;31;185;429;644;805;903;923;869;742;548;306;76;2;0;0;0
1;16/03/2012;0;0;0;35;193;441;660;826;918;934;891;750;550;307;76;3;0;0;0
1;17/03/2012;0;0;0;36;194;440;658;822;923;939;881;751;560;315;83;3;0;0;0
1;18/03/2012;0;0;0;43;205;431;658;826;924;942;870;740;525;297;71;3;0;0;0
1;19/03/2012;0;0;0;67;218;438;502;889;801;948;908;727;491;257;67;3;0;0;0
1;20/03/2012;0;0;0;41;189;404;650;822;940;885;810;619;447;253;77;3;0;0;0
1;21/03/2012;0;0;0;13;68;223;641;823;897;913;871;732;533;294;68;3;1;0;0
1;22/03/2012;0;0;0;32;189;458;665;839;922;915;863;735;540;284;68;4;0;0;0
1;23/03/2012;0;0;0;26;63;131;250;451;682;538;488;583;446;208;46;4;1;1;0
1;24/03/2012;0;0;0;45;215;327;521;724;782;482;338;207;22;103;76;1;0;0;0
1;25/03/2012;0;0;0;36;159;362;595;790;869;894;855;721;491;288;71;5;0;0;0
1;26/03/2012;0;0;0;44;193;407;485;800;907;944;885;756;562;327;99;5;0;0;0
1;27/03/2012;0;0;0;48;234;474;688;851;947;963;901;763;559;323;95;5;0;0;0
1;28/03/2012;0;0;0;48;218;450;650;799;922;944;882;765;564;327;99;6;0;0;0
1;29/03/2012;0;0;0;55;234;470;685;843;933;953;892;736;512;300;90;6;0;0;0
1;30/03/2012;0;0;0;58;155;487;703;853;928;957;895;745;545;294;44;5;0;0;0
1;31/03/2012;0;0;6;56;240;475;682;844;933;910;887;749;459;234;64;7;0;1;0
1;01/04/2012;0;0;6;59;255;491;698;849;941;817;767;625;278;187;32;4;0;0;0
1;02/04/2012;0;0;4;66;255;494;699;856;941;964;901;762;500;313;85;9;0;0;0
1;03/04/2012;0;0;6;53;156;310;571;850;940;950;799;732;402;139;53;4;0;0;0
1;04/04/2012;0;0;0;44;109;299;279;377;481;750;775;633;464;258;70;7;1;1;0
1;05/04/2012;1;0;0;60;195;220;240;334;334;279;265;163;128;62;45;8;0;0;0
1;06/04/2012;0;0;4;66;258;515;480;808;526;670;253;607;469;171;51;9;1;0;0
1;07/04/2012;0;0;5;40;150;284;97;198;154;118;184;230;83;110;44;12;0;0;0
1;08/04/2012;0;0;0;24;61;119;562;495;397;512;771;515;138;131;78;9;0;0;0
1;09/04/2012;0;0;3;40;164;75;214;758;869;1117;770;894;514;351;112;11;0;0;0
1;10/04/2012;0;0;11;81;234;545;751;907;987;997;932;791;595;338;116;9;0;0;0
1;11/04/2012;0;0;5;42;129;97;53;329;647;875;307;730;580;342;92;9;0;0;0
1;12/04/2012;0;0;13;86;310;552;758;750;870;887;646;596;540;139;29;10;0;0;0
1;13/04/2012;0;0;4;28;78;101;111;105;82;93;174;223;118;103;20;2;0;0;0
1;14/04/2012;0;0;13;103;247;420;297;506;461;536;560;156;22;11;25;5;0;0;0
1;15/04/2012;0;0;13;56;232;530;425;989;683;633;220;342;383;94;91;9;0;0;0
1;16/04/2012;0;0;10;44;29;168;229;241;346;251;173;170;48;39;14;1;0;0;0
1;17/04/2012;0;0;13;70;148;295;170;208;193;434;255;163;181;126;44;2;0;0;0
1;18/04/2012;0;0;18;86;164;256;657;559;1014;937;963;680;478;85;20;8;0;0;0
1;19/04/2012;0;0;1;33;126;205;182;760;260;462;245;130;129;198;70;14;0;0;0
1;20/04/2012;0;0;14;72;321;591;823;431;841;585;278;139;92;100;49;15;0;0;0
1;21/04/2012;0;0;21;110;347;266;662;693;773;906;1055;736;575;187;95;18;0;0;0
1;22/04/2012;0;0;54;126;180;310;512;852;667;963;932;858;546;139;62;14;1;0;0
1;23/04/2012;0;0;25;70;173;465;686;567;741;275;184;124;172;135;59;7;0;0;0
1;24/04/2012;0;1;25;106;333;552;646;901;956;898;757;797;589;313;135;20;0;0;0
1;25/04/2012;0;0;21;124;358;589;748;928;1017;876;637;785;605;337;125;17;1;0;0
1;26/04/2012;0;0;24;122;353;591;788;932;1008;1014;945;804;595;366;134;17;1;1;0
1;27/04/2012;0;0;20;125;357;589;782;922;746;1000;916;765;594;364;133;19;1;0;1
1;28/04/2012;0;0;26;125;349;576;774;913;985;983;913;775;580;353;130;20;1;1;1
1;29/04/2012;0;0;31;160;261;511;773;906;967;973;625;753;559;222;130;30;2;1;1
1;30/04/2012;0;0;31;124;243;452;457;600;708;968;893;791;526;356;130;26;2;1;1
1;01/05/2012;0;0;26;130;348;573;764;900;955;951;887;752;569;347;134;20;2;1;1
1;02/05/2012;0;0;29;131;343;562;742;872;941;943;920;751;545;323;124;20;1;1;0
1;03/05/2012;0;0;35;127;342;592;770;879;868;961;892;763;576;353;135;23;1;1;0
1;04/05/2012;0;0;27;137;361;580;769;908;990;831;927;796;607;384;156;26;2;1;0
1;05/05/2012;0;0;27;130;349;510;594;868;894;957;896;765;472;306;161;31;2;1;1
1;06/05/2012;0;0;38;122;292;546;466;226;362;310;544;477;297;238;116;36;2;1;1
1;07/05/2012;0;1;23;51;125;261;469;546;845;405;678;281;276;324;135;27;2;1;0
1;08/05/2012;0;0;35;182;346;503;746;835;521;611;449;828;604;376;158;27;4;1;0
1;09/05/2012;0;4;22;126;301;467;771;908;980;943;926;798;616;390;160;27;2;1;1
1;10/05/2012;0;0;25;131;353;578;769;907;981;983;920;790;607;385;160;30;2;1;1
1;11/05/2012;0;1;32;132;342;558;749;884;966;965;905;778;594;377;159;31;3;1;1
1;12/05/2012;0;0;29;131;330;546;724;857;923;927;871;747;569;365;183;48;6;1;1
1;13/05/2012;0;0;32;131;328;537;727;847;904;911;848;730;542;328;131;29;2;0;1
1;14/05/2012;0;0;42;52;68;103;120;80;75;176;165;217;194;174;139;27;2;0;0
1;15/05/2012;0;0;37;111;196;334;418;316;313;209;154;185;236;206;91;29;3;0;0
1;16/05/2012;0;5;28;138;356;574;759;895;933;642;930;785;611;408;94;22;0;0;0
1;17/05/2012;0;5;24;56;92;110;169;153;72;131;205;633;613;391;174;39;4;0;0
1;18/05/2012;0;4;34;162;366;524;798;942;994;1005;896;771;606;349;100;43;4;0;0
1;19/05/2012;0;4;33;149;365;589;778;908;974;975;913;783;602;389;168;37;5;1;0
1;20/05/2012;0;6;37;146;357;570;760;877;826;741;505;414;283;176;68;32;2;1;1
1;21/05/2012;0;1;35;126;333;495;740;869;948;966;903;776;599;385;100;13;2;1;1
1;22/05/2012;0;4;41;128;174;611;782;874;733;759;820;186;288;131;54;39;4;0;0
1;23/05/2012;232;128;37;3;1;0;0;5;38;153;371;632;622;477;1108;920;947;817;679
1;24/05/2012;0;1;20;88;216;482;390;584;641;903;800;808;466;327;182;51;6;1;1
1;25/05/2012;0;7;49;96;212;386;706;906;447;514;419;460;343;355;176;41;6;1;0
1;26/05/2012;0;7;68;127;139;276;538;862;377;530;240;707;263;137;54;27;2;1;1
1;27/05/2012;0;0;44;106;357;584;444;645;931;724;481;812;633;378;185;41;6;1;0
1;28/05/2012;0;6;34;147;356;461;685;912;767;603;343;248;117;112;77;24;2;1;0
1;29/05/2012;0;6;33;147;360;574;754;903;614;847;813;457;367;330;169;38;6;1;1
1;30/05/2012;0;6;35;147;357;574;761;893;964;973;910;789;611;400;184;40;7;1;1
1;31/05/2012;0;7;38;148;350;528;584;624;223;268;357;661;602;334;166;48;7;2;1
1;01/06/2012;0;8;36;151;348;580;745;877;962;699;406;397;238;360;115;38;6;1;1
1;02/06/2012;1;11;36;148;362;576;758;894;889;992;904;784;607;392;180;45;7;2;1
1;03/06/2012;1;10;37;147;358;574;760;888;968;980;907;783;604;382;193;50;10;2;1
1;04/06/2012;1;9;34;150;370;581;548;914;888;907;387;229;386;357;106;50;6;2;2
1;05/06/2012;1;1;27;149;350;584;789;907;977;982;923;755;518;409;190;45;9;1;1
1;06/06/2012;0;9;29;148;369;585;766;900;977;987;927;813;632;379;180;41;10;1;1
1;07/06/2012;1;9;34;148;358;578;768;830;928;965;909;787;619;410;193;46;11;2;2
1;08/06/2012;1;11;34;151;363;577;764;904;976;984;917;798;624;412;193;51;10;3;2
1;09/06/2012;2;9;39;147;372;577;759;869;877;967;637;417;607;377;193;71;14;3;3
1;10/06/2012;1;10;54;114;376;476;632;797;985;720;452;516;521;356;210;117;16;3;2
1;11/06/2012;1;1;30;171;364;569;541;632;982;1007;626;319;127;368;181;50;13;2;2
1;12/06/2012;1;11;32;144;368;585;689;878;969;1014;240;227;674;418;203;52;13;3;2
1;13/06/2012;1;11;31;149;371;591;770;906;974;979;922;805;629;346;208;48;12;2;1
1;14/06/2012;1;11;32;145;357;575;761;891;973;989;926;799;625;412;200;47;12;1;1
1;15/06/2012;0;10;41;142;356;571;630;911;980;989;931;815;644;433;206;47;11;2;1
1;16/06/2012;0;9;29;145;365;580;765;901;974;984;928;810;636;430;208;48;12;2;1
1;17/06/2012;0;9;31;144;362;580;766;903;978;987;931;813;643;433;210;49;13;2;1
1;18/06/2012;1;10;30;144;359;572;747;863;965;977;921;805;634;427;208;50;12;3;2
1;19/06/2012;1;10;35;146;353;565;745;879;962;974;917;742;0;366;178;0;13;3;2
1;20/06/2012;1;10;31;147;366;586;767;907;986;1000;942;822;639;365;236;59;15;3;2
1;21/06/2012;1;11;53;149;329;532;694;833;911;925;861;738;579;386;192;64;16;5;4
1;22/06/2012;2;2;43;145;344;551;725;858;934;946;900;782;607;410;203;53;13;3;2
1;23/06/2012;2;11;35;142;345;558;739;870;955;963;902;789;619;410;195;64;14;4;2
1;24/06/2012;1;9;37;140;340;549;729;868;702;957;900;776;609;346;92;52;9;3;3
1;25/06/2012;1;10;37;140;342;552;736;884;753;967;905;767;460;337;192;58;12;4;3
1;26/06/2012;2;2;35;139;340;548;728;860;940;944;895;771;605;398;198;54;11;3;2
1;27/06/2012;1;9;32;138;345;558;750;885;966;979;927;811;641;432;210;47;11;2;1
1;28/06/2012;0;8;29;138;352;566;749;883;960;978;926;814;644;432;210;49;11;2;2
1;29/06/2012;1;8;32;140;353;570;758;894;950;977;926;811;641;428;211;51;12;3;2
1;30/06/2012;1;10;33;137;341;554;735;865;955;967;911;798;630;425;209;58;15;4;3
1;01/07/2012;1;10;39;139;335;545;728;859;935;944;898;785;624;420;204;62;14;4;2
1;02/07/2012;2;2;41;139;335;546;730;874;775;720;896;233;368;143;91;42;11;4;3
1;03/07/2012;2;2;38;136;330;541;731;878;954;912;902;844;285;207;159;87;15;4;3
1;04/07/2012;1;8;40;135;328;529;705;857;943;947;904;781;621;357;86;57;16;3;2
1;05/07/2012;1;2;37;135;337;546;740;878;954;979;924;383;239;417;214;60;9;3;2
1;06/07/2012;2;2;44;135;328;540;734;873;958;986;903;362;131;80;88;55;11;3;2
1;07/07/2012;2;3;33;134;339;550;730;780;945;966;917;790;621;411;194;56;11;3;2
1;08/07/2012;1;2;37;134;337;557;752;892;975;984;924;813;647;441;212;57;13;4;2
1;09/07/2012;1;7;40;138;339;550;727;867;950;970;913;789;615;400;197;66;6;4;4
1;10/07/2012;2;3;44;138;327;513;717;862;945;969;935;811;634;416;205;56;13;4;3
1;11/07/2012;2;2;36;135;339;554;745;877;978;988;913;803;669;381;178;60;14;5;3
1;12/07/2012;1;6;36;135;345;559;728;928;394;438;323;410;199;259;211;52;11;3;3
1;13/07/2012;1;2;29;130;343;561;750;889;981;987;932;646;433;168;162;59;12;4;3
1;14/07/2012;1;2;29;128;344;567;761;903;982;996;942;826;638;424;202;56;13;5;4
1;15/07/2012;2;3;39;136;337;558;751;891;969;973;908;777;606;411;208;56;13;5;4
1;16/07/2012;2;2;29;78;345;567;748;894;688;716;783;674;632;422;202;47;8;2;2
1;17/07/2012;1;2;33;129;340;562;748;890;968;974;916;802;632;419;202;47;8;2;2
1;18/07/2012;1;1;27;115;322;541;738;885;971;990;941;828;661;445;219;49;9;2;1
1;19/07/2012;1;1;28;115;324;545;740;884;974;992;943;826;648;436;213;51;11;4;2
1;20/07/2012;2;2;27;118;329;551;745;886;978;981;923;802;632;421;206;54;12;4;3
1;21/07/2012;3;2;34;129;329;556;740;900;983;981;924;804;617;399;200;57;11;5;4
1;22/07/2012;2;2;41;113;287;478;688;878;844;1015;691;568;225;126;62;16;3;2;2
1;23/07/2012;0;0;0;39;60;124;212;416;753;537;273;385;293;155;140;56;5;2;2
1;24/07/2012;1;1;33;28;28;45;231;370;341;773;716;634;210;55;22;13;3;1;1
1;25/07/2012;1;1;39;79;285;601;238;333;449;596;718;350;197;252;125;50;6;2;1
1;26/07/2012;1;1;28;112;309;523;707;873;800;770;601;0;0;0;0;0;0;0;0
1;27/07/2012;0;0;0;0;0;0;0;0;0;0;0;590;632;423;199;42;7;2;2
1;28/07/2012;2;2;29;109;317;537;726;874;961;977;931;810;635;417;192;53;8;3;2
1;29/07/2012;1;2;39;117;292;502;689;830;906;937;890;762;593;392;190;58;10;5;4
1;30/07/2012;3;3;31;108;311;532;721;873;960;983;929;819;645;429;200;42;7;3;2
1;31/07/2012;2;2;26;104;314;535;725;871;959;976;926;805;624;414;192;41;7;3;2
1;01/08/2012;2;2;31;106;296;512;720;900;942;951;897;785;612;405;186;42;6;3;2
1;02/08/2012;1;2;28;105;310;535;724;869;958;975;917;793;609;414;191;40;7;3;2
1;03/08/2012;2;1;27;102;306;529;723;868;953;959;920;783;608;405;201;63;8;4;3
1;04/08/2012;1;1;26;101;305;530;727;873;972;990;741;781;603;389;179;42;8;4;3
1;05/08/2012;2;2;30;107;302;523;716;858;932;946;889;766;593;380;172;45;7;4;3
1;06/08/2012;2;2;35;112;290;502;700;848;936;960;904;774;592;370;167;49;9;5;4
1;07/08/2012;2;2;31;107;281;496;693;842;924;936;879;759;582;371;168;45;6;4;3
1;08/08/2012;2;2;35;103;290;512;721;881;970;990;928;806;633;413;184;36;6;3;2
1;09/08/2012;2;2;27;101;307;536;734;875;723;970;916;796;622;404;177;33;5;3;2
1;10/08/2012;2;2;26;95;296;512;707;851;928;952;909;790;611;402;165;28;3;2;2
1;11/08/2012;2;2;20;71;316;527;448;289;292;215;962;793;592;374;163;33;3;2;1
1;12/08/2012;1;1;27;95;288;529;633;744;980;984;927;803;623;400;169;28;3;2;2
1;13/08/2012;1;1;47;147;261;85;94;514;675;714;957;710;365;336;129;29;3;2;2
1;14/08/2012;2;1;30;95;233;447;636;904;1003;670;813;412;386;234;142;39;4;2;2
1;15/08/2012;1;1;25;92;291;516;713;860;946;961;886;777;590;369;165;30;5;3;2
1;16/08/2012;2;2;27;90;284;506;704;851;931;956;893;764;581;367;147;27;5;4;3
1;17/08/2012;2;2;26;97;302;506;704;852;938;954;904;780;600;380;156;26;4;2;2
1;18/08/2012;1;1;25;90;282;509;707;858;943;959;900;779;594;372;149;25;3;2;2
1;19/08/2012;1;1;24;89;281;509;704;849;930;950;891;765;586;365;149;25;4;2;2
1;20/08/2012;1;1;23;63;287;514;706;861;945;957;898;773;589;370;147;25;4;2;2
1;21/08/2012;1;1;22;84;284;515;711;861;939;917;872;747;576;368;148;23;3;2;2
1;22/08/2012;1;1;16;87;278;505;707;854;941;946;883;751;560;346;137;23;4;3;3
1;23/08/2012;2;2;16;86;293;526;728;886;968;986;926;797;610;382;152;24;5;4;3
1;24/08/2012;2;2;15;86;291;524;733;893;980;996;935;803;606;361;138;22;5;4;3
1;25/08/2012;2;2;15;87;292;529;734;888;975;988;922;767;572;349;131;20;4;3;2
1;26/08/2012;2;2;14;84;214;536;746;666;969;964;888;745;291;238;83;9;2;2;2
1;27/08/2012;2;2;13;85;285;479;749;767;821;916;935;787;600;370;135;14;2;1;1
1;28/08/2012;1;1;12;45;291;530;728;887;966;984;925;792;601;371;132;14;2;1;1
1;29/08/2012;0;0;11;79;295;534;740;887;970;981;923;786;592;364;128;14;2;2;1
1;30/08/2012;1;1;11;78;287;524;728;878;961;966;905;775;583;352;123;13;3;2;2
1;31/08/2012;2;2;11;77;283;513;712;859;948;953;880;743;546;326;115;14;3;3;2
1;01/09/2012;1;1;12;81;277;490;700;725;609;564;391;188;48;24;11;4;1;1;1
1;02/09/2012;1;1;1;75;187;276;735;828;932;970;543;213;0;0;0;0;0;0;0
1;03/09/2012;0;0;0;0;123;176;417;407;560;438;482;407;411;240;89;11;2;2;2
1;04/09/2012;1;1;7;63;108;390;740;633;809;973;738;705;132;98;39;5;2;2;2
1;05/09/2012;1;1;7;74;294;579;672;901;608;573;567;176;104;48;42;7;2;1;2
1;06/09/2012;1;1;15;75;289;346;509;764;738;303;231;156;258;178;52;5;1;1;1
1;07/09/2012;1;1;8;75;249;475;456;501;662;914;602;525;545;289;85;7;2;1;1
1;08/09/2012;1;1;6;74;287;497;0;871;948;951;882;745;546;313;92;6;1;1;1
1;09/09/2012;0;1;5;72;285;522;726;868;944;953;889;652;254;310;110;7;2;1;1
1;10/09/2012;1;0;6;61;261;456;704;858;937;933;859;714;499;255;55;4;2;1;1
1;11/09/2012;1;1;1;71;267;499;700;850;927;909;695;722;519;277;50;4;1;2;1
1;12/09/2012;101;782;99;69;2;4;2;2;933;836;1;0;5;62;244;472;686;832;898
1;13/09/2012;1;1;7;233;70;344;533;475;290;200;398;101;2;56;75;1;1;39;1
1;14/09/2012;432;1;1;23;1;912;88;430;721;182;522;867;205;230;38;2;1;1;1
1;15/09/2012;723;713;0;0;1;42;112;477;121;498;894;651;686;246;73;1;2;1;1
1;16/09/2012;1;1;460;1;267;62;450;545;609;2;836;704;608;247;423;64;1;1;1
1;17/09/2012;715;0;0;64;0;268;502;704;847;927;683;959;59;483;262;3;1;1;1
1;18/09/2012;186;556;0;0;0;62;358;279;263;600;402;269;500;518;1;55;2;1;1
1;19/09/2012;2;1;1;6;238;71;842;485;660;650;3;543;749;583;113;259;26;1;1
1;20/09/2012;354;28;1;1;1;143;448;431;472;656;586;480;527;249;56;2;0;1;0
1;21/09/2012;866;720;0;0;0;516;63;275;943;945;870;722;517;56;273;0;1;0;0
1;22/09/2012;1;0;0;0;265;61;922;505;702;844;923;691;844;2;237;478;46;1;1
1;23/09/2012;57;0;1;1;223;464;667;890;808;809;890;657;457;226;2;41;1;2;1
1;24/09/2012;700;1;1;1;56;491;242;157;891;838;902;820;163;555;38;3;2;2;2
1;25/09/2012;1;1;233;2;129;87;194;624;489;2;223;212;409;287;283;35;2;1;1
1;26/09/2012;35;1;1;1;461;163;259;473;522;484;682;611;405;165;3;19;1;2;1
1;27/09/2012;550;1;1;48;1;227;74;900;897;962;817;266;573;2;56;321;3;2;2
1;28/09/2012;1;1;1;52;201;420;631;473;4;882;503;607;647;322;180;34;3;2;2
1;29/09/2012;64;2;2;2;233;678;473;783;899;825;847;2;663;98;313;4;28;3;3
1;30/09/2012;288;1;1;144;59;2;63;404;856;767;845;417;548;133;11;2;2;2;1
1;01/10/2012;2;2;3;646;104;2;45;118;461;202;781;596;357;463;182;22;1;2;2
1;02/10/2012;41;1;1;1;671;169;473;471;805;767;234;388;39;212;1;13;1;1;1
1;03/10/2012;517;676;466;0;0;56;0;237;484;321;586;389;470;193;26;1;1;1;1
1;04/10/2012;198;639;0;433;1;0;1;1;244;0;59;481;819;677;1;22;887;888;810
1;05/10/2012;0;0;0;57;238;431;473;674;919;643;648;796;886;1;194;21;1;1;0
1;06/10/2012;0;424;0;0;59;239;674;476;874;881;811;635;790;1;188;1;19;0;1
1;07/10/2012;89;458;12;256;1;1;1;56;235;674;474;630;729;770;524;1;2;1;1
1;08/10/2012;313;0;0;0;0;679;274;243;695;729;200;529;709;0;124;1;12;0;0
1;09/10/2012;23;0;0;0;44;566;134;200;558;615;759;31;423;1;34;5;1;1;1
1;10/10/2012;1;1;0;23;286;73;151;650;460;565;327;197;1;1;116;400;6;1;1
1;11/10/2012;1;1;83;0;284;1;1;740;46;557;199;427;736;707;368;562;1;1;7
1;12/10/2012;1;1;361;205;221;1;1;137;219;116;66;163;61;9;1;1;134;53;1
1;13/10/2012;0;27;149;0;0;6;414;570;617;326;176;259;200;243;37;1;1;1;1
1;14/10/2012;380;420;652;24;30;5;1;1;1;1;166;551;0;1;30;0;519;811;765
1;15/10/2012;1;1;1;1;366;556;590;461;342;180;213;174;44;5;236;1;1;1;68
1;16/10/2012;435;650;1;166;146;402;451;5;1;0;1;1;461;0;18;226;1;389;760
1;17/10/2012;132;668;472;806;565;193;377;1;0;0;0;729;860;0;0;46;0;7;876
1;18/10/2012;144;0;225;604;0;0;0;42;665;869;465;803;1;852;0;391;763;4;1
1;19/10/2012;0;0;411;859;596;755;846;385;209;0;32;138;0;0;1;0;4;797;504
1;20/10/2012;0;209;0;0;207;350;632;840;123;845;747;591;364;1;3;1;0;0;50
1;21/10/2012;0;773;585;1;822;364;50;0;0;3;0;0;209;837;443;640;742;118;1
1;22/10/2012;0;0;437;562;630;1;816;96;847;1;14;1;632;348;196;722;0;1;3
1;23/10/2012;0;1;92;456;529;315;796;704;792;0;716;17;1;1;85;195;0;0;2
1;24/10/2012;653;0;0;154;0;19;373;571;704;2;758;743;65;263;0;1;0;453;1
1;25/10/2012;87;15;0;0;0;624;130;696;539;665;370;516;58;2;1;0;0;0;30
1;26/10/2012;1;59;1;673;434;362;0;1;1;20;375;158;724;1;180;615;742;2;0
1;27/10/2012;1;369;1;48;653;0;81;1;1;1;17;30;1;107;1;262;468;30;2
1;28/10/2012;42;0;162;158;165;1;0;0;1;0;0;9;100;121;66;144;124;162;1
1;29/10/2012;0;62;438;0;0;35;901;7;604;27;1;0;625;0;138;283;620;0;1
1;30/10/2012;828;191;0;811;0;0;0;23;623;205;0;0;760;52;0;382;0;426;617
1;31/10/2012;0;157;33;129;0;276;236;140;136;0;0;3;6;68;0;0;43;0;0
1;01/11/2012;0;726;1;573;1;0;427;5;550;1;626;486;0;84;0;161;175;552;0
1;02/11/2012;0;0;0;19;523;400;1;727;719;413;594;274;0;0;649;74;0;143;0
1;03/11/2012;275;1;43;0;0;19;185;494;796;342;124;1;1;0;532;0;1;728;726
1;04/11/2012;1;268;316;1;442;284;472;79;0;0;81;5;256;1;22;1;0;176;0
1;05/11/2012;86;1;131;1;1;39;48;133;1;2;141;96;144;108;29;1;1;1;8
1;06/11/2012;0;159;1;204;19;481;330;9;0;1;0;107;552;633;294;509;0;1;0
1;07/11/2012;1;0;0;175;0;0;230;87;78;1;141;275;742;394;0;121;0;0;22
1;08/11/2012;0;0;392;309;685;720;527;0;0;7;0;0;0;159;589;783;771;55;0
1;09/11/2012;0;270;0;155;562;651;57;0;9;708;290;616;720;499;0;0;0;0;0
1;10/11/2012;0;0;724;629;201;62;0;0;0;0;511;155;532;350;0;8;696;267;0
1;11/11/2012;0;321;254;200;1;433;1;274;144;1;1;92;6;1;0;1;170;11;465
1;12/11/2012;461;1;1;1;1;307;512;394;199;1;346;1;1;277;44;111;30;1;1
1;13/11/2012;1;5;33;265;1;105;1;0;1;0;190;1;172;31;478;80;86;1;0
1;14/11/2012;458;0;356;0;0;0;0;287;441;427;132;0;0;381;107;107;11;0;0
1;15/11/2012;0;0;19;0;12;0;5;0;33;48;26;46;101;79;0;0;0;13;0
1;16/11/2012;0;68;26;1;61;0;0;27;32;0;41;75;6;0;0;0;12;0;15
1;17/11/2012;134;0;112;0;0;45;119;0;0;16;0;220;78;8;1;0;0;88;43
1;18/11/2012;1;0;0;18;5;5;0;0;0;59;113;128;160;94;23;44;0;1;109
1;19/11/2012;0;0;27;1;1;0;81;69;51;63;49;2;0;0;0;0;15;47;112
1;20/11/2012;0;142;0;0;0;66;245;60;225;15;0;0;110;3;20;53;0;1;0
1;21/11/2012;40;0;125;126;165;210;0;486;0;0;0;33;198;1;9;25;0;0;0
1;22/11/2012;0;28;0;0;0;227;442;264;672;485;109;53;4;508;0;0;0;0;0
1;23/11/2012;33;155;0;0;0;0;0;92;181;168;12;213;119;133;0;0;140;0;1
1;24/11/2012;0;0;171;26;0;201;372;0;0;328;226;486;0;400;0;275;0;0;24
1;25/11/2012;81;0;0;768;642;0;0;291;410;519;0;0;21;225;0;0;0;481;189
1;26/11/2012;0;513;318;651;720;0;254;28;0;629;89;0;0;0;0;0;586;477;0
1;27/11/2012;0;65;345;0;0;1;212;146;0;426;411;306;0;0;93;9;0;524;0
1;28/11/2012;155;0;0;254;0;1;67;0;38;0;0;0;153;53;130;89;7;1;208
1;29/11/2012;582;138;0;0;0;402;0;0;0;0;211;35;532;15;392;644;0;480;0
1;30/11/2012;0;251;321;0;0;569;0;620;0;0;445;670;102;98;0;0;5;0;30
1;01/12/2012;114;0;0;0;516;643;421;524;0;596;0;0;0;81;313;370;9;0;0
1;02/12/2012;98;58;0;0;0;655;0;658;0;0;702;0;0;44;12;417;479;0;4
1;03/12/2012;0;0;96;547;140;381;213;655;0;10;0;0;0;7;0;514;0;0;503
1;04/12/2012;0;0;93;225;443;270;0;627;0;0;489;0;659;4;0;0;0;46;291
1;05/12/2012;5;287;0;62;0;0;0;0;0;0;0;0;309;582;653;707;484;33;639
1;06/12/2012;0;94;494;273;233;0;0;0;0;0;33;175;88;232;294;639;0;0;0
1;07/12/2012;0;283;250;0;0;16;0;708;639;709;79;0;0;0;0;620;479;472;0
1;08/12/2012;160;0;0;0;1;21;60;113;21;28;11;0;0;0;0;0;32;59;0
1;09/12/2012;0;0;143;0;0;0;0;0;49;68;220;63;38;0;1;0;12;50;1
1;10/12/2012;100;631;71;271;0;0;699;0;0;0;60;9;0;477;612;702;0;0;0
1;11/12/2012;0;0;0;0;697;0;28;473;0;349;7;620;0;0;620;699;260;0;167
1;12/12/2012;231;0;0;263;0;325;120;0;104;0;0;112;15;165;0;38;0;114;0
1;13/12/2012;0;0;349;0;460;0;245;0;6;0;0;45;494;0;643;539;112;634;0
1;14/12/2012;460;0;0;180;5;46;40;0;0;0;0;372;133;4;0;0;305;0;449
1;15/12/2012;1;0;76;7;54;122;16;0;64;0;0;0;0;90;0;71;0;30;0
1;16/12/2012;192;210;0;125;142;143;79;9;45;0;0;0;0;0;94;0;0;0;12
1;17/12/2012;0;0;64;0;0;133;23;6;0;0;220;31;377;0;0;89;3;0;179
1;18/12/2012;421;22;0;135;0;0;153;618;0;0;563;470;284;162;0;0;0;0;28
1;19/12/2012;98;0;0;0;38;13;0;118;59;0;17;0;1;0;64;7;0;0;39
1;20/12/2012;10;579;428;446;424;0;610;230;0;0;202;0;0;100;0;8;0;0;0
1;21/12/2012;0;75;1;13;68;0;3;25;0;66;0;0;0;51;0;118;0;107;0
1;22/12/2012;0;0;32;72;304;78;0;0;0;1;53;300;0;10;0;66;0;214;0
1;23/12/2012;676;436;221;221;595;0;0;0;0;57;0;448;14;0;0;0;0;504;678
1;24/12/2012;442;642;0;572;0;0;421;38;639;27;0;0;0;0;237;577;220;0;0
1;25/12/2012;0;13;682;173;0;0;17;0;592;427;0;195;674;221;0;0;0;0;594
1;26/12/2012;224;36;19;0;0;0;0;624;276;0;0;164;601;0;0;0;101;284;482
1;27/12/2012;0;531;0;503;0;527;265;544;6;0;32;0;299;0;0;481;0;0;33
1;28/12/2012;84;60;150;40;0;0;0;109;63;0;136;17;0;111;0;0;274;0;0
1;29/12/2012;0;23;152;0;9;422;481;0;493;0;307;0;493;0;0;271;460;0;0
1;30/12/2012;0;39;272;665;0;0;0;582;0;427;210;0;676;0;31;0;0;612;502
1;31/12/2012;674;0;0;0;427;0;217;121;0;108;590;0;686;634;0;26;0;0;33
2;01/01/2012;0;0;0;0;0;0;0;0;0;0;0;0;0;0;0;0;0;0;0
2;02/01/2012;0;0;0;0;0;0;0;0;0;0;0;0;0;0;0;0;0;0;0
2;03/01/2012;0;0;0;0;0;0;0;0;0;0;0;0;0;0;0;0;0;0;0
2;04/01/2012;0;0;0;0;0;0;0;0;0;0;0;0;0;0;0;0;0;0;0
2;05/01/2012;0;0;0;0;0;0;0;0;0;0;0;0;0;0;0;0;0;0;0
2;06/01/2012;0;0;0;0;0;0;0;0;0;0;0;0;0;0;0;0;0;0;0
2;07/01/2012;0;0;0;0;0;0;0;0;0;0;0;0;0;0;0;0;0;0;0
2;08/01/2012;0;0;0;0;0;0;0;0;0;0;0;0;0;0;0;0;0;0;0
2;09/01/2012;0;0;0;0;0;0;0;0;0;0;0;0;0;0;0;0;0;0;0
2;10/01/2012;0;0;0;0;0;0;0;0;0;0;0;0;0;0;0;0;0;0;0
2;11/01/2012;0;0;0;0;0;0;0;0;0;0;0;0;0;0;0;0;0;0;0
2;12/01/2012;0;0;0;0;0;0;0;0;0;0;0;0;0;0;0;0;0;0;0
2;13/01/2012;0;0;0;0;0;0;0;0;0;0;0;0;0;0;0;0;0;0;0
2;14/01/2012;0;0;0;0;0;0;0;0;0;0;0;0;0;0;0;0;0;0;0
2;15/01/2012;0;0;0;0;0;0;0;0;0;0;0;0;0;0;0;0;0;0;0
2;16/01/2012;0;0;0;0;0;0;0;0;0;0;0;0;0;0;0;0;0;0;0
2;17/01/2012;0;0;0;0;0;0;0;0;0;0;0;0;0;0;0;0;0;0;0
2;18/01/2012;0;0;0;0;0;0;0;0;0;0;0;0;0;0;0;0;0;0;0
2;19/01/2012;0;0;0;0;0;0;0;0;0;0;0;0;0;0;0;0;0;0;0
2;20/01/2012;0;0;0;0;0;0;0;0;0;0;0;0;0;0;0;0;0;0;0
2;21/01/2012;0;0;0;0;0;0;0;0;0;0;0;0;0;0;0;0;0;0;0
2;22/01/2012;0;0;0;0;0;0;0;0;0;0;0;0;0;0;0;0;0;0;0
2;23/01/2012;0;0;0;0;0;0;0;0;0;0;0;0;0;0;0;0;0;0;0
2;24/01/2012;0;0;0;0;0;0;0;0;0;0;0;0;0;0;0;0;0;0;0
2;25/01/2012;0;0;0;0;0;0;0;0;0;0;0;0;0;0;0;0;0;0;0
2;26/01/2012;0;0;0;0;0;0;0;0;0;0;0;0;0;0;0;0;0;0;0
2;27/01/2012;0;0;0;0;0;0;0;0;0;0;0;0;0;0;0;0;0;0;0
2;28/01/2012;0;0;0;0;0;0;0;0;0;0;0;0;0;0;0;0;0;0;0
2;29/01/2012;0;0;0;0;0;0;0;0;0;0;0;0;0;0;0;0;0;0;0
2;30/01/2012;0;0;0;0;0;0;0;0;0;0;0;0;0;0;0;0;0;0;0
2;31/01/2012;0;0;0;0;0;0;0;0;0;0;0;0;0;0;0;0;0;0;0
2;01/02/2012;0;0;0;0;0;0;0;0;0;0;0;0;0;0;0;0;0;0;0
2;02/02/2012;0;0;0;0;0;0;0;0;0;0;0;0;0;0;0;0;0;0;0
2;03/02/2012;0;0;0;0;0;0;0;0;0;0;0;0;0;0;0;0;0;0;0
2;04/02/2012;0;0;0;0;0;0;0;0;0;0;0;0;0;0;0;0;0;0;0
2;05/02/2012;0;0;0;0;0;0;0;0;0;0;0;0;0;0;0;0;0;0;0
2;06/02/2012;0;0;0;0;0;0;0;0;0;0;0;0;0;0;0;0;0;0;0
2;07/02/2012;0;0;0;0;0;0;0;0;0;0;0;0;0;0;0;0;0;0;0
2;08/02/2012;0;0;0;0;0;0;0;0;0;0;0;0;0;0;0;0;0;0;0
2;09/02/2012;0;0;0;0;0;0;0;0;0;0;0;0;0;0;0;0;0;0;0
2;10/02/2012;0;0;0;0;0;0;0;0;0;0;0;0;0;0;0;0;0;0;0
2;11/02/2012;0;0;0;0;0;0;0;0;0;0;0;0;0;0;0;0;0;0;0
2;12/02/2012;0;0;0;0;0;0;0;0;0;0;0;0;0;0;0;0;0;0;0
2;13/02/2012;0;0;0;0;0;0;0;0;0;0;0;0;0;0;0;0;0;0;0
2;14/02/2012;0;0;0;0;0;0;0;0;0;0;0;0;0;0;0;0;0;0;0
2;15/02/2012;0;0;0;0;0;0;0;0;0;0;0;0;0;0;0;0;0;0;0
2;16/02/2012;0;0;0;0;0;0;0;0;0;0;0;0;0;0;0;0;0;0;0
2;17/02/2012;0;0;0;0;0;0;0;0;0;0;0;0;0;0;0;0;0;0;0
2;18/02/2012;0;0;0;0;0;0;0;0;0;0;0;0;0;0;0;0;0;0;0
2;19/02/2012;0;0;0;0;0;0;0;0;0;0;0;0;0;0;0;0;0;0;0
2;20/02/2012;0;0;0;0;0;0;0;0;0;0;0;0;0;0;0;0;0;0;0
2;21/02/2012;0;0;0;0;0;0;0;0;0;0;0;0;0;0;0;0;0;0;0
2;22/02/2012;0;0;0;0;0;0;0;0;0;0;0;0;0;0;0;0;0;0;0
2;23/02/2012;0;0;0;0;0;0;0;0;0;0;0;0;0;0;0;0;0;0;0
2;24/02/2012;0;0;0;0;0;0;0;0;0;0;0;0;0;0;0;0;0;0;0
2;25/02/2012;0;0;0;0;0;0;0;0;0;0;0;0;0;0;0;0;0;0;0
2;26/02/2012;0;0;0;0;0;0;0;0;0;0;0;0;0;0;0;0;0;0;0
2;27/02/2012;0;0;0;0;0;0;0;0;0;0;0;0;0;0;0;0;0;0;0
2;28/02/2012;0;0;0;0;0;0;0;0;0;0;0;0;0;0;0;0;0;0;0
2;29/02/2012;0;0;0;0;0;0;0;0;0;0;0;0;0;0;0;0;0;0;0
2;01/03/2012;0;0;0;0;0;0;0;0;0;0;0;0;0;0;0;0;0;0;0
2;02/03/2012;0;0;0;0;0;0;0;0;0;0;0;0;0;0;0;0;0;0;0
2;03/03/2012;0;0;0;0;0;0;0;0;0;0;0;0;0;0;0;0;0;0;0
2;04/03/2012;0;0;0;0;0;0;0;0;0;0;0;0;0;0;0;0;0;0;0
2;05/03/2012;0;0;0;0;0;0;0;0;0;0;0;0;0;0;0;0;0;0;0
2;06/03/2012;0;0;0;0;0;0;0;0;0;0;0;0;0;0;0;0;0;0;0
2;07/03/2012;0;0;0;0;0;0;0;0;0;0;0;0;0;0;0;0;0;0;0
2;08/03/2012;0;0;0;0;0;0;0;0;0;0;0;0;0;0;0;0;0;0;0
2;09/03/2012;0;0;0;0;0;0;0;0;0;0;0;0;0;0;0;0;0;0;0
2;10/03/2012;0;0;0;0;0;0;0;0;0;0;0;0;0;0;0;0;0;0;0
2;11/03/2012;0;0;0;0;0;0;0;0;0;0;0;0;0;0;0;0;0;0;0
2;12/03/2012;0;0;0;0;0;0;0;0;0;0;0;0;0;0;0;0;0;0;0
2;13/03/2012;0;0;0;0;0;0;0;0;0;0;0;0;0;0;0;0;0;0;0
2;14/03/2012;0;0;0;0;0;0;0;0;0;0;0;0;0;0;0;0;0;0;0
2;15/03/2012;0;0;0;0;0;0;0;0;0;0;0;0;0;0;0;0;0;0;0
2;16/03/2012;0;0;0;0;0;0;0;0;0;0;0;0;0;0;0;0;0;0;0
2;17/03/2012;0;0;0;0;0;0;0;0;0;0;0;0;0;0;0;0;0;0;0
2;18/03/2012;0;0;0;0;0;0;0;0;0;0;0;0;0;0;0;0;0;0;0
2;19/03/2012;0;0;0;0;0;0;0;0;0;0;0;0;0;0;0;0;0;0;0
2;20/03/2012;0;0;0;0;0;0;0;0;0;0;0;0;0;0;0;0;0;0;0
2;21/03/2012;0;0;0;0;0;0;0;0;0;0;0;0;0;0;0;0;0;0;0
2;22/03/2012;0;0;0;0;0;0;0;0;0;0;0;0;0;0;0;0;0;0;0
2;23/03/2012;0;0;0;0;0;0;0;0;0;0;0;0;0;0;0;0;0;0;0
2;24/03/2012;0;0;0;0;0;0;0;0;0;0;0;0;0;0;0;0;0;0;0
2;25/03/2012;0;0;0;0;0;0;0;0;0;0;0;0;0;0;0;0;0;0;0
2;26/03/2012;0;0;0;0;0;0;0;0;0;0;0;0;0;0;0;0;0;0;0
2;27/03/2012;0;0;0;0;0;0;0;0;0;0;0;0;0;0;0;0;0;0;0
2;28/03/2012;0;0;0;0;0;0;0;0;0;0;0;0;0;0;0;0;0;0;0
2;29/03/2012;0;0;0;0;0;0;0;0;0;0;0;0;0;0;0;0;0;0;0
2;30/03/2012;0;0;0;0;0;0;0;0;0;0;0;0;0;0;0;0;0;0;0
2;31/03/2012;0;0;0;0;0;0;0;0;0;0;0;0;0;0;0;0;0;0;0
2;01/04/2012;0;0;0;0;0;0;0;0;0;0;0;0;0;0;0;0;0;0;0
2;02/04/2012;0;0;0;0;0;0;0;0;0;0;0;0;0;0;0;0;0;0;0
2;03/04/2012;0;0;0;0;0;0;0;0;0;0;0;0;0;0;0;0;0;0;0
2;04/04/2012;0;0;0;0;0;0;0;0;0;0;0;0;0;195;56;0;0;0;0
2;05/04/2012;0;0;0;67;197;246;258;343;313;298;274;150;117;65;29;1;0;0;0
2;06/04/2012;0;0;0;60;278;438;245;710;459;663;579;484;201;33;0;0;542;0;0
2;07/04/2012;0;0;0;34;187;223;99;212;136;72;162;299;64;92;45;3;0;0;0
2;08/04/2012;0;0;0;6;49;110;569;384;531;783;650;672;159;160;47;0;0;0;0
2;09/04/2012;0;0;0;23;159;78;199;843;666;934;975;711;548;360;97;2;0;0;0
2;10/04/2012;0;0;0;4;95;331;577;782;930;1006;1002;936;787;581;313;97;0;0;0
2;11/04/2012;0;0;0;33;120;80;40;331;578;943;993;815;571;283;52;0;0;0;0
2;12/04/2012;0;0;5;101;342;588;789;949;1037;962;709;226;357;108;13;2;0;0;0
2;13/04/2012;0;0;0;7;75;92;103;99;67;88;130;259;129;91;12;0;0;0;0
2;14/04/2012;0;0;0;116;276;266;307;508;723;1117;749;188;9;0;9;0;0;0;0
2;15/04/2012;0;53;274;529;505;859;763;346;192;349;427;79;74;2;0;0;0;5;0
2;16/04/2012;0;0;0;28;13;147;155;246;332;241;163;28;25;1;0;0;0;0;173
2;17/04/2012;0;0;5;62;145;272;168;259;271;450;329;147;162;128;40;0;0;0;0
2;18/04/2012;0;0;8;71;151;240;448;554;1029;931;969;633;305;108;9;1;0;0;0
2;19/04/2012;0;0;0;12;115;175;164;773;169;432;260;156;116;166;52;3;0;0;0
2;20/04/2012;713;0;0;4;60;349;618;720;647;631;314;129;66;85;34;8;0;0;0
2;21/04/2012;0;0;16;130;378;390;457;560;586;709;1075;782;479;201;108;5;0;0;0
2;22/04/2012;1044;171;0;0;41;117;280;543;808;892;836;786;511;134;51;1;0;0;0
2;23/04/2012;0;0;11;54;162;525;537;432;839;262;194;117;163;124;47;0;0;0;0
2;24/04/2012;0;0;799;690;0;0;9;106;374;608;929;1001;927;734;585;296;119;8;0
2;25/04/2012;785;0;0;8;147;395;627;768;955;1037;1003;823;598;322;109;5;0;0;0
2;26/04/2012;0;0;14;145;388;630;826;961;1031;1029;955;806;593;349;114;3;0;0;0
2;27/04/2012;0;0;19;151;394;628;818;948;1014;1017;938;769;591;345;114;5;0;0;0
2;28/04/2012;0;0;17;146;383;616;809;944;1008;1003;923;776;571;333;111;6;0;0;0
2;29/04/2012;0;0;30;182;243;502;807;937;994;987;845;751;538;197;104;15;0;0;0
2;30/04/2012;346;0;0;23;126;224;432;528;608;651;1002;871;795;429;102;9;0;0;0
2;01/05/2012;957;151;0;0;26;382;612;800;930;978;892;755;563;334;116;6;0;0;0
2;02/05/2012;0;24;149;374;598;778;901;966;968;937;772;534;315;108;7;0;0;0;0
2;03/05/2012;901;0;0;117;573;344;764;981;604;0;0;33;146;381;792;7;0;702;995
2;04/05/2012;603;998;1002;807;623;401;25;162;0;0;945;941;800;371;136;10;0;0;0
2;05/05/2012;0;532;0;0;23;148;385;560;649;819;1081;941;892;827;304;139;13;0;0
2;06/05/2012;112;367;672;0;0;37;136;646;487;238;730;389;537;336;232;16;0;0;0
2;07/05/2012;30;306;0;0;1;108;254;432;630;922;938;796;291;130;88;7;0;0;0
2;08/05/2012;0;0;25;195;388;572;772;753;1136;649;493;508;611;370;144;12;0;0;0
2;09/05/2012;0;0;15;150;426;505;817;944;1012;1011;941;802;616;383;144;10;0;0;0
2;10/05/2012;0;0;23;158;394;624;812;945;1011;1009;937;796;606;378;144;12;0;0;0
2;11/05/2012;0;0;29;154;379;600;788;924;992;993;923;787;591;370;142;14;0;0;0
2;12/05/2012;0;0;28;157;387;612;798;929;993;994;914;784;593;372;185;35;0;0;0
2;13/05/2012;0;0;24;153;378;616;806;924;980;975;896;766;577;343;121;11;0;0;0
2;14/05/2012;0;0;18;33;55;108;121;69;58;168;164;224;154;198;127;14;0;0;0
2;15/05/2012;0;0;23;101;200;452;464;444;450;259;154;177;213;247;122;16;0;0;0
2;16/05/2012;0;0;23;172;411;635;825;958;1165;727;983;826;519;420;105;9;0;0;0
2;17/05/2012;0;0;13;31;67;191;177;136;85;123;223;722;498;368;162;26;0;0;0
2;18/05/2012;0;0;25;163;407;497;860;1033;1024;1020;908;784;622;356;85;26;0;0;0
2;19/05/2012;0;0;29;178;409;636;823;949;1008;1002;932;794;602;381;152;20;0;0;0
2;20/05/2012;0;0;32;171;398;611;800;922;849;768;521;422;281;168;52;15;0;0;0
2;21/05/2012;0;0;25;131;352;519;780;905;982;991;922;786;601;378;82;1;0;0;0
2;22/05/2012;0;0;35;138;173;666;821;844;919;767;643;185;284;111;34;16;0;0;0
2;23/05/2012;261;125;20;0;0;0;0;0;23;160;406;196;418;707;558;1044;955;825;682
2;24/05/2012;0;0;10;49;196;404;591;490;771;983;935;835;506;302;170;30;0;0;0
2;25/05/2012;0;1;38;101;207;353;1066;905;449;509;450;425;319;313;162;21;0;0;0
2;26/05/2012;0;1;61;149;135;230;635;696;507;396;240;813;266;140;43;15;0;0;0
2;27/05/2012;0;0;34;110;399;653;591;637;870;876;366;841;492;363;173;25;0;0;0
2;28/05/2012;0;0;36;179;400;468;746;945;975;631;355;243;101;107;64;6;0;0;0
2;29/05/2012;0;0;30;177;402;621;802;934;629;1001;967;702;455;388;145;23;3;0;0
2;30/05/2012;0;0;31;174;396;604;802;933;999;1002;935;804;618;397;168;24;0;0;0
2;31/05/2012;0;0;34;173;393;597;861;791;113;140;427;815;607;331;143;28;0;0;0
2;01/06/2012;0;0;34;168;388;611;790;904;780;834;454;303;413;395;105;15;0;0;0
2;02/06/2012;0;0;31;172;395;609;787;907;913;974;902;778;597;379;158;24;0;0;0
2;03/06/2012;0;0;32;168;391;607;784;910;977;971;906;775;595;368;160;31;0;0;0
2;04/06/2012;0;0;29;176;406;626;757;952;1027;592;375;204;243;289;88;29;0;0;0
2;05/06/2012;0;0;20;176;415;617;821;939;993;985;915;837;670;395;171;28;0;0;0
2;06/06/2012;0;0;27;177;406;620;795;917;988;990;924;806;633;419;129;26;0;0;0
2;07/06/2012;0;0;30;176;400;623;816;932;981;997;930;801;621;404;175;27;0;0;0
2;08/06/2012;0;0;31;178;406;623;807;940;1007;1002;928;802;622;403;173;31;0;0;0
2;09/06/2012;0;0;40;174;375;631;795;924;983;964;775;594;598;369;183;49;1;0;0
2;10/06/2012;0;0;36;98;367;567;760;799;955;933;454;617;532;354;197;100;5;0;0
2;11/06/2012;0;0;41;192;321;619;591;666;1024;955;750;177;88;338;153;33;0;0;0
2;12/06/2012;0;0;28;174;411;624;759;926;998;1017;238;584;532;408;185;33;0;0;0
2;13/06/2012;0;0;14;162;422;646;822;944;1003;1005;943;818;631;414;183;31;0;0;0
2;14/06/2012;0;0;30;176;404;625;816;940;1012;1015;946;811;631;413;188;30;1;0;0
2;15/06/2012;0;0;39;166;402;621;660;960;1015;1012;952;828;650;432;193;32;0;0;0
2;16/06/2012;0;0;28;180;412;632;815;945;1008;1011;948;810;632;426;194;32;0;0;0
2;17/06/2012;0;1;30;177;410;631;814;947;1013;1015;952;826;648;430;195;32;0;0;0
2;18/06/2012;0;0;28;177;404;620;794;820;1001;1004;943;817;641;423;192;33;0;0;0
2;19/06/2012;0;0;30;172;392;608;787;918;993;999;935;812;630;415;188;43;0;0;0
2;20/06/2012;0;0;28;177;402;637;817;945;1020;1022;956;834;642;344;212;38;0;0;0
2;21/06/2012;0;0;44;162;249;572;728;865;935;942;870;748;572;372;169;39;0;0;0
2;22/06/2012;0;0;42;163;379;595;768;822;959;973;915;793;627;405;185;35;0;0;0
2;23/06/2012;0;0;37;168;389;606;782;909;981;987;917;797;621;400;179;42;0;0;0
2;24/06/2012;0;0;30;164;380;592;772;891;980;984;918;782;609;353;71;30;0;0;0
2;25/06/2012;0;0;32;162;381;597;779;915;994;976;872;825;430;352;185;38;0;0;0
2;26/06/2012;0;0;36;162;380;592;773;898;969;972;903;781;599;394;181;37;0;0;0
2;27/06/2012;0;0;28;166;390;608;796;930;1003;1009;948;825;647;430;196;32;0;0;0
2;28/06/2012;0;0;24;168;396;615;797;929;994;1005;943;820;650;424;194;32;0;0;0
2;29/06/2012;0;0;28;168;396;619;803;931;988;1002;941;824;647;422;193;32;0;0;0
2;30/06/2012;0;0;27;162;381;598;778;909;978;991;924;807;631;416;191;37;0;0;0
2;01/07/2012;0;0;31;159;372;586;768;889;962;965;911;794;622;412;185;39;0;0;0
2;02/07/2012;0;0;39;159;371;584;769;907;586;265;270;419;473;208;73;17;0;0;0
2;03/07/2012;0;0;37;157;367;586;775;912;985;986;794;772;296;209;135;69;2;0;0
2;04/07/2012;0;0;32;155;363;572;744;892;970;972;914;788;615;356;62;34;4;0;0
2;05/07/2012;0;0;39;157;374;594;785;914;984;1004;937;436;237;367;198;42;0;0;0
2;06/07/2012;0;0;53;167;365;579;779;909;800;1018;950;497;137;61;80;36;0;0;0
2;07/07/2012;0;0;30;159;377;592;775;930;986;997;931;802;622;406;179;34;0;0;0
2;08/07/2012;0;0;28;156;375;600;789;923;1008;1010;945;823;650;433;193;34;0;0;0
2;09/07/2012;0;0;33;160;374;591;766;903;987;992;931;802;617;392;178;42;0;0;0
2;10/07/2012;0;0;40;156;360;576;754;892;965;980;937;812;630;412;186;33;0;0;0
2;11/07/2012;163;0;0;28;157;376;596;784;909;999;1004;362;37;0;0;0;669;810;939
2;12/07/2012;0;404;0;0;33;157;381;601;771;891;432;617;336;240;253;198;34;0;0
2;13/07/2012;155;1005;0;0;27;156;385;610;794;931;1013;946;807;330;172;40;0;0;0
2;14/07/2012;0;610;0;0;25;154;382;805;942;1012;1018;953;826;632;413;180;32;0;0
2;15/07/2012;0;988;42;0;0;154;371;598;787;922;986;918;778;602;397;181;31;0;0
2;16/07/2012;612;0;0;30;156;388;795;931;838;1056;764;864;623;417;188;30;0;0;0
2;17/07/2012;0;633;29;0;0;155;381;602;790;928;1002;1003;938;816;414;188;31;0;0
2;18/07/2012;33;1018;0;0;22;139;363;588;786;924;1005;963;840;663;442;202;0;0;0
2;19/07/2012;627;667;781;0;0;22;139;362;590;925;1007;1017;962;834;627;627;627;627;470
2;20/07/2012;1000;139;0;0;21;366;591;786;934;1004;933;812;635;415;189;33;0;0;0
2;21/07/2012;0;0;0;37;142;362;509;780;935;1013;1005;934;798;614;390;184;37;0;0
2;22/07/2012;138;108;0;0;42;313;424;667;889;702;875;721;705;240;40;2;0;0;0
2;23/07/2012;0;0;0;0;29;41;130;203;430;772;546;269;424;286;152;135;41;0;0
2;24/07/2012;32;595;0;0;18;8;8;55;222;241;266;710;291;578;9;0;0;0;0
2;25/07/2012;793;367;0;0;22;90;459;510;464;454;480;349;183;193;118;33;0;0;0
2;26/07/2012;907;0;0;21;126;340;559;751;1000;984;920;799;615;403;180;28;0;0;0
2;27/07/2012;0;0;19;126;573;770;646;997;990;934;815;634;420;187;24;0;0;0;347
2;28/07/2012;0;0;23;125;349;575;767;908;989;996;945;819;634;409;176;31;0;0;0
2;29/07/2012;0;0;32;120;313;531;721;860;949;900;769;591;384;33;0;0;0;171;937
2;30/07/2012;0;0;23;121;340;570;759;906;988;1003;947;648;423;191;24;0;0;0;826
2;31/07/2012;0;0;122;345;572;759;902;1000;944;812;627;409;177;22;0;0;0;981;24
2;01/08/2012;0;0;23;116;318;619;917;962;975;913;789;615;398;170;0;0;0;23;546
2;02/08/2012;0;0;119;337;567;757;899;977;990;931;797;406;172;21;0;0;0;621;20
2;03/08/2012;0;0;18;115;334;564;758;898;978;925;785;601;392;186;44;0;0;0;985
2;04/08/2012;0;0;19;116;334;565;902;988;1011;597;376;157;0;0;0;20;787;934;762
2;05/08/2012;116;326;557;745;881;770;362;22;0;0;0;151;585;898;950;956;0;23;0
2;06/08/2012;0;0;27;310;956;905;578;23;0;0;142;350;768;971;877;116;535;733;0
2;07/08/2012;757;887;946;726;23;0;0;524;949;357;22;109;301;869;147;0;0;0;577
2;08/08/2012;915;17;812;1009;19;314;756;939;630;0;0;0;107;0;545;1017;403;166;0
2;09/08/2012;0;335;980;805;620;928;0;161;0;27;0;394;116;571;0;768;905;988;16
2;10/08/2012;0;110;885;958;549;397;146;9;0;0;975;927;325;19;0;744;801;614;0
2;11/08/2012;0;10;544;214;205;0;0;17;0;145;591;723;339;0;62;307;192;598;364
2;12/08/2012;19;0;10;624;806;1005;758;104;556;310;0;0;599;1013;942;395;149;0;0
2;13/08/2012;831;0;0;439;0;10;117;342;75;894;974;684;83;189;0;0;26;153;590
2;14/08/2012;576;0;21;304;103;160;389;945;689;257;519;62;24;0;0;872;833;0;0
2;15/08/2012;0;0;11;0;11;113;936;589;780;979;965;547;744;102;315;0;0;889;368
2;16/08/2012;763;0;578;0;0;9;538;960;878;735;94;0;0;16;305;973;908;352;127
2;17/08/2012;369;138;600;912;964;530;15;0;0;80;294;732;878;973;784;9;0;0;0
2;18/08/2012;0;15;9;590;360;912;781;978;884;538;0;0;96;303;736;969;130;0;0
2;19/08/2012;9;877;733;94;0;0;13;304;538;954;768;0;964;901;0;0;352;129;581
2;20/08/2012;8;542;965;0;127;0;0;8;351;774;584;972;890;907;738;313;96;0;0
2;21/08/2012;6;743;867;758;349;128;7;0;0;0;939;577;955;889;544;307;91;0;0
2;22/08/2012;7;555;6;749;0;0;0;117;330;963;893;299;960;883;736;535;91;0;0
2;23/08/2012;318;994;5;127;0;0;363;602;792;929;905;986;559;5;95;0;0;0;765
2;24/08/2012;760;907;1001;798;594;4;0;0;0;348;112;1005;937;316;0;0;91;556;6
2;25/08/2012;758;0;0;560;992;912;765;0;1003;291;101;934;0;565;334;108;0;0;4
2;26/08/2012;991;922;892;976;206;216;62;0;0;774;0;93;754;0;0;0;0;319;566
2;27/08/2012;0;91;389;0;304;613;671;0;1053;0;937;0;2;354;119;1047;594;789;0
2;28/08/2012;1;0;794;0;0;113;353;596;991;315;994;911;757;559;92;0;4;0;930
2;29/08/2012;771;0;108;1;342;585;781;995;92;566;322;3;0;0;915;996;923;0;0
2;30/08/2012;0;0;103;773;574;981;759;0;310;86;0;0;552;905;979;911;333;0;0
2;31/08/2012;304;3;957;882;737;542;83;960;0;0;0;886;537;92;0;0;0;311;736
2;01/09/2012;0;84;743;917;271;0;0;0;4;0;0;28;652;588;610;517;296;0;0
2;02/09/2012;215;693;0;0;0;742;0;66;324;514;673;789;0;165;716;255;64;0;0
2;03/09/2012;0;0;0;2;512;169;582;377;279;74;560;53;287;613;174;3;0;70;0
2;04/09/2012;76;341;836;0;0;739;975;0;0;0;104;635;997;699;242;77;22;0;0
2;05/09/2012;0;0;0;81;29;724;667;787;250;0;0;0;78;556;989;896;141;21;0
2;06/09/2012;488;337;469;76;6;0;281;0;612;778;214;38;0;0;0;0;148;363;137
2;07/09/2012;273;0;382;0;398;491;65;508;875;850;785;0;0;0;0;262;69;0;767
2;08/09/2012;0;77;895;0;0;0;0;538;297;967;886;741;966;551;0;0;751;72;306
2;09/09/2012;0;74;0;887;959;746;544;302;0;0;0;958;0;0;94;337;285;891;595
2;10/09/2012;484;955;44;0;0;39;232;701;350;947;727;259;0;0;0;861;0;877;0
2;11/09/2012;0;0;510;522;0;0;30;727;253;712;933;925;0;0;282;862;676;65;0
2;12/09/2012;483;856;932;0;943;673;598;81;74;51;0;0;0;0;0;710;0;232;63
2;13/09/2012;0;0;0;0;355;193;58;493;600;292;215;124;368;38;59;0;22;0;0
2;14/09/2012;0;4;0;0;92;441;743;925;450;638;181;16;606;286;0;238;0;0;0
2;15/09/2012;864;735;0;0;0;58;502;155;675;749;763;477;245;0;65;123;0;0;0
2;16/09/2012;0;0;0;0;282;85;893;631;474;801;806;636;914;0;540;133;46;0;0
2;17/09/2012;66;0;0;0;284;523;725;948;901;865;957;722;481;247;42;0;0;0;0
2;18/09/2012;481;0;0;0;58;335;287;245;397;629;608;392;212;37;236;0;0;0;0
2;19/09/2012;0;0;249;0;70;823;504;644;600;726;499;766;0;117;46;10;0;0;0
2;20/09/2012;26;0;0;0;146;681;242;446;400;458;362;593;314;223;0;0;36;0;0
2;21/09/2012;884;737;0;0;0;63;537;289;252;949;957;871;502;715;0;36;0;0;0
2;22/09/2012;0;0;279;0;936;59;528;726;864;683;931;844;0;459;216;27;0;0;0
2;23/09/2012;648;47;0;0;0;229;609;465;782;806;895;891;203;437;0;0;23;0;0
2;24/09/2012;720;0;0;0;59;509;253;858;912;896;808;178;471;0;121;24;0;0;0
2;25/09/2012;0;0;126;0;0;109;208;512;635;197;193;230;367;301;21;211;0;0;0
2;26/09/2012;22;0;0;0;123;244;313;670;465;545;717;634;141;410;3;0;0;0;0
2;27/09/2012;732;659;0;0;231;39;0;53;819;904;810;289;577;255;42;0;0;0;0
2;28/09/2012;0;0;205;300;0;0;37;390;369;741;613;865;770;326;15;194;0;0;0
2;29/09/2012;55;0;0;0;695;242;488;744;837;893;834;670;77;301;0;12;0;0;0
2;30/09/2012;252;0;143;0;0;65;58;867;544;401;766;845;612;113;0;0;0;0;0
2;01/10/2012;0;0;0;30;88;100;413;187;291;787;886;0;479;389;6;174;0;0;0
2;02/10/2012;0;0;0;237;53;690;361;488;818;779;437;24;231;335;0;1;0;0;0
2;03/10/2012;689;0;0;480;0;49;244;429;691;392;366;477;583;135;0;13;0;0;0
2;04/10/2012;628;404;172;0;9;0;0;0;0;0;0;56;831;253;495;690;893;695;799
2;05/10/2012;415;0;0;54;0;686;247;490;841;915;882;634;792;169;0;9;0;0;0
2;06/10/2012;0;0;0;248;55;689;398;489;820;886;872;622;783;162;0;0;8;0;0
2;07/10/2012;0;0;0;240;48;688;220;487;708;749;753;376;593;0;0;70;2;0;0
2;08/10/2012;0;0;0;565;0;139;305;760;375;519;770;760;0;132;282;4;0;0;0
2;09/10/2012;9;0;0;0;52;579;129;233;763;810;13;483;419;0;16;0;0;0;0
2;10/10/2012;378;0;0;287;0;6;63;146;289;496;419;423;282;79;0;0;0;0;0
2;11/10/2012;673;0;0;0;0;466;47;172;190;362;782;712;883;152;0;36;0;0;0
2;12/10/2012;390;293;109;191;2;91;207;45;42;135;0;0;0;0;102;50;0;0;0
2;13/10/2012;0;0;0;18;152;567;386;640;168;321;246;0;215;15;181;0;0;0;0
2;14/10/2012;13;0;0;334;11;0;0;436;0;0;26;0;0;148;441;664;621;814;842
2;15/10/2012;216;267;0;2;652;28;0;476;0;0;0;0;0;360;241;69;333;511;181
2;16/10/2012;123;126;582;319;772;377;0;386;0;0;0;399;0;0;0;192;7;719;0
2;17/10/2012;145;674;448;99;719;565;353;0;0;0;0;0;0;0;0;813;56;874;850
2;18/10/2012;750;0;0;0;0;0;0;861;225;49;676;474;814;364;561;839;102;0;0
2;19/10/2012;571;0;16;0;0;207;379;698;746;855;807;840;359;97;0;0;0;0;0
2;20/10/2012;189;0;0;0;25;292;209;765;857;737;837;343;569;83;0;0;0;0;0
2;21/10/2012;0;729;0;0;0;0;209;0;26;837;449;647;775;815;556;81;340;0;0
2;22/10/2012;0;0;0;178;4;646;437;700;692;835;809;494;48;0;306;0;0;0;0
2;23/10/2012;0;220;0;0;16;0;80;577;638;595;289;781;686;438;0;64;0;0;0
2;24/10/2012;144;0;0;0;0;8;701;366;572;765;633;702;353;44;210;0;0;0;0
2;25/10/2012;652;0;0;0;3;76;174;461;680;742;830;11;241;182;0;0;0;0;0
2;26/10/2012;373;0;0;0;142;13;778;419;702;132;627;796;323;36;0;0;0;0;0
2;27/10/2012;0;606;0;0;0;0;0;0;132;16;5;393;29;694;251;0;80;13;0
2;28/10/2012;0;0;0;2;152;85;144;127;123;157;361;43;113;0;11;0;0;0;0
2;29/10/2012;0;439;0;0;16;1;628;777;711;224;64;575;0;12;127;0;0;0;0
2;30/10/2012;0;0;22;0;592;0;188;429;626;821;0;704;747;334;172;38;0;0;0
2;31/10/2012;0;0;0;0;22;120;283;124;182;101;102;55;17;0;0;0;0;0;0
2;01/11/2012;0;715;152;570;0;446;0;0;0;648;556;534;592;35;253;0;0;0;0
2;02/11/2012;0;0;12;25;0;0;498;160;395;728;330;754;441;431;107;259;0;0;0
2;03/11/2012;0;0;0;260;8;183;730;453;715;783;496;101;421;0;24;0;0;0;0
2;04/11/2012;0;279;261;0;57;0;0;0;224;234;51;325;417;108;11;0;0;0;0
2;05/11/2012;0;0;0;139;88;146;95;8;32;122;15;68;32;0;123;0;0;0;0
2;06/11/2012;0;0;219;344;0;0;99;501;537;828;0;296;189;229;6;0;0;0;0
2;07/11/2012;69;0;0;64;0;0;266;135;538;398;239;146;106;31;0;0;0;0;0
2;08/11/2012;0;674;0;0;0;0;0;588;152;0;391;0;719;773;771;448;190;26;0
2;09/11/2012;0;0;441;0;3;142;364;562;777;720;630;477;179;31;0;0;0;0;0
2;10/11/2012;143;0;0;0;2;687;342;505;701;568;239;426;0;161;0;38;0;0;0
2;11/11/2012;165;0;0;0;66;0;0;151;251;349;352;296;186;2;111;0;0;0;0
2;12/11/2012;0;0;99;536;0;0;53;251;348;299;295;414;181;13;0;0;0;0;0
2;13/11/2012;0;23;0;0;0;401;79;165;212;165;96;28;60;0;0;0;0;0;0
2;14/11/2012;0;0;0;0;521;0;92;322;0;669;613;241;283;372;105;0;0;0;0
2;15/11/2012;0;0;0;0;18;82;23;20;28;0;53;39;0;0;0;0;0;0;0
2;16/11/2012;0;0;0;0;0;9;3;30;47;55;22;0;0;13;0;0;0;0;0
2;17/11/2012;0;0;0;0;78;0;0;46;104;0;301;223;57;64;21;0;0;0;0
2;18/11/2012;0;0;99;76;0;0;45;101;113;152;26;8;0;2;0;0;0;0;0
2;19/11/2012;0;5;0;0;0;25;35;90;114;21;33;3;0;0;38;0;0;0;0
2;20/11/2012;0;0;0;0;0;0;1;37;176;126;57;248;0;157;30;2;0;0;0
2;21/11/2012;0;0;0;0;0;278;0;0;90;0;303;94;9;0;0;0;0;0;0
2;22/11/2012;0;217;16;0;0;0;0;495;235;531;665;302;112;28;0;0;0;0;0
2;23/11/2012;21;0;0;0;0;76;127;0;0;145;144;178;197;132;81;0;0;0;0
2;24/11/2012;0;0;0;38;175;0;190;251;148;228;316;260;14;0;117;0;0;0;0
2;25/11/2012;83;0;0;0;0;0;0;277;472;291;578;472;156;245;8;144;0;0;0
2;26/11/2012;0;493;89;294;586;0;0;0;0;0;625;684;552;14;431;169;0;0;0
2;27/11/2012;91;0;0;0;0;409;289;404;463;130;341;0;188;44;0;0;0;0;0
2;28/11/2012;0;0;0;0;9;38;138;132;60;124;159;149;51;0;0;0;0;0;0
2;29/11/2012;6;0;0;0;207;0;15;575;491;311;618;436;110;462;0;0;0;0;0
2;30/11/2012;0;682;0;0;0;99;353;648;444;508;0;86;280;12;0;0;0;0;0
2;01/12/2012;80;0;0;0;0;510;302;605;553;520;559;0;348;1;76;0;0;0;0
2;02/12/2012;76;401;0;0;0;0;0;0;0;32;0;0;463;512;683;571;42;0;0
2;03/12/2012;586;0;0;0;0;0;404;75;213;509;365;356;528;0;76;0;0;0;0
2;04/12/2012;0;0;0;0;52;282;479;594;512;607;0;279;210;0;29;0;0;0;0
2;05/12/2012;0;0;0;0;0;74;476;275;541;624;58;577;629;352;0;0;0;0;0
2;06/12/2012;0;0;0;0;248;109;624;484;198;219;374;0;202;47;8;0;0;0;0
2;07/12/2012;0;0;0;0;472;54;273;629;0;678;567;570;399;192;3;0;0;0;0
2;08/12/2012;2;0;0;0;0;0;88;11;0;6;13;176;47;38;0;0;0;0;0
2;09/12/2012;0;0;162;0;0;0;25;86;288;74;20;0;26;0;0;0;0;0;0
2;10/12/2012;0;0;0;0;85;256;617;467;656;682;2;585;230;36;0;0;0;0;0
2;11/12/2012;0;0;0;0;0;79;464;158;680;606;667;593;338;0;0;0;0;0;0
2;12/12/2012;0;0;0;0;414;15;87;220;0;175;104;218;507;192;2;0;0;0;0
2;13/12/2012;0;0;0;0;246;38;483;525;621;597;445;276;80;0;0;0;0;0;0
2;14/12/2012;0;0;0;0;0;0;24;171;382;359;21;463;133;465;0;0;0;0;0
2;15/12/2012;0;0;0;0;0;63;11;37;49;73;101;0;48;3;0;0;0;0;0
2;16/12/2012;0;0;0;0;0;27;60;109;219;193;125;73;93;0;0;0;0;0;0
2;17/12/2012;0;0;0;0;0;0;4;18;78;172;279;264;48;118;0;0;0;0;0
2;18/12/2012;0;601;0;0;0;4;155;164;650;458;375;262;0;156;8;0;0;0;0
2;19/12/2012;0;0;0;0;0;0;0;98;23;82;27;21;43;1;0;0;0;0;0
2;20/12/2012;0;120;65;0;0;0;0;361;399;163;570;359;105;0;0;0;0;0;0
2;21/12/2012;57;0;0;87;0;0;0;5;0;44;48;95;60;0;0;0;0;0;0
2;22/12/2012;518;0;0;0;0;0;0;24;70;156;0;305;53;27;2;0;0;0;0
2;23/12/2012;0;445;200;0;0;214;0;25;0;419;562;659;651;409;0;2;0;0;0
2;24/12/2012;0;0;0;21;0;406;202;558;624;619;1;405;190;0;0;0;0;0;548
2;25/12/2012;0;0;43;0;0;2;648;144;535;0;655;570;380;1;140;0;0;0;0
2;26/12/2012;0;0;8;269;0;0;76;267;217;508;155;588;0;0;0;0;0;568;0
2;27/12/2012;0;0;0;0;0;18;393;468;0;0;228;2;0;461;354;228;667;0;0
2;28/12/2012;95;101;0;0;0;9;3;41;0;0;101;109;163;0;0;0;168;0;54
2;29/12/2012;0;0;235;8;376;216;337;483;0;143;0;0;0;315;0;287;2;0;0
2;30/12/2012;0;0;0;566;0;646;195;3;139;16;0;194;412;0;0;0;651;605;0
2;31/12/2012;5;79;602;0;198;196;0;18;0;0;0;658;410;573;667;0;0;0;0
3;01/01/2012;174;0;0;480;762;0;193;13;0;0;460;0;659;10;0;767;0;0;673
3;02/01/2012;0;483;0;10;176;667;465;0;671;769;0;714;16;0;196;0;0;0;0
3;03/01/2012;174;462;657;761;779;725;406;100;17;0;0;0;0;0;0;0;0;0;13
3;04/01/2012;15;346;0;0;0;673;0;0;0;0;764;13;660;455;102;0;193;761;0
3;05/01/2012;698;626;501;173;16;0;0;0;0;0;0;0;0;0;14;185;438;672;626
3;06/01/2012;0;0;0;0;4;23;43;42;65;174;188;209;83;20;0;0;0;0;0
3;07/01/2012;0;0;0;0;0;0;0;0;0;0;0;0;0;0;21;165;266;319;652
3;08/01/2012;544;0;0;0;677;0;534;0;0;0;0;460;28;483;251;0;189;25;780
3;09/01/2012;0;0;0;0;6;33;92;202;151;274;187;73;22;13;0;0;0;0;0
3;10/01/2012;0;0;0;0;14;171;209;593;386;197;338;482;244;55;0;0;0;0;0
3;11/01/2012;0;0;0;0;5;60;135;125;250;342;329;143;73;9;0;0;0;0;0
3;12/01/2012;0;0;0;0;17;160;317;611;702;747;763;530;244;28;0;0;0;0;0
3;13/01/2012;0;0;316;0;0;43;228;632;751;803;689;490;195;13;0;0;0;0;0
3;14/01/2012;0;0;0;0;396;260;0;516;19;442;269;552;243;72;8;0;0;0;0
3;15/01/2012;790;350;448;73;8;0;0;0;0;0;0;0;0;434;40;292;0;560;375
3;16/01/2012;0;0;317;0;0;0;0;798;421;374;71;0;0;0;192;533;295;672;30
3;17/01/2012;0;0;0;0;1;31;118;136;495;823;139;84;49;31;0;0;0;0;0
3;18/01/2012;0;0;0;0;0;3;120;282;439;258;397;619;228;389;112;8;0;0;0
3;19/01/2012;0;0;0;0;6;124;394;659;785;836;804;662;463;166;7;0;0;0;0
3;20/01/2012;0;0;0;0;3;68;359;623;578;514;241;157;188;96;3;0;0;0;0
3;21/01/2012;0;0;0;0;2;80;272;251;613;776;838;686;522;135;4;0;0;0;0
3;22/01/2012;0;0;0;0;6;133;437;679;844;868;836;708;515;154;9;0;0;0;0
3;23/01/2012;0;0;0;0;5;154;435;680;836;874;832;687;435;130;5;0;0;0;0
3;24/01/2012;0;0;0;0;7;72;389;578;843;894;386;370;132;36;0;0;0;0;0
3;25/01/2012;0;0;0;0;7;168;507;357;124;241;613;473;345;56;0;0;0;0;0
3;26/01/2012;0;0;0;0;8;162;480;731;557;316;277;259;90;72;1;0;0;0;0
3;27/01/2012;0;0;155;0;0;9;533;753;623;668;949;713;467;139;4;0;0;0;0
3;28/01/2012;220;69;0;0;0;0;685;6;157;820;457;643;460;3;0;0;0;0;644
3;29/01/2012;0;6;108;339;360;364;142;79;0;0;0;0;1;260;269;516;0;0;0
3;30/01/2012;0;269;0;0;0;0;0;0;279;284;7;0;230;97;79;22;156;0;196
3;31/01/2012;110;81;24;4;0;0;0;0;0;0;0;0;0;253;182;105;71;102;88
3;01/02/2012;79;0;0;13;0;0;101;0;99;39;115;0;531;138;16;0;514;0;0
3;02/02/2012;0;0;0;0;9;154;423;592;729;358;395;303;274;23;2;0;0;0;0
3;03/02/2012;0;0;0;0;8;107;126;175;364;225;226;256;188;30;0;0;0;0;0
3;04/02/2012;0;0;0;0;8;95;133;188;332;653;629;806;446;163;22;0;0;0;0
3;05/02/2012;0;0;0;0;0;14;203;516;687;558;629;687;276;250;23;3;0;0;0
3;06/02/2012;0;0;0;0;0;22;53;77;111;105;101;99;74;33;3;0;0;0;0
3;07/02/2012;0;0;0;0;0;10;42;60;67;70;64;93;47;9;0;0;0;0;0
3;08/02/2012;0;0;0;0;1;25;63;140;125;90;145;116;100;49;2;0;0;0;0
3;09/02/2012;0;0;0;0;0;20;58;155;229;264;469;282;301;97;14;0;0;0;0
3;10/02/2012;0;0;0;0;11;131;236;195;180;287;334;117;78;54;9;0;0;0;0
3;11/02/2012;0;0;0;0;17;115;374;233;913;873;593;428;427;293;49;0;0;0;0
3;12/02/2012;0;0;0;0;3;34;113;278;179;140;131;113;59;60;0;0;0;0;0
3;13/02/2012;0;0;0;0;38;305;651;821;989;680;936;513;306;243;27;0;0;0;0
3;14/02/2012;0;0;0;0;38;125;215;195;399;352;303;180;128;67;4;0;0;0;0
3;15/02/2012;0;0;0;0;53;336;644;886;1043;1086;1002;940;614;270;49;0;0;0;0
3;16/02/2012;0;0;0;0;0;58;256;316;415;924;975;549;363;84;34;0;0;0;0
3;17/02/2012;0;0;0;0;35;216;725;942;888;1083;1092;864;609;333;43;0;0;0;0
3;18/02/2012;0;0;0;0;51;256;0;495;883;837;969;1046;901;646;308;37;0;0;0
3;19/02/2012;0;0;0;0;19;122;252;511;753;642;589;322;232;47;0;0;0;0;612
3;20/02/2012;0;0;0;0;42;132;119;441;868;765;794;668;503;184;21;0;0;0;0
3;21/02/2012;0;0;132;19;50;74;74;109;235;219;190;66;0;5;0;0;0;0;0
3;22/02/2012;0;0;0;0;7;13;132;591;585;515;689;406;226;66;13;0;0;0;0
3;23/02/2012;0;0;0;0;63;202;212;555;463;307;606;32;0;365;119;0;0;0;0
3;24/02/2012;64;959;1113;1165;1115;964;393;65;0;0;721;678;333;0;0;0;0;0;0
3;25/02/2012;737;987;1137;395;66;0;0;1182;401;0;0;1144;975;738;0;0;0;0;66
3;26/02/2012;0;0;0;4;483;1039;733;1268;1106;949;599;0;0;0;0;34;315;53;0
3;27/02/2012;0;0;72;437;892;369;826;366;117;0;0;0;0;118;798;613;755;0;0
3;28/02/2012;0;0;927;756;92;0;0;0;0;435;908;164;604;588;678;539;58;0;0
3;29/02/2012;760;424;183;87;0;0;0;0;0;0;1079;99;398;1164;1012;1135;0;1209;0
3;01/03/2012;0;0;102;450;788;1036;1196;1255;1207;1031;768;443;1;0;0;0;100;0;0
3;02/03/2012;757;93;1037;1007;0;0;0;0;1165;452;778;1168;106;1;0;0;0;434;1228
3;03/03/2012;781;460;106;0;2;0;0;0;0;366;730;72;972;0;1131;1207;1170;1031;0
3;04/03/2012;720;0;270;0;0;0;503;70;746;78;0;273;845;0;0;871;901;2;530
3;05/03/2012;0;0;0;0;18;220;445;761;925;598;391;287;435;156;28;0;0;0;0
3;06/03/2012;0;0;0;9;154;394;575;663;656;640;932;648;254;117;10;0;0;0;0
3;07/03/2012;0;0;0;5;146;474;385;1059;407;337;610;389;383;165;32;0;0;0;0
3;08/03/2012;0;0;0;0;6;32;177;276;119;83;146;224;105;29;0;0;0;0;0
3;09/03/2012;0;0;0;4;45;157;509;282;386;76;163;172;159;71;12;0;0;0;0
3;10/03/2012;0;0;0;9;65;101;240;314;512;577;291;278;70;53;17;0;0;0;0
3;11/03/2012;0;0;0;18;118;264;383;816;979;1168;494;370;357;137;54;0;0;0;0
3;12/03/2012;0;0;0;0;0;0;10;76;445;267;370;202;363;356;234;336;112;47;0
3;13/03/2012;0;0;0;25;238;531;742;843;1030;1036;971;817;597;343;71;0;0;0;0
3;14/03/2012;0;0;0;17;51;494;693;625;868;699;485;563;475;331;69;0;0;0;0
3;15/03/2012;0;0;0;28;243;525;755;918;1021;1038;967;821;607;340;70;0;0;0;0
3;16/03/2012;0;0;0;35;256;542;772;946;1044;1056;989;834;607;341;70;0;0;0;0
3;17/03/2012;0;0;0;34;261;545;777;947;1048;1058;985;837;622;353;83;0;0;0;0
3;18/03/2012;0;0;0;40;261;531;767;951;1054;1063;979;826;593;341;75;0;0;0;0
3;19/03/2012;0;0;0;76;297;578;535;896;932;953;995;831;595;347;75;0;0;0;0
3;20/03/2012;0;0;0;60;262;496;777;962;1076;1013;946;719;483;305;81;0;0;0;0
3;21/03/2012;0;0;0;7;98;244;786;960;1049;1052;970;829;605;352;72;0;0;0;0
3;22/03/2012;0;0;0;39;266;611;808;981;1072;1015;982;836;618;346;76;0;0;0;0
3;23/03/2012;0;0;0;24;97;192;371;618;864;684;649;735;552;294;65;0;0;0;0
3;24/03/2012;0;0;0;61;303;434;664;907;911;672;491;290;23;216;106;0;0;0;0
3;25/03/2012;0;0;0;51;241;501;761;923;1028;1027;981;812;548;347;82;1;0;0;0
3;26/03/2012;0;0;0;64;282;531;760;939;1055;1087;1016;865;650;393;110;2;0;0;0
3;27/03/2012;0;0;0;76;342;609;835;1009;1102;1114;1036;876;648;391;110;2;0;0;0
3;28/03/2012;0;0;0;75;324;562;801;951;1079;1106;1028;877;660;401;116;3;0;0;0
3;29/03/2012;0;0;1;88;346;610;838;1008;1102;1102;1032;862;618;373;110;3;0;0;0
3;30/03/2012;0;0;1;102;240;631;863;1023;1093;1109;1029;709;557;335;64;3;0;0;0
3;31/03/2012;0;0;3;89;353;616;839;1007;1091;1089;1027;873;556;245;62;5;0;0;0
3;01/04/2012;0;0;2;104;386;644;863;1022;1109;1202;1102;533;594;170;38;1;0;0;0
3;02/04/2012;0;0;3;114;382;649;863;1031;1112;1103;1053;903;631;427;114;5;0;0;0
3;03/04/2012;0;0;5;78;248;472;680;1023;1065;1106;1123;878;651;266;98;5;0;0;0
3;04/04/2012;0;0;0;58;145;351;559;571;589;934;941;774;580;335;94;3;0;0;0
3;05/04/2012;0;0;1;79;290;298;354;481;525;399;388;246;182;111;56;6;0;0;0
3;06/04/2012;0;0;77;0;3;253;611;960;278;396;819;843;475;0;0;1;111;353;546
3;07/04/2012;0;0;0;15;55;135;313;252;163;3;208;255;121;421;258;54;0;0;158
3;08/04/2012;0;0;0;6;103;197;176;629;908;738;1055;766;611;174;87;21;0;0;0
3;09/04/2012;0;0;0;164;12;484;557;1039;907;1290;1086;1059;329;39;0;0;0;0;0
3;10/04/2012;0;0;0;7;1200;170;438;955;737;1118;1208;1125;960;741;473;8;172;0;0
3;11/04/2012;0;0;6;0;149;419;719;950;822;841;1004;439;69;146;180;61;3;0;0
3;12/04/2012;0;0;0;9;39;163;603;761;838;1337;1209;1144;749;966;487;187;12;0;0
3;13/04/2012;0;18;154;144;323;118;237;110;160;147;114;1;36;0;0;145;0;0;0
3;14/04/2012;0;0;0;1;30;223;0;26;770;752;675;647;423;388;525;204;10;0;0
3;15/04/2012;0;0;0;690;6;149;134;459;328;447;789;714;1010;707;372;102;13;0;0
3;16/04/2012;0;0;0;0;13;52;74;263;261;366;613;476;296;243;36;63;6;0;0
3;17/04/2012;0;263;0;0;0;175;57;248;381;531;258;325;225;216;418;94;10;0;0
3;18/04/2012;843;0;0;0;8;24;122;414;1184;1016;1111;1266;1167;599;127;239;20;0;0
3;19/04/2012;15;0;357;637;960;249;322;174;295;314;39;181;2;0;0;302;104;0;0
3;20/04/2012;134;202;76;16;0;0;0;151;0;0;12;110;829;594;388;759;950;747;431
3;21/04/2012;0;30;0;255;553;705;872;1074;1168;847;783;248;919;152;0;0;0;22;1139
3;22/04/2012;10;0;0;0;84;190;669;1113;791;997;1103;1106;448;670;245;213;61;0;0
3;23/04/2012;0;0;0;5;84;195;186;270;289;431;923;1012;869;260;635;101;23;0;0
3;24/04/2012;450;0;0;0;29;226;861;759;1017;981;1203;1170;1155;768;440;0;0;28;0
3;25/04/2012;212;0;777;0;485;990;770;1144;1275;1190;824;990;576;279;13;0;0;22;0
3;26/04/2012;0;0;0;22;239;527;784;1015;1179;1259;1193;1267;1045;832;574;287;41;0;0
3;27/04/2012;0;0;0;25;529;240;778;974;1171;1253;1254;1035;1182;832;582;299;50;0;0
3;28/04/2012;985;0;289;567;1027;24;1174;1236;1147;0;766;512;229;816;1246;0;0;0;47
3;29/04/2012;63;336;447;750;1032;1214;1165;1224;701;971;597;272;0;0;0;209;43;0;0
3;30/04/2012;0;0;0;36;511;221;656;995;1138;1216;1041;884;781;615;386;239;46;1;0
3;01/05/2012;238;0;504;755;965;1203;1114;1184;1146;1015;810;561;0;297;57;0;0;0;24
3;02/05/2012;23;213;0;0;754;980;275;1182;1190;1171;1116;484;792;985;0;548;55;0;0
3;03/05/2012;804;1128;0;0;1200;982;32;444;0;247;0;0;768;564;852;1156;55;240;1104
3;04/05/2012;281;460;806;962;1166;1246;1049;1180;1036;838;595;319;68;0;0;0;0;0;44
3;05/05/2012;819;579;782;680;1103;0;1125;1196;366;0;293;0;53;60;889;0;311;0;1208
3;06/05/2012;771;450;544;290;78;0;1;0;0;419;165;46;495;338;781;658;685;0;329
3;07/05/2012;444;0;0;814;193;924;636;662;311;445;646;74;14;238;31;0;0;0;385
3;08/05/2012;0;0;87;329;582;728;976;834;725;676;588;1049;816;525;291;52;0;0;0
3;09/05/2012;0;1;42;298;521;686;1038;1175;1239;1266;1167;1022;821;497;301;50;0;0;0
3;10/05/2012;0;1;71;329;595;838;1040;1178;1249;1242;1161;1014;808;454;298;55;0;0;0
3;11/05/2012;0;1;81;311;569;807;1009;1148;1223;1223;1143;996;791;439;293;58;0;0;0
3;12/05/2012;0;0;74;317;579;822;1016;1159;1221;1215;1145;999;790;446;339;88;1;0;0
3;13/05/2012;0;2;74;331;559;814;1028;1151;1206;1196;1119;982;753;414;222;40;0;0;0
3;14/05/2012;0;0;33;86;104;155;173;101;88;231;248;436;351;249;248;36;0;0;0
3;15/05/2012;0;0;39;167;304;503;869;454;441;296;217;296;378;287;204;67;0;0;0
3;16/05/2012;0;2;89;357;624;863;1017;1218;462;1106;1233;1044;842;538;129;19;0;0;0
3;17/05/2012;0;2;29;69;123;168;231;161;94;185;308;776;814;419;256;89;1;0;0
3;18/05/2012;0;1;71;271;624;990;1010;1248;1288;1296;1184;1022;777;473;145;80;0;0;0
3;19/05/2012;0;3;98;366;627;873;1073;1204;1265;1253;1182;1026;814;538;318;76;1;0;0
3;20/05/2012;0;4;101;345;608;837;1036;1160;1085;962;706;593;413;256;94;39;0;0;0
3;21/05/2012;0;0;34;215;459;774;1016;1152;1232;1240;1169;1018;797;518;144;9;0;0;0
3;22/05/2012;0;2;65;193;274;737;1098;1166;1205;995;774;297;515;185;78;53;1;0;0
3;23/05/2012;162;46;0;0;0;0;2;55;309;631;335;552;625;1273;1151;1216;1076;918;340
3;24/05/2012;0;0;18;147;278;451;574;620;1027;1155;1129;1022;659;478;321;88;2;0;0
3;25/05/2012;0;6;111;175;411;608;961;1144;573;844;568;763;451;436;301;55;2;0;0
3;26/05/2012;0;5;114;180;193;457;974;1018;754;750;339;833;434;183;73;25;0;0;0
3;27/05/2012;0;1;65;185;613;773;792;1162;670;838;492;1077;886;415;353;95;3;0;0
3;28/05/2012;0;4;109;368;615;700;953;948;1175;846;498;371;194;161;107;23;0;0;0
3;29/05/2012;0;4;113;373;629;859;1050;1103;1071;1135;1252;825;646;373;326;47;1;0;0
3;30/05/2012;0;5;112;365;622;867;1003;1196;1275;1267;1194;1051;852;473;360;101;2;0;0
3;31/05/2012;0;6;109;355;612;866;945;763;215;293;409;672;521;309;213;55;2;0;0
3;01/06/2012;0;4;87;255;436;621;735;830;762;788;501;436;262;374;58;35;1;0;0
3;02/06/2012;0;5;87;266;449;616;754;851;901;878;845;738;600;331;241;54;2;0;0
3;03/06/2012;0;5;82;255;442;614;751;850;903;903;834;745;601;332;229;77;4;0;0
3;04/06/2012;0;4;75;270;463;634;501;874;914;571;400;235;489;296;102;48;1;0;0
3;05/06/2012;0;1;70;274;462;625;793;867;912;907;856;646;389;387;258;80;3;0;0
3;06/06/2012;0;5;104;284;211;333;762;861;911;912;862;767;636;406;255;73;4;0;0
3;07/06/2012;0;3;88;269;451;619;750;792;870;892;847;743;608;409;264;83;4;0;0
3;08/06/2012;0;5;90;270;450;614;753;852;900;901;840;746;608;400;254;79;4;0;0
3;09/06/2012;0;4;87;263;462;619;751;822;770;897;649;320;600;368;251;99;6;0;0
3;10/06/2012;0;5;68;165;477;543;468;801;931;679;456;510;516;336;119;94;9;0;0
3;11/06/2012;0;2;72;317;383;612;556;674;915;924;632;432;166;420;287;112;24;0;0
3;12/06/2012;0;0;0;0;0;0;0;0;0;0;0;0;0;0;0;0;0;0;0
3;13/06/2012;0;0;0;0;0;0;0;0;0;0;0;0;0;0;0;93;4;0;0
3;14/06/2012;0;4;89;274;454;619;759;854;915;915;861;755;619;400;274;80;7;0;0
3;15/06/2012;0;5;94;262;453;621;703;869;918;920;867;774;640;421;288;98;4;0;0
3;16/06/2012;0;4;93;284;466;629;765;862;914;914;866;768;631;419;289;99;5;0;0
3;17/06/2012;0;4;89;278;461;627;765;864;909;915;864;771;635;415;292;100;4;0;0
3;18/06/2012;0;3;88;278;457;614;751;839;901;907;856;762;628;417;283;97;5;0;0
3;19/06/2012;0;5;84;263;439;603;740;837;894;898;847;0;0;412;252;0;5;0;0
3;20/06/2012;0;4;90;280;462;630;763;861;920;920;871;775;627;345;302;93;6;0;0
3;21/06/2012;0;6;77;224;398;564;685;788;847;847;792;689;560;367;235;83;6;0;0
3;22/06/2012;0;4;78;246;427;590;719;819;869;877;835;740;594;396;272;94;6;0;0
3;23/06/2012;0;4;82;258;435;600;731;828;885;890;836;743;608;326;252;92;6;0;0
3;24/06/2012;0;4;78;250;426;587;725;831;880;884;828;722;598;323;113;55;4;0;0
3;25/06/2012;0;4;81;250;427;592;723;839;767;714;829;716;443;321;239;91;4;0;0
3;26/06/2012;0;2;80;247;424;588;725;818;876;872;826;729;593;384;260;90;6;0;0
3;27/06/2012;0;4;75;261;439;605;743;846;901;907;863;765;633;399;294;107;4;0;0
3;28/06/2012;0;4;83;267;448;608;745;844;892;902;855;763;630;384;288;102;3;0;0
3;29/06/2012;0;3;82;264;445;613;747;844;884;895;852;756;625;370;279;84;6;0;0
3;30/06/2012;0;4;74;249;426;593;729;825;888;887;837;739;614;361;275;95;6;0;0
3;01/07/2012;0;4;75;241;415;580;717;816;864;865;825;716;604;350;257;81;6;0;0
3;02/07/2012;0;4;73;226;413;579;718;819;904;742;532;229;367;133;84;34;3;0;0
3;03/07/2012;0;4;71;235;409;577;722;826;884;768;874;788;210;250;191;108;8;0;0
3;04/07/2012;0;4;71;229;405;563;697;814;870;865;827;700;597;268;87;60;11;0;0
3;05/07/2012;0;3;69;239;417;577;724;822;882;888;839;357;257;319;262;81;2;0;0
3;06/07/2012;0;3;74;225;404;574;718;818;877;891;841;485;102;65;99;77;5;0;0
3;07/07/2012;0;2;71;245;419;581;716;840;881;874;832;704;596;337;244;74;5;0;0
3;08/07/2012;0;3;67;231;413;586;730;838;897;893;844;719;623;352;272;88;6;0;0
3;09/07/2012;0;5;75;235;412;577;712;816;872;881;833;704;582;335;235;81;4;0;0
3;10/07/2012;0;3;65;216;394;509;700;808;868;875;845;718;596;337;258;86;4;0;0
3;11/07/2012;612;5;82;210;0;0;316;0;3;69;239;413;580;723;819;895;892;824;720
3;12/07/2012;3;0;424;337;0;0;0;0;0;0;0;0;0;0;0;585;69;240;0
3;13/07/2012;283;0;0;4;0;87;437;152;0;0;0;0;0;0;0;0;0;0;0
3;14/07/2012;241;352;0;249;0;3;79;737;589;838;846;894;891;735;423;0;594;64;2
3;15/07/2012;807;865;0;0;365;85;258;567;694;868;63;820;579;407;226;719;0;2;3
3;16/07/2012;0;0;3;264;597;80;426;617;717;639;743;834;593;248;63;2;0;727;399
3;17/07/2012;389;0;0;263;85;735;604;826;882;885;729;590;67;240;0;2;420;3;829
3;18/07/2012;0;0;92;3;359;887;281;623;755;847;882;721;52;571;402;220;1;0;824
3;19/07/2012;3;0;0;87;273;613;354;754;848;892;877;398;823;571;714;1;217;49;0
3;20/07/2012;344;729;0;0;258;3;79;594;872;826;819;877;717;574;268;42;0;1;88
3;21/07/2012;3;0;0;72;333;873;237;578;724;824;882;709;829;574;397;216;1;0;50
3;22/07/2012;0;347;0;0;8;66;217;121;829;496;697;929;819;612;181;0;49;0;425
3;23/07/2012;163;0;1;0;146;56;301;267;46;46;35;46;46;46;44;53;3;0;0
3;24/07/2012;0;0;0;9;43;19;165;396;596;522;507;806;209;15;41;21;24;0;0
3;25/07/2012;0;72;0;2;126;273;209;619;484;0;375;544;217;674;490;77;1;32;0
3;26/07/2012;68;850;239;797;884;677;537;372;193;41;0;0;806;713;0;0;2;389;574
3;27/07/2012;0;860;1;0;71;252;389;594;694;876;819;672;692;546;381;38;202;0;0
3;28/07/2012;198;0;0;61;2;731;226;359;579;828;869;858;693;795;384;552;37;0;0
3;29/07/2012;534;0;335;0;2;62;213;782;678;650;825;813;755;508;163;336;36;0;0
3;30/07/2012;187;0;1;0;66;251;857;354;583;734;867;824;792;683;541;371;34;0;0
3;31/07/2012;193;0;0;1;61;341;239;719;575;817;863;852;686;377;794;544;33;0;0
3;01/08/2012;647;700;569;0;338;0;1;58;227;615;788;838;831;518;171;347;29;0;0
3;02/08/2012;841;0;1;0;57;234;337;554;700;799;850;782;537;677;363;30;182;0;0
3;03/08/2012;340;179;0;0;71;1;685;218;554;793;834;836;676;358;777;529;30;0;0
3;04/08/2012;0;323;0;0;49;207;677;781;730;837;844;779;530;175;357;27;0;0;549
3;05/08/2012;0;0;0;532;188;815;44;334;674;768;823;763;522;0;664;350;170;30;0
3;06/08/2012;0;155;0;0;40;170;344;671;527;776;829;817;755;650;329;502;0;30;0
3;07/08/2012;525;25;0;0;143;317;493;750;813;644;810;664;762;41;172;0;0;0;356
3;08/08/2012;45;0;23;147;332;668;0;510;789;858;812;709;408;857;577;180;0;0;0
3;09/08/2012;24;0;532;780;355;678;839;841;796;568;0;703;157;399;42;0;0;171;0
3;10/08/2012;163;0;20;0;343;512;762;654;822;813;788;23;133;0;393;0;0;555;694
3;11/08/2012;0;0;0;0;0;0;89;11;365;0;113;0;0;0;0;0;0;0;0
3;12/08/2012;0;0;0;0;0;0;0;0;0;0;0;0;0;0;0;0;0;0;0
3;13/08/2012;0;0;458;0;0;24;325;0;99;622;846;0;634;0;0;0;0;0;0
3;14/08/2012;36;0;0;0;118;870;384;240;434;509;735;649;385;492;0;201;115;19;0
3;15/08/2012;0;0;138;0;25;663;521;815;752;96;804;807;645;500;330;0;0;0;356
3;16/08/2012;514;0;0;345;20;0;135;652;724;801;811;639;744;493;319;133;14;0;0
3;17/08/2012;24;0;0;0;171;532;366;800;673;765;813;741;487;636;92;0;332;14;0
3;18/08/2012;0;0;0;156;762;22;339;527;666;744;814;137;808;642;492;316;13;0;0
3;19/08/2012;22;800;792;739;635;13;314;487;133;0;0;756;0;0;653;0;140;334;516
3;20/08/2012;749;0;0;20;0;128;347;518;660;758;807;805;319;638;0;494;133;12;0
3;21/08/2012;10;0;0;0;18;126;504;738;345;635;771;797;745;126;493;636;316;0;0
3;22/08/2012;638;0;0;489;0;14;116;324;791;739;483;790;733;633;306;123;11;0;0
3;23/08/2012;0;15;0;0;354;667;756;123;524;766;819;809;323;642;0;500;129;9;0
3;24/08/2012;647;756;820;827;671;773;520;331;114;0;0;10;0;14;0;0;320;124;496
3;25/08/2012;317;124;9;0;0;641;811;500;756;759;815;326;108;648;12;0;0;496;0
3;26/08/2012;0;656;811;323;0;798;733;172;762;241;632;1;0;0;73;0;8;125;504
3;27/08/2012;655;10;0;0;0;306;116;323;648;672;684;878;0;0;7;131;514;343;773
3;28/08/2012;657;0;807;0;0;7;0;515;9;136;339;812;761;492;746;312;119;0;638
3;29/08/2012;0;125;0;0;8;649;331;750;502;757;803;806;641;0;316;493;121;5;0
3;30/08/2012;0;0;0;5;7;110;318;491;739;636;629;789;789;736;480;108;302;0;0
3;31/08/2012;771;469;715;777;305;0;297;105;5;0;712;0;8;0;0;292;607;101;459
3;01/09/2012;0;0;2;0;0;23;46;177;577;526;316;430;610;448;289;6;104;0;0
3;02/09/2012;298;0;0;378;272;476;1;0;753;2;299;686;167;78;79;0;579;804;0
3;03/09/2012;5;392;0;376;8;324;317;68;0;172;223;80;406;489;357;82;0;0;0
3;04/09/2012;0;0;122;3;92;0;291;294;618;683;0;656;0;27;0;780;111;548;119
3;05/09/2012;0;0;0;0;0;2;46;35;520;110;287;337;693;581;774;1;280;468;42
3;06/09/2012;657;330;424;639;475;345;83;0;12;0;207;0;0;1;0;181;50;149;236
3;07/09/2012;484;3;0;499;747;750;0;250;0;261;415;84;315;250;471;4;0;0;76
3;08/09/2012;2;0;0;0;267;459;0;0;0;709;0;573;451;0;91;3;290;82;600
3;09/09/2012;758;760;286;609;711;462;97;86;2;0;0;709;0;0;3;285;203;522;0
3;10/09/2012;0;56;739;220;0;592;38;262;404;677;408;567;0;2;697;0;0;750;0
3;11/09/2012;0;79;690;0;2;566;238;0;262;39;740;419;0;439;660;586;745;0;0
3;12/09/2012;754;0;0;0;0;2;0;51;58;720;417;648;569;746;552;89;82;0;243
3;13/09/2012;71;443;0;0;3;479;292;322;62;35;0;0;0;0;80;190;49;346;241
3;14/09/2012;83;0;0;0;9;286;356;693;588;531;704;150;366;134;30;0;0;0;0
3;15/09/2012;635;0;0;0;586;120;34;470;481;508;440;503;147;240;42;0;0;0;0
3;16/09/2012;0;0;0;64;0;253;393;557;372;436;427;503;696;385;192;48;0;0;0
3;17/09/2012;0;254;0;0;64;429;677;566;575;733;627;570;403;42;0;219;0;0;0
3;18/09/2012;164;0;0;1;444;65;267;321;388;460;179;317;240;333;39;0;0;0;0
3;19/09/2012;0;0;3;72;0;220;409;537;665;537;758;699;399;206;131;17;0;0;0
3;20/09/2012;0;0;1;25;554;440;125;208;385;552;392;472;422;0;38;201;0;0;0
3;21/09/2012;738;685;582;0;1;0;58;255;432;732;221;673;559;405;34;0;0;0;0
3;22/09/2012;0;0;1;0;59;244;421;562;713;664;709;647;526;372;186;29;0;0;0
3;23/09/2012;0;0;0;51;633;111;135;502;532;686;681;619;351;26;174;0;0;0;0
3;24/09/2012;649;554;0;0;0;50;215;400;678;696;127;627;347;174;27;0;0;0;0
3;25/09/2012;0;0;0;0;77;118;190;488;227;444;215;353;227;255;0;224;25;0;0
3;26/09/2012;439;0;0;23;0;315;162;383;291;394;462;400;9;364;0;143;0;0;0
3;27/09/2012;640;0;0;451;0;43;72;230;677;124;748;620;275;193;50;0;0;0;0
3;28/09/2012;0;0;0;0;44;203;535;501;382;367;663;483;461;307;111;0;20;0;0
3;29/09/2012;501;0;0;41;0;199;380;528;630;683;654;578;20;239;89;0;0;0;0
3;30/09/2012;226;0;0;0;37;53;134;345;102;635;650;575;443;315;0;3;0;0;0
3;01/10/2012;0;0;0;0;91;21;561;126;195;458;697;528;293;0;370;148;15;0;0
3;02/10/2012;143;0;0;0;0;163;374;514;614;581;518;207;171;34;7;0;0;0;0
3;03/10/2012;611;490;0;0;0;31;184;365;129;455;370;283;466;289;15;0;0;0;0
3;04/10/2012;8;129;313;0;0;0;0;0;196;661;30;376;515;615;658;459;467;0;0
3;05/10/2012;121;31;583;0;0;191;368;610;511;311;685;643;468;0;8;0;0;0;0
3;06/10/2012;570;0;0;0;603;29;189;367;506;301;653;641;456;117;6;0;0;0;0
3;07/10/2012;78;0;0;0;557;27;182;362;508;216;444;377;606;371;6;0;0;0;0
3;08/10/2012;0;0;0;0;234;219;196;502;291;688;562;578;464;77;5;0;0;0;0
3;09/10/2012;0;0;0;17;24;116;185;430;589;568;591;305;17;32;0;1;0;0;0
3;10/10/2012;276;0;0;0;69;0;278;185;143;501;536;243;442;80;1;0;0;0;0
3;11/10/2012;78;0;0;0;153;23;316;402;604;468;223;602;412;282;0;3;0;0;0
3;12/10/2012;297;203;126;202;128;61;200;6;139;53;0;0;0;0;0;115;0;30;0
3;13/10/2012;0;0;0;316;106;14;314;465;462;261;174;3;181;158;31;0;0;0;0
3;14/10/2012;18;1;24;0;0;0;0;300;0;120;417;10;590;476;405;402;306;0;0
3;15/10/2012;0;0;0;2;33;280;441;400;507;152;180;0;0;0;0;176;164;17;305
3;16/10/2012;457;265;294;78;1;0;383;0;298;0;0;458;123;236;0;0;9;152;0
3;17/10/2012;580;0;341;481;387;252;0;0;3;0;0;0;21;0;72;529;621;142;604
3;18/10/2012;0;0;0;0;0;14;327;146;477;613;575;531;602;410;249;1;0;65;0
3;19/10/2012;0;119;0;0;13;299;568;405;496;589;600;521;0;1;62;0;0;0;246
3;20/10/2012;435;0;0;0;173;16;147;147;587;607;57;519;396;234;0;0;0;0;0
3;21/10/2012;0;0;0;0;0;13;140;314;453;586;545;229;574;510;392;0;54;0;0
3;22/10/2012;379;0;0;49;8;223;0;124;237;446;550;589;495;571;0;0;0;0;0
3;23/10/2012;200;0;546;0;427;0;0;8;73;235;478;519;542;362;0;0;0;47;0
3;24/10/2012;105;0;0;0;531;0;9;402;182;486;518;322;451;0;180;40;0;0;0
3;25/10/2012;6;0;0;0;55;298;136;315;531;433;532;261;61;25;0;0;0;0;0
3;26/10/2012;322;0;0;0;260;9;106;487;499;547;430;219;102;0;0;41;0;0;0
3;27/10/2012;0;123;0;0;0;0;21;0;44;70;274;9;0;493;69;347;20;0;0
3;28/10/2012;5;0;0;0;96;168;148;123;229;148;143;63;25;108;0;0;0;0;0
3;29/10/2012;469;425;577;0;0;293;0;4;27;558;97;217;58;20;0;0;0;0;0
3;30/10/2012;0;0;0;0;0;4;98;283;518;421;435;422;334;105;0;24;0;561;0
3;31/10/2012;29;1;146;179;136;41;0;0;247;0;0;1;134;188;64;0;0;0;0
3;01/11/2012;0;325;86;288;392;0;0;0;1;429;396;85;409;471;27;0;0;0;0
3;02/11/2012;0;0;0;489;3;0;80;259;355;608;0;283;364;141;21;0;0;0;319
3;03/11/2012;0;0;0;0;362;3;96;201;349;491;501;561;26;295;102;0;0;0;0
3;04/11/2012;0;0;265;0;0;0;2;66;243;131;283;255;251;224;72;14;0;0;0
3;05/11/2012;0;0;0;0;34;139;131;31;113;141;132;0;63;21;47;0;0;0;3
3;06/11/2012;253;0;0;0;3;66;173;419;386;299;440;333;126;12;0;0;0;0;0
3;07/11/2012;0;0;0;0;0;0;211;31;229;96;571;331;143;9;0;0;0;0;0
3;08/11/2012;0;320;0;0;0;0;0;476;1;0;63;241;385;517;503;436;15;0;152
3;09/11/2012;0;0;0;1;224;66;405;367;470;428;417;142;300;0;0;13;0;0;0
3;10/11/2012;218;0;67;0;0;2;367;456;482;425;200;362;135;27;0;0;0;0;0
3;11/11/2012;0;0;0;0;0;0;0;0;371;0;0;336;151;0;97;6;0;0;0
3;12/11/2012;276;309;225;0;0;0;0;30;9;379;245;122;314;0;0;0;0;0;21
3;13/11/2012;80;0;0;0;27;0;1;162;72;251;111;28;0;0;0;0;0;177;247
3;14/11/2012;0;361;0;0;0;1;192;340;268;402;106;4;60;0;0;343;0;0;57
3;15/11/2012;7;10;1;0;0;22;99;90;49;7;21;0;0;0;43;0;0;0;0
3;16/11/2012;6;38;48;0;0;24;0;0;28;26;71;65;0;5;2;0;0;0;0
3;17/11/2012;0;0;0;0;0;8;74;40;124;272;146;136;68;4;42;0;0;0;0
3;18/11/2012;43;0;0;95;1;0;96;135;166;112;13;44;0;18;2;0;0;0;0
3;19/11/2012;0;17;0;0;0;0;63;72;85;43;105;50;42;11;0;0;0;0;0
3;20/11/2012;0;66;0;0;0;0;0;45;85;252;175;58;151;0;10;0;0;0;14
3;21/11/2012;0;0;160;0;0;19;102;150;179;92;442;8;22;7;0;0;0;0;0
3;22/11/2012;0;0;136;16;0;0;0;0;415;282;94;362;355;161;36;0;2;0;0
3;23/11/2012;0;0;0;0;0;24;83;126;155;165;185;108;4;185;80;0;0;0;0
3;24/11/2012;0;243;0;0;0;0;9;150;195;204;177;100;302;247;10;0;0;0;0
3;25/11/2012;0;153;31;0;0;0;0;408;288;457;307;396;206;0;85;7;0;0;0
3;26/11/2012;0;403;165;263;304;0;0;0;0;0;454;31;448;0;99;5;0;378;0
3;27/11/2012;45;0;0;181;0;0;290;362;328;264;195;139;4;61;0;0;0;0;0
3;28/11/2012;18;0;0;0;0;43;68;107;135;169;161;64;145;0;3;0;0;0;0
3;29/11/2012;0;0;0;0;0;26;378;138;282;388;319;12;385;280;58;0;0;0;0
3;30/11/2012;0;0;0;0;26;439;283;197;435;368;257;103;0;2;27;0;0;0;0
3;01/12/2012;425;20;0;0;0;0;126;317;305;304;270;0;0;196;67;5;0;0;0
3;02/12/2012;90;44;0;0;0;0;0;275;0;0;8;30;418;0;424;434;250;2;0
3;03/12/2012;4;0;0;0;60;113;291;358;173;247;92;4;0;0;0;0;0;0;478
3;04/12/2012;0;0;0;0;285;192;396;430;346;163;44;2;0;0;0;0;0;134;14
3;05/12/2012;0;0;0;0;138;14;278;3;387;435;379;304;37;0;0;0;0;0;177
3;06/12/2012;0;209;0;0;0;128;285;387;153;186;217;0;70;11;0;0;0;0;12
3;07/12/2012;0;0;0;0;12;278;124;388;433;368;431;250;7;108;0;0;0;0;0
3;08/12/2012;8;0;0;0;0;0;16;2;23;29;117;17;152;56;57;0;0;0;0
3;09/12/2012;0;0;7;0;0;145;0;0;0;47;127;134;47;39;53;0;0;0;0
3;10/12/2012;79;115;0;0;0;0;266;11;349;371;406;411;0;4;0;0;0;0;42
3;11/12/2012;0;0;4;96;4;422;249;0;0;0;0;0;419;359;90;265;369;0;0
3;12/12/2012;104;119;0;0;0;0;8;246;51;4;0;0;0;0;108;156;65;0;130
3;13/12/2012;55;0;0;0;0;12;287;121;292;391;356;199;0;3;0;0;0;0;414
3;14/12/2012;0;0;0;1;135;303;251;330;0;0;0;0;41;310;30;109;0;0;0
3;15/12/2012;0;66;93;0;0;0;0;0;0;123;63;10;0;0;0;0;0;0;0
3;16/12/2012;0;145;0;0;82;133;0;181;186;0;0;42;99;90;0;4;0;0;4
3;17/12/2012;353;0;23;61;124;160;0;2;0;0;27;89;1;192;0;0;0;0;0
3;18/12/2012;382;155;5;368;80;0;0;0;0;0;352;282;227;90;13;0;0;0;0
3;19/12/2012;64;0;0;0;0;9;28;185;59;94;0;35;10;0;0;0;0;0;3
3;20/12/2012;0;3;5;0;0;119;0;0;116;431;366;54;197;335;230;0;0;0;0
3;21/12/2012;0;2;50;0;0;0;0;117;21;64;112;70;65;9;0;0;0;0;0
3;22/12/2012;0;0;0;0;0;47;0;9;247;70;152;136;60;9;40;0;0;0;0
3;23/12/2012;9;257;0;6;0;0;92;0;0;411;244;103;353;413;309;0;0;0;0
3;24/12/2012;0;0;0;342;0;90;234;0;391;337;386;93;237;7;0;0;0;0;6
3;25/12/2012;0;0;0;0;92;410;107;389;407;87;352;233;12;0;0;0;0;14;0
3;26/12/2012;6;0;0;0;0;154;75;213;102;207;257;391;361;0;0;0;0;0;9
3;27/12/2012;0;0;0;0;1;28;212;118;285;377;0;8;0;0;0;348;325;403;0
3;28/12/2012;112;62;0;0;19;0;0;57;0;9;0;103;131;0;0;138;0;260;51
3;29/12/2012;74;178;115;0;211;7;266;0;0;0;335;208;3;0;0;0;0;0;236
3;30/12/2012;0;407;268;118;86;0;0;344;0;238;0;6;409;374;0;0;0;9;0
3;31/12/2012;0;0;0;236;82;0;12;96;0;162;0;0;0;6;352;412;418;381;0