idplant;day;temperature;;;;;;;;;;;;;;;;;;
1;01/01/2012;0;0;0;0;7;7;9;6;6;0;9;14;0;0;13;12;0;9;8
1;02/01/2012;10;11;9;9;8;8;8;0;0;0;0;0;0;0;-1;8;9;10;10
1;03/01/2012;0;0;0;0;0;0;0;-1;8;9;10;10;10;12;8;8;8;7;5
1;04/01/2012;0;-1;9;9;10;10;14;11;10;10;10;6;9;0;0;0;0;0;0
1;05/01/2012;0;0;0;0;0;0;0;-1;8;9;10;10;10;12;10;8;8;8;8
1;06/01/2012;0;0;0;0;0;0;0;0;7;8;9;9;9;7;7;8;8;8;8
1;07/01/2012;7;7;7;6;6;5;0;0;0;0;0;0;0;0;6;8;8;8;8
1;08/01/2012;0;0;0;0;0;0;0;0;9;10;10;11;11;9;7;6;5;5;5
1;09/01/2012;0;0;0;0;0;0;0;0;6;7;7;6;6;6;8;7;7;5;5
1;10/01/2012;0;0;0;0;0;0;0;0;9;8;9;10;9;9;7;7;7;6;6
1;11/01/2012;0;0;0;0;0;0;0;0;9;10;10;10;6;8;7;6;6;6;6
1;12/01/2012;0;0;0;0;0;0;0;0;12;12;13;13;12;10;6;7;7;6;6
1;13/01/2012;0;0;0;0;0;0;0;-1;9;9;10;10;13;12;11;8;8;6;7
1;14/01/2012;7;7;8;10;9;7;9;7;7;6;6;0;0;0;0;0;0;0;0
1;15/01/2012;0;0;0;0;0;0;0;0;9;7;8;7;7;10;9;8;7;6;6
1;16/01/2012;0;0;0;0;0;0;0;0;5;6;6;6;10;10;9;8;7;6;6
1;17/01/2012;0;0;0;0;0;0;0;0;5;7;10;10;10;10;9;7;7;6;6
1;18/01/2012;0;0;0;0;0;0;0;0;8;7;10;10;10;9;6;7;5;5;5
1;19/01/2012;0;0;0;0;0;0;0;0;9;9;10;10;10;13;9;7;6;6;6
1;20/01/2012;0;0;0;0;0;0;0;0;9;9;14;13;13;13;8;10;10;9;5
1;21/01/2012;0;0;0;0;0;0;0;0;9;11;11;11;11;9;6;7;7;6;6
1;22/01/2012;0;0;0;0;0;0;0;0;9;9;10;10;10;9;8;10;8;9;9
1;23/01/2012;0;0;0;0;0;0;0;-1;8;9;10;10;10;9;10;7;8;8;8
1;24/01/2012;0;0;0;0;0;0;0;0;9;9;14;13;13;12;10;10;9;8;7
1;25/01/2012;0;0;0;0;0;0;0;0;9;10;10;10;10;10;9;8;7;6;6
1;26/01/2012;0;0;0;0;0;0;0;0;9;10;10;10;10;10;9;8;7;6;6
1;27/01/2012;6;6;0;0;0;0;0;0;0;0;9;10;10;10;10;10;9;8;7
1;28/01/2012;0;0;0;0;0;0;0;0;9;10;10;10;10;10;9;8;7;6;6
1;29/01/2012;0;0;0;0;0;0;0;0;9;10;10;10;10;10;9;8;7;6;6
1;30/01/2012;0;0;0;0;0;0;0;0;9;10;10;10;10;10;9;8;7;6;6
1;31/01/2012;0;0;0;0;0;0;0;0;9;10;10;10;10;10;9;8;7;6;6
1;01/02/2012;0;0;0;0;0;0;0;0;8;8;8;9;8;8;8;7;6;6;5
1;02/02/2012;0;0;0;0;0;0;0;0;8;8;8;9;8;8;8;7;6;6;5
1;03/02/2012;0;0;0;0;0;0;0;0;8;8;8;9;8;8;8;7;6;6;5
1;04/02/2012;0;0;0;0;0;0;0;0;8;8;8;9;8;8;8;7;6;6;5
1;05/02/2012;0;0;0;0;0;0;0;0;8;8;8;9;8;8;8;7;6;6;5
1;06/02/2012;0;0;0;0;0;0;0;0;8;8;8;9;8;8;8;7;6;6;5
1;07/02/2012;0;0;0;0;0;0;0;0;8;8;8;8;8;8;8;7;6;6;5
1;08/02/2012;0;0;0;0;0;0;0;0;8;8;8;9;8;8;8;7;6;6;5
1;09/02/2012;0;0;0;0;0;0;0;0;8;8;8;9;8;8;8;7;6;6;5
1;10/02/2012;0;0;0;0;0;0;0;0;8;8;8;9;8;8;8;7;6;6;5
1;11/02/2012;0;0;0;0;0;0;0;0;8;8;8;9;8;8;8;7;6;6;5
1;12/02/2012;0;0;0;0;0;0;0;0;8;8;8;9;8;8;8;7;6;6;5
1;13/02/2012;0;0;0;0;0;0;0;0;8;8;8;9;8;8;8;7;6;6;5
1;14/02/2012;0;0;0;0;0;0;0;0;8;8;8;9;8;8;8;7;6;6;5
1;15/02/2012;0;0;0;0;0;0;0;0;8;8;8;9;8;8;8;7;6;6;5
1;16/02/2012;0;0;0;0;0;0;0;0;8;8;8;9;8;8;8;7;6;6;5
1;17/02/2012;0;0;0;0;0;0;0;0;8;8;8;9;8;8;8;7;6;6;5
1;18/02/2012;0;0;0;0;0;0;0;0;8;8;8;9;8;8;8;7;6;6;5
1;19/02/2012;0;0;0;0;0;0;0;0;8;8;8;9;8;8;8;7;6;6;5
1;20/02/2012;0;0;0;0;0;0;0;0;8;8;8;9;8;8;8;7;6;6;5
1;21/02/2012;0;0;0;0;0;0;0;0;8;8;8;9;8;8;8;7;6;6;5
1;22/02/2012;0;0;0;0;0;0;0;0;8;8;8;9;8;8;8;7;6;6;5
1;23/02/2012;6;6;5;0;0;0;0;0;0;0;0;8;8;8;9;8;8;8;7
1;24/02/2012;0;0;0;0;0;0;0;-1;7;8;8;8;8;8;7;11;9;9;8
1;25/02/2012;0;0;0;0;0;-1;-1;-1;7;7;8;8;8;8;7;6;9;8;7
1;26/02/2012;0;0;0;0;0;0;-1;-1;7;7;8;8;14;11;11;11;9;8;7
1;27/02/2012;0;0;0;0;0;0;0;0;8;7;7;8;8;7;6;5;5;5;5
1;28/02/2012;0;0;0;0;0;0;0;0;8;10;10;9;10;9;8;6;3;4;5
1;29/02/2012;0;0;0;0;0;0;0;0;7;8;8;8;8;8;7;6;6;5;5
1;01/03/2012;0;0;0;0;0;0;0;-1;15;16;17;16;16;15;13;10;12;11;10
1;02/03/2012;0;0;0;0;0;0;-1;-1;14;15;15;15;15;15;17;12;12;9;10
1;03/03/2012;0;0;0;0;0;-1;-1;-1;14;15;15;15;15;15;14;14;10;11;10
1;04/03/2012;0;0;0;0;0;0;-1;-1;14;15;15;15;18;16;14;11;11;11;12
1;05/03/2012;0;0;0;0;0;0;0;-1;18;17;15;14;14;13;11;13;12;11;8
1;06/03/2012;0;0;0;0;0;0;-1;-1;17;17;15;19;16;12;11;10;12;9;8
1;07/03/2012;0;0;0;0;0;0;0;0;13;12;14;13;13;12;14;13;12;11;10
1;08/03/2012;0;0;0;0;0;0;0;0;15;15;16;12;12;11;11;13;12;11;8
1;09/03/2012;0;0;0;0;0;0;0;0;13;11;16;16;15;11;11;10;10;10;9
1;10/03/2012;0;0;0;0;0;0;0;0;11;11;16;16;16;15;14;13;12;11;8
1;11/03/2012;0;0;0;0;0;0;0;0;12;12;12;16;15;15;14;13;12;11;8
1;12/03/2012;0;0;0;0;0;0;0;0;15;15;16;16;15;15;14;13;12;9;10
1;13/03/2012;0;0;0;0;0;0;0;0;13;13;13;13;12;12;14;13;12;11;10
1;14/03/2012;0;0;0;0;0;0;0;0;14;14;16;15;14;14;11;13;12;11;10
1;15/03/2012;0;0;0;0;0;0;-1;-1;17;18;18;18;17;15;13;10;12;11;10
1;16/03/2012;0;0;0;0;0;-1;-1;-1;14;15;15;15;15;14;14;13;11;11;11
1;17/03/2012;0;0;0;0;0;-1;-1;-1;14;15;15;15;15;15;15;12;11;11;10
1;18/03/2012;0;0;0;0;0;-1;-1;-1;14;15;15;15;15;18;15;12;11;10;10
1;19/03/2012;0;0;0;0;0;-1;-1;-1;14;15;15;15;15;14;14;15;12;10;9
1;20/03/2012;0;0;0;0;0;-1;-1;-1;14;15;15;15;15;18;16;13;10;9;9
1;21/03/2012;0;0;0;0;0;0;-1;-1;14;15;15;15;19;18;15;12;10;9;8
1;22/03/2012;0;0;0;0;0;-1;-1;-1;14;15;15;15;15;15;14;13;11;11;11
1;23/03/2012;0;0;0;0;0;0;-1;-1;14;15;15;15;15;14;14;13;12;11;10
1;24/03/2012;0;0;0;0;-1;-1;-1;-1;14;15;15;18;16;15;16;14;13;12;11
1;25/03/2012;0;0;0;0;0;-1;-1;-1;14;15;15;15;15;18;15;13;10;10;10
1;26/03/2012;0;0;0;0;0;-1;0;-1;14;15;15;15;19;18;16;14;13;12;11
1;27/03/2012;0;0;0;0;0;0;-1;-1;18;19;19;19;18;17;15;12;10;9;9
1;28/03/2012;0;0;0;0;0;-1;-1;-1;14;15;19;19;19;17;16;13;11;10;10
1;29/03/2012;0;0;0;0;-1;-1;-1;-1;14;15;15;15;15;14;14;13;14;11;10
1;30/03/2012;0;0;0;0;-1;-1;-1;-1;14;15;15;15;15;14;14;15;12;11;10
1;31/03/2012;0;0;0;0;-1;-1;-1;-1;14;15;15;15;15;15;14;15;14;13;12
1;01/04/2012;0;0;0;0;-1;-1;-1;-1;16;17;21;18;16;15;13;12;12;11;10
1;02/04/2012;0;0;0;0;0;-1;-1;-1;16;17;17;17;22;19;16;14;13;12;12
1;03/04/2012;0;0;0;0;-1;-1;-1;-1;17;17;22;22;19;17;16;15;15;15;15
1;04/04/2012;0;-1;-1;-1;-1;-1;-1;-1;19;21;21;21;21;19;17;15;15;15;15
1;05/04/2012;-1;0;0;-1;-1;-1;-1;-1;21;19;20;19;17;13;16;15;15;15;15
1;06/04/2012;0;0;0;0;-1;-1;-1;-1;16;17;22;17;17;21;19;17;15;15;15
1;07/04/2012;0;0;0;0;-1;-1;-1;-1;17;14;15;16;16;16;14;12;12;12;11
1;08/04/2012;0;0;0;0;0;0;0;-1;17;18;17;18;13;14;15;13;11;10;13
1;09/04/2012;0;0;0;0;0;0;0;0;17;17;17;17;17;17;16;16;15;13;13
1;10/04/2012;0;0;0;0;0;0;0;0;15;17;18;18;17;15;13;15;15;13;13
1;11/04/2012;0;0;0;0;0;0;0;0;16;20;20;21;21;18;15;13;12;11;12
1;12/04/2012;0;0;0;0;0;-1;-1;-1;16;17;17;17;20;18;16;14;12;11;12
1;13/04/2012;0;0;0;0;0;0;0;0;12;12;17;13;13;13;12;12;13;13;13
1;14/04/2012;0;0;0;0;-1;-1;-1;-1;19;20;22;19;15;12;16;11;11;11;11
1;15/04/2012;0;0;0;0;0;-1;-1;-1;16;21;19;17;18;16;15;14;12;12;11
1;16/04/2012;0;0;0;0;0;0;0;-1;16;15;14;14;13;11;16;15;14;10;10
1;17/04/2012;16;15;14;10;13;0;0;0;0;0;-1;0;0;12;14;13;13;12;12
1;18/04/2012;0;0;0;0;0;0;0;0;17;18;19;19;18;16;14;12;14;11;11
1;19/04/2012;0;0;0;0;0;-1;-1;-1;17;19;19;17;16;16;15;14;13;12;12
1;20/04/2012;0;0;0;0;-1;-1;-1;-1;17;21;20;17;14;14;14;13;12;11;10
1;21/04/2012;0;0;0;0;0;-1;-1;-1;21;20;22;22;21;20;18;15;13;13;13
1;22/04/2012;0;0;0;0;-1;-1;-1;-1;16;17;17;17;17;21;19;16;14;13;13
1;23/04/2012;0;0;0;0;-1;-1;-1;-1;16;21;19;18;17;17;16;15;14;13;14
1;24/04/2012;0;0;0;0;-1;-1;-1;-1;16;17;17;17;22;21;18;16;14;13;14
1;25/04/2012;0;0;0;0;-1;-1;-1;-1;17;17;17;17;17;20;18;16;13;12;12
1;26/04/2012;0;0;0;0;-1;-1;-1;-1;16;16;17;17;17;16;16;19;16;15;14
1;27/04/2012;0;0;0;-1;-1;-1;-1;-1;21;17;17;17;17;16;16;15;16;13;12
1;28/04/2012;0;0;0;-1;-1;-1;-1;-1;16;17;17;17;17;16;16;15;18;13;16
1;29/04/2012;0;0;0;-1;-1;-1;-1;-1;16;16;17;17;17;16;16;15;14;13;13
1;30/04/2012;0;0;0;-1;-1;-1;-1;-1;16;16;17;17;17;16;16;15;14;16;16
1;01/05/2012;0;0;0;-1;-1;-1;-1;-1;21;21;21;21;21;21;20;19;20;18;19
1;02/05/2012;0;-1;0;-1;-1;-1;-1;-1;21;21;21;21;21;24;22;20;17;15;14
1;03/05/2012;0;0;-1;-1;-1;-1;-1;-1;21;21;26;21;25;23;22;19;16;17;13
1;04/05/2012;0;0;0;-1;-1;-1;-1;-1;21;21;21;21;25;24;23;21;17;14;13
1;05/05/2012;0;0;-1;-1;-1;-1;-1;-1;21;21;21;21;21;21;24;22;19;17;17
1;06/05/2012;0;0;-1;-1;-1;-1;-1;-1;25;25;21;21;21;21;20;22;19;19;18
1;07/05/2012;-1;-1;-1;-1;-1;-1;-1;-1;21;21;26;25;25;25;23;21;19;17;17
1;08/05/2012;0;0;-1;-1;-1;-1;-1;-1;24;24;23;24;23;22;20;18;15;17;16
1;09/05/2012;0;0;0;-1;-1;-1;-1;-1;26;21;21;21;25;24;22;20;17;17;16
1;10/05/2012;0;0;-1;-1;-1;-1;-1;-1;21;21;21;21;25;24;23;21;18;17;15
1;11/05/2012;0;0;-1;-1;-1;-1;-1;-1;21;21;21;21;21;21;20;23;19;16;15
1;12/05/2012;0;-1;-1;-1;-1;-1;-1;-1;21;21;21;21;21;21;20;19;21;17;16
1;13/05/2012;0;-1;-1;-1;-1;-1;-1;-1;21;21;21;21;21;21;22;20;18;17;16
1;14/05/2012;0;0;0;0;0;0;0;0;22;22;22;22;22;21;21;20;18;17;16
1;15/05/2012;0;0;0;0;0;0;-1;-1;21;22;22;21;17;18;18;16;18;17;16
1;16/05/2012;0;0;0;-1;-1;-1;-1;-1;21;26;26;21;23;23;19;17;18;17;16
1;17/05/2012;0;0;0;0;0;0;0;0;22;22;22;21;22;21;21;20;18;17;16
1;18/05/2012;0;0;0;0;0;-1;-1;-1;19;20;20;20;19;17;21;20;18;17;16
1;19/05/2012;0;0;0;0;-1;-1;-1;-1;26;25;26;25;24;23;22;19;16;17;16
1;20/05/2012;0;0;0;-1;-1;-1;-1;-1;21;21;21;21;21;23;21;19;18;17;17
1;21/05/2012;-1;-1;-1;-1;-1;-1;-1;-1;21;21;21;21;21;21;20;22;20;20;18
1;22/05/2012;0;0;0;-1;-1;-1;-1;-1;24;25;25;21;22;20;21;20;18;14;13
1;23/05/2012;0;0;0;-1;-1;-1;-1;-1;23;23;24;23;22;20;19;17;16;16;16
1;24/05/2012;0;0;0;-1;-1;-1;-1;-1;24;26;26;21;25;24;24;23;21;19;16
1;25/05/2012;-1;-1;-1;-1;-1;-1;-1;-1;25;25;25;21;24;24;23;21;18;15;14
1;26/05/2012;0;-1;-1;-1;-1;-1;-1;-1;26;26;23;25;23;22;20;20;18;18;17
1;27/05/2012;0;0;0;-1;-1;-1;-1;-1;25;24;21;23;22;21;20;19;16;17;16
1;28/05/2012;0;0;0;-1;-1;-1;-1;-1;21;21;24;23;22;22;19;18;17;16;15
1;29/05/2012;0;0;-1;-1;-1;-1;-1;-1;21;21;21;21;21;21;24;21;19;17;17
1;30/05/2012;0;0;0;-1;-1;-1;-1;-1;26;21;21;21;21;21;20;19;20;16;14
1;31/05/2012;0;0;0;-1;-1;-1;-1;-1;25;21;25;21;21;21;20;19;21;19;16
1;01/06/2012;0;0;-1;-1;-1;-1;-1;-1;28;29;32;31;31;30;27;25;23;21;20
1;02/06/2012;-1;-1;-1;-1;-1;-1;-1;-1;28;29;29;29;29;31;28;26;23;21;20
1;03/06/2012;-1;-1;-1;-1;-1;-1;-1;-1;28;29;29;29;29;32;29;26;23;21;20
1;04/06/2012;-1;-1;-1;-1;-1;-1;-1;-1;28;29;32;28;28;30;27;26;23;23;22
1;05/06/2012;0;0;-1;-1;-1;-1;-1;-1;27;28;28;27;26;25;28;27;26;25;23
1;06/06/2012;0;0;-1;-1;-1;-1;-1;-1;28;29;29;28;28;28;27;25;26;25;23
1;07/06/2012;-1;-1;-1;-1;-1;-1;-1;-1;28;29;29;29;29;29;31;29;25;23;23
1;08/06/2012;-1;-1;-1;-1;-1;-1;-1;-1;28;28;29;29;29;28;28;30;27;26;25
1;09/06/2012;-1;-1;-1;-1;-1;-1;-1;-1;28;29;29;29;29;28;28;27;28;26;25
1;10/06/2012;-1;-1;-1;-1;-1;-1;-1;-1;28;29;29;29;29;29;28;31;27;24;23
1;11/06/2012;-1;-1;-1;-1;-1;-1;-1;-1;28;29;29;33;32;31;30;29;26;24;23
1;12/06/2012;-1;-1;-1;-1;-1;-1;-1;-1;28;29;29;29;29;28;28;27;29;27;24
1;13/06/2012;-1;-1;-1;-1;-1;-1;-1;-1;29;31;32;31;30;28;27;26;23;25;23
1;14/06/2012;-1;-1;-1;-1;-1;-1;-1;-1;32;32;32;31;30;28;27;25;23;25;23
1;15/06/2012;0;0;-1;-1;-1;-1;-1;-1;31;31;31;31;30;28;28;26;26;25;23
1;16/06/2012;-1;-1;-1;-1;-1;-1;-1;-1;32;33;29;29;33;31;30;28;25;21;23
1;17/06/2012;0;0;-1;-1;-1;-1;-1;-1;28;29;29;29;33;29;31;29;25;21;23
1;18/06/2012;0;0;-1;-1;-1;-1;-1;-1;28;29;29;29;29;29;28;29;26;22;20
1;19/06/2012;-1;-1;-1;-1;-1;-1;-1;-1;28;29;29;29;31;29;28;29;28;24;22
1;20/06/2012;-1;-1;-1;-1;-1;-1;-1;-1;28;29;29;29;29;28;28;27;29;24;22
1;21/06/2012;-1;-1;-1;-1;-1;-1;-1;-1;28;28;29;29;29;28;28;27;26;24;23
1;22/06/2012;-1;-1;-1;-1;-1;-1;-1;-1;28;29;29;29;29;29;28;31;28;25;23
1;23/06/2012;-1;-1;-1;-1;-1;-1;-1;-1;28;29;29;29;29;29;28;27;29;26;24
1;24/06/2012;-1;-1;-1;-1;-1;-1;-1;-1;27;29;29;29;29;32;29;28;27;26;25
1;25/06/2012;-1;-1;-1;-1;-1;-1;-1;-1;28;29;29;29;29;28;28;27;29;26;26
1;26/06/2012;-1;-1;-1;-1;-1;-1;-1;-1;28;29;29;29;33;32;30;28;26;24;23
1;27/06/2012;-1;-1;-1;-1;-1;-1;-1;-1;31;32;32;32;30;30;29;27;24;21;23
1;28/06/2012;-1;-1;-1;-1;-1;-1;-1;-1;28;29;29;29;29;29;31;30;26;22;22
1;29/06/2012;-1;-1;-1;-1;-1;-1;-1;-1;28;29;29;29;29;28;28;27;28;25;25
1;30/06/2012;-1;-1;-1;-1;-1;-1;-1;-1;28;29;29;29;29;28;28;27;26;26;25
1;01/07/2012;-1;-1;-1;-1;-1;-1;-1;-1;30;31;31;31;31;31;30;30;30;26;25
1;02/07/2012;-1;-1;-1;-1;-1;-1;-1;-2;30;31;31;31;31;31;34;33;31;29;29
1;03/07/2012;-1;-1;-1;-1;-1;-1;-1;-1;30;31;31;31;31;34;33;32;31;29;27
1;04/07/2012;-1;-1;-1;-1;-1;-1;-1;-1;30;31;31;31;31;31;33;30;28;27;26
1;05/07/2012;-1;-1;-1;-1;-1;-1;-1;-1;30;31;31;31;34;34;33;31;28;26;25
1;06/07/2012;-1;-1;-1;-1;-1;-1;-1;-1;30;31;31;31;35;32;31;30;26;26;25
1;07/07/2012;-1;-1;-1;-1;-1;-1;-1;-1;31;31;36;31;35;33;31;29;28;26;25
1;08/07/2012;-1;-1;-1;-1;-1;-1;-1;-1;31;31;31;31;31;31;30;33;30;25;24
1;09/07/2012;-1;-1;-1;-1;-1;-1;-1;-1;30;31;31;31;31;31;30;30;29;29;29
1;10/07/2012;-1;-1;-1;-1;-1;-1;-1;-1;31;31;31;31;31;31;30;30;31;27;25
1;11/07/2012;-1;-1;-1;-1;-1;-1;-1;-1;30;31;31;31;31;31;30;29;29;28;26
1;12/07/2012;-1;-1;-1;-1;-1;-1;-1;-1;31;31;34;32;32;27;31;31;29;26;25
1;13/07/2012;-1;-1;-1;-1;-1;-1;-1;-1;30;31;31;31;31;31;30;30;31;28;26
1;14/07/2012;-1;-1;-1;-1;-1;-1;-1;-1;30;31;31;31;31;31;30;30;32;29;28
1;15/07/2012;-1;-1;-1;-1;-1;-1;-2;-2;30;31;31;31;31;31;30;29;29;30;29
1;16/07/2012;-1;-1;-1;-1;-1;-1;-1;-1;33;33;33;32;32;30;28;27;25;24;24
1;17/07/2012;-1;-1;-1;-1;-1;-1;-1;-1;29;30;29;29;28;28;27;26;29;27;26
1;18/07/2012;-1;-1;-1;-1;-1;-1;-1;-1;31;32;32;32;31;30;29;28;25;27;26
1;19/07/2012;-1;-1;-1;-1;-1;-1;-1;-1;31;31;31;31;31;35;34;32;28;25;26
1;20/07/2012;-1;-1;-1;-1;-1;-1;-1;-1;30;31;31;31;31;31;30;30;30;28;27
1;21/07/2012;-1;-1;-1;-1;-1;-1;-1;-1;30;31;31;31;31;31;30;30;31;28;28
1;22/07/2012;-1;-1;-1;-1;-1;-1;-1;-1;31;35;34;32;30;29;27;26;29;27;26
1;23/07/2012;0;0;-1;-1;-1;-1;-1;-1;29;29;32;28;32;31;26;30;29;27;23
1;24/07/2012;-1;-1;-1;-1;-1;-1;-1;-1;31;27;29;27;32;31;31;30;29;27;26
1;25/07/2012;-1;-1;-1;-1;-1;-1;-1;-1;31;28;32;28;32;27;26;26;29;27;26
1;26/07/2012;-1;-1;-1;-1;-1;-1;-1;-1;32;32;32;33;32;32;31;31;30;28;27
1;27/07/2012;0;0;0;0;0;0;0;0;32;32;33;32;32;30;29;28;26;24;23
1;28/07/2012;-1;-1;-1;-1;-1;-1;-1;-1;31;31;31;31;31;35;34;32;27;24;23
1;29/07/2012;-1;-1;-1;-1;-1;-1;-1;-1;30;31;31;31;31;31;30;29;29;27;26
1;30/07/2012;-1;-1;-1;-1;-1;-1;-1;-1;31;31;31;31;31;35;33;31;28;25;24
1;31/07/2012;-1;-1;-1;-1;-1;-1;-1;-1;35;31;35;34;34;32;31;30;27;25;24
1;01/08/2012;-1;-1;-1;-1;-1;-1;-1;-1;30;34;35;34;33;33;31;29;27;24;25
1;02/08/2012;-1;-1;-1;-1;-1;-1;-1;-1;30;31;31;31;31;34;32;30;27;24;23
1;03/08/2012;31;31;31;31;30;29;30;28;27;-1;-1;-1;-1;-1;-1;-1;-1;30;31
1;04/08/2012;-1;-1;-1;-1;-1;-1;-1;-1;30;31;31;31;31;31;30;29;30;28;25
1;05/08/2012;-1;-1;-1;-1;-1;-1;-1;-1;30;30;31;31;31;31;30;29;27;26;25
1;06/08/2012;-1;-1;-1;-1;-1;-1;-1;-2;30;30;31;31;30;30;30;29;27;26;25
1;07/08/2012;-1;-1;-1;-1;-1;-1;-1;-1;30;31;31;31;31;31;30;29;30;27;26
1;08/08/2012;-1;-1;-1;-1;-1;-1;-1;-1;30;31;31;31;31;34;33;31;28;25;23
1;09/08/2012;-1;-1;-1;-1;-1;-1;-1;-1;27;31;31;35;34;32;31;29;26;26;25
1;10/08/2012;-1;-1;-1;-1;-1;-1;-1;-1;30;34;35;33;32;31;29;27;25;24;24
1;11/08/2012;-1;-1;-1;-1;-1;-1;-1;-1;31;31;30;31;29;28;27;29;28;26;25
1;12/08/2012;-1;-1;-1;-1;-1;-1;-1;-1;32;32;33;32;32;29;28;26;28;26;25
1;13/08/2012;-1;-1;-1;-1;-1;-1;-1;-1;32;31;35;31;34;34;31;27;25;26;25
1;14/08/2012;-1;-1;-1;-1;-1;-1;-1;-1;30;31;34;32;32;31;31;29;26;24;23
1;15/08/2012;-1;-1;-1;-1;-1;-1;-1;-1;30;31;31;31;31;31;30;31;28;27;26
1;16/08/2012;-1;-1;-1;-1;-1;-1;-1;-1;30;31;31;31;31;31;30;32;29;27;26
1;17/08/2012;-1;-1;-1;-1;-1;-1;-1;-1;30;31;31;35;34;32;31;29;26;25;23
1;18/08/2012;-1;-1;-1;-1;-1;-1;-1;-1;30;31;31;31;31;33;31;29;26;26;25
1;19/08/2012;-1;-1;-1;-1;-1;-1;-1;-1;30;31;31;31;31;33;31;29;25;26;25
1;20/08/2012;-1;-1;-1;-1;-1;-1;-1;-1;30;31;31;31;31;34;32;29;25;26;25
1;21/08/2012;-1;-1;-1;-1;-1;-1;-1;-1;30;31;31;31;31;31;33;30;25;26;25
1;22/08/2012;-1;-1;-1;-1;-1;-1;-1;-1;30;31;31;31;31;31;30;31;27;27;25
1;23/08/2012;-1;-1;-1;-1;-1;-1;-1;-2;30;30;31;31;31;30;30;29;29;28;25
1;24/08/2012;-1;-1;-1;-1;-1;-1;-1;-2;30;30;31;31;31;30;30;29;30;26;25
1;25/08/2012;-1;-1;-1;-1;-1;-1;-1;-1;30;30;31;31;31;31;30;32;28;25;25
1;26/08/2012;-1;-1;-1;-1;-1;-1;-1;-1;30;31;31;31;31;31;33;29;28;26;25
1;27/08/2012;-1;-1;-1;-1;-1;-1;-1;-1;29;29;30;29;28;31;30;29;28;26;25
1;28/08/2012;-1;-1;-1;-1;-1;-1;-1;-1;30;31;31;31;29;28;30;29;28;26;25
1;29/08/2012;0;0;-1;-1;-1;-1;-1;-1;30;31;35;34;33;31;28;26;28;26;25
1;30/08/2012;-1;-1;-1;-1;-1;-1;-1;-1;30;31;31;31;34;33;31;27;28;26;23
1;31/08/2012;-1;-1;-1;-1;-1;-1;-1;-1;30;31;31;31;31;33;30;28;26;26;26
1;01/09/2012;-1;-1;-1;-1;-1;-1;-1;-1;25;26;26;26;27;22;21;24;23;19;19
1;02/09/2012;-1;-1;-1;-1;-1;-1;-1;-1;26;26;30;29;29;28;27;25;25;24;24
1;03/09/2012;-1;-1;-1;-1;-1;-1;-1;-1;26;26;26;26;30;25;28;25;24;23;22
1;04/09/2012;-1;-1;-1;-1;-1;-1;-1;-1;26;26;26;26;30;28;26;24;24;22;21
1;05/09/2012;-1;-1;-1;-1;-1;-1;-1;-1;26;26;26;27;27;25;24;23;21;20;20
1;06/09/2012;-1;-1;-1;-1;-1;-1;-1;-1;26;30;25;23;24;23;22;22;20;21;21
1;07/09/2012;-1;-1;-1;-1;-1;-1;-1;-1;28;29;28;28;28;26;25;23;21;19;20
1;08/09/2012;-1;-1;-1;-1;-1;-1;-1;-1;26;26;30;30;29;27;25;22;23;22;18
1;09/09/2012;-1;-1;-1;-1;-1;-1;-1;-1;26;26;26;26;28;28;26;23;20;19;18
1;10/09/2012;-1;-1;0;-1;-1;-1;-1;-1;26;26;26;26;26;29;27;23;21;20;20
1;11/09/2012;-1;-1;-1;-1;-1;-1;-1;-1;26;26;26;26;26;28;25;22;22;21;20
1;12/09/2012;-1;-1;-1;-1;-1;-1;-1;-1;26;26;26;26;26;29;28;25;24;23;22
1;13/09/2012;-1;-1;-1;-1;-1;-1;-1;-1;26;27;29;25;26;26;25;24;20;20;20
1;14/09/2012;-1;-1;-1;-1;-1;-1;-1;-1;29;29;24;25;25;23;21;24;23;19;18
1;15/09/2012;0;0;0;-1;-1;-1;-1;-1;29;27;27;26;24;23;23;21;23;22;19
1;16/09/2012;-1;-1;-1;-1;-1;-1;-1;-1;23;23;24;24;24;23;21;24;23;22;21
1;17/09/2012;-1;-1;-1;-1;-1;-1;-1;-1;28;29;29;26;26;24;22;24;23;22;21
1;18/09/2012;0;0;0;0;-1;-1;-1;-1;26;28;26;25;25;24;22;24;23;22;21
1;19/09/2012;-1;-1;-1;-1;-1;-1;-1;-1;26;26;26;30;27;26;24;22;21;21;21
1;20/09/2012;-1;-1;-1;-1;-1;-1;-1;-1;23;23;27;27;26;26;25;24;23;22;21
1;21/09/2012;0;0;0;0;-1;-1;-1;-1;23;24;24;24;23;26;25;24;23;22;21
1;22/09/2012;0;0;0;0;-1;-1;-1;-1;26;26;26;26;28;27;24;21;23;19;19
1;23/09/2012;-1;-1;-1;-1;-1;-1;-1;-1;26;26;26;26;26;25;25;23;22;21;21
1;24/09/2012;-1;-1;-1;-1;-1;-1;-1;-1;25;26;26;26;26;25;28;26;24;24;23
1;25/09/2012;-1;-1;-1;-1;-1;-1;-1;-1;26;29;30;29;29;29;26;23;22;21;22
1;26/09/2012;-1;-1;-1;-1;-1;-1;-1;-1;26;26;26;26;26;25;27;25;23;22;22
1;27/09/2012;-1;-1;-1;-1;-1;-1;-1;-1;25;26;26;26;26;28;27;24;24;22;21
1;28/09/2012;-1;-1;-1;-1;-1;-1;-1;-1;26;26;26;26;26;25;24;23;24;24;21
1;29/09/2012;-1;-1;-1;-1;-1;-1;-1;-1;25;26;26;26;26;25;24;23;22;21;21
1;30/09/2012;-1;-1;-1;-1;-1;-1;-1;-1;26;26;26;26;26;28;25;23;23;21;20
1;01/10/2012;-1;-1;-1;-1;-1;-1;-1;-1;21;21;21;22;21;21;20;18;18;17;17
1;02/10/2012;-1;-1;-1;-1;-1;-1;-1;-1;21;22;22;22;25;23;22;21;19;19;18
1;03/10/2012;0;0;-1;-1;-1;-1;-1;-1;21;22;22;22;21;24;21;19;17;16;15
1;04/10/2012;0;0;0;0;-1;-1;-1;-1;21;21;22;22;21;24;21;18;16;14;14
1;05/10/2012;-1;0;0;0;-1;-1;-1;-1;21;22;22;22;21;23;21;17;15;14;14
1;06/10/2012;0;0;0;0;-1;-1;-1;-1;21;21;22;22;21;24;21;17;16;16;16
1;07/10/2012;-1;-1;-1;-1;-1;-1;-1;-1;21;21;22;22;21;21;20;21;18;17;20
1;08/10/2012;-1;-1;-1;-1;-1;-1;-1;-1;25;22;25;24;22;20;19;17;18;14;14
1;09/10/2012;0;0;0;0;-1;-1;-1;-1;21;21;22;22;18;18;18;18;17;17;18
1;10/10/2012;-1;-1;-1;-1;-1;-1;-1;-1;25;24;19;20;24;22;19;18;17;17;16
1;11/10/2012;-1;-1;-1;-1;-1;-1;-1;-1;21;22;22;22;24;22;19;18;19;19;19
1;12/10/2012;-1;-1;-1;-1;-1;-1;-1;-1;22;25;24;20;21;21;19;18;17;16;16
1;13/10/2012;0;0;0;0;-1;-1;-1;-1;21;22;24;25;24;22;20;19;18;18;18
1;14/10/2012;-1;-1;-1;-1;-1;-1;-1;-1;20;22;22;22;22;20;18;17;18;19;19
1;15/10/2012;-1;-1;-1;-1;-1;-1;-1;-1;21;22;24;23;24;22;21;20;20;20;19
1;16/10/2012;-1;-1;-1;-1;-1;-1;-1;-1;22;22;24;25;24;21;18;16;15;15;15
1;17/10/2012;0;0;0;0;-1;-1;-1;-1;21;22;22;25;23;20;17;19;18;17;17
1;18/10/2012;0;0;0;0;0;-1;-1;-1;21;21;22;22;24;21;20;19;18;17;17
1;19/10/2012;0;0;0;0;0;-1;-1;-1;21;22;22;25;23;21;17;19;18;17;17
1;20/10/2012;0;0;0;0;0;-1;-1;-1;23;24;25;24;22;20;17;19;15;15;13
1;21/10/2012;0;0;0;0;-1;-1;-1;-1;21;22;22;25;23;21;17;19;18;17;17
1;22/10/2012;0;0;0;0;-1;-1;-1;-1;25;25;25;25;23;20;17;19;18;16;16
1;23/10/2012;-1;0;0;0;-1;-1;-1;-1;24;25;25;25;22;20;17;15;17;16;16
1;24/10/2012;0;0;0;0;0;-1;-1;-1;25;25;24;24;22;19;20;19;18;17;13
1;25/10/2012;0;0;0;0;0;-1;-1;-1;21;22;22;22;21;19;20;19;18;15;15
1;26/10/2012;-1;0;0;0;-1;-1;-1;-1;21;21;22;25;22;20;19;19;19;19;18
1;27/10/2012;-1;-1;-1;-1;-1;-1;-1;-1;21;22;24;24;22;21;20;19;19;18;19
1;28/10/2012;-1;-1;-1;-1;-1;-1;-1;-1;18;19;20;19;18;18;20;15;18;17;17
1;29/10/2012;0;0;0;0;0;0;-1;-1;21;18;22;22;22;21;20;19;18;17;17
1;30/10/2012;0;0;0;0;0;0;0;-1;18;19;19;22;22;21;20;19;18;17;17
1;31/10/2012;0;0;0;0;0;0;-1;-1;21;22;22;22;22;21;20;15;15;15;15
1;01/11/2012;-1;-1;-1;-1;-1;-1;-1;-1;17;17;17;17;20;18;16;16;15;13;12
1;02/11/2012;0;0;0;0;-1;-1;-1;-1;17;17;17;17;17;19;17;14;14;14;14
1;03/11/2012;0;0;0;0;0;-1;-1;-1;17;17;17;17;17;18;16;16;15;15;15
1;04/11/2012;0;0;0;0;-1;-1;-1;-1;17;17;17;17;17;19;18;17;16;17;17
1;05/11/2012;-1;-1;-1;-1;-1;-1;-1;-1;17;17;18;17;17;16;15;15;14;14;14
1;06/11/2012;0;0;0;0;-1;0;-1;-1;17;17;21;17;20;17;17;17;16;16;14
1;07/11/2012;-1;0;0;0;0;0;-1;-1;18;19;16;18;14;17;16;15;15;14;11
1;08/11/2012;0;0;0;0;0;0;-1;-1;18;19;18;18;17;14;16;15;15;14;14
1;09/11/2012;0;0;0;0;0;0;-1;-1;19;19;19;18;17;15;16;15;15;14;14
1;10/11/2012;0;0;0;0;0;0;-1;-1;17;17;17;20;18;16;14;14;13;13;14
1;11/11/2012;-1;-1;-1;-1;-1;-1;-1;-1;20;17;21;20;19;18;18;18;18;14;14
1;12/11/2012;-1;-1;-1;-1;-1;-1;-1;-1;17;17;17;17;17;16;18;17;17;17;16
1;13/11/2012;-1;-1;-1;-1;-1;-1;-1;-1;17;20;18;18;18;17;17;16;16;15;15
1;14/11/2012;0;0;0;0;0;-1;-1;-1;20;19;19;18;17;15;14;15;13;12;12
1;15/11/2012;0;0;0;0;0;0;0;0;17;18;18;18;17;17;13;13;13;13;13
1;16/11/2012;0;0;0;0;0;0;0;0;17;18;18;18;17;17;13;13;12;12;12
1;17/11/2012;0;0;0;0;0;0;0;0;16;18;17;16;16;15;14;14;14;14;13
1;18/11/2012;0;0;0;0;0;-1;-1;-1;17;17;16;15;15;14;14;14;14;14;15
1;19/11/2012;-1;0;-1;0;-1;-1;-1;-1;17;16;15;15;15;14;13;13;13;13;13
1;20/11/2012;0;0;0;0;0;0;-1;-1;18;20;18;16;15;15;15;15;15;15;14
1;21/11/2012;0;0;0;0;0;-1;-1;-1;17;18;20;16;14;14;14;14;14;14;14
1;22/11/2012;0;0;0;0;0;0;-1;-1;17;20;20;17;16;15;14;12;11;11;11
1;23/11/2012;0;0;0;0;0;0;0;-1;17;19;19;19;17;15;13;13;13;13;13
1;24/11/2012;0;0;0;0;0;0;-1;-1;17;18;18;18;18;15;16;15;15;14;14
1;25/11/2012;0;0;0;0;0;0;-1;-1;17;17;21;18;19;15;16;15;11;11;11
1;26/11/2012;0;0;0;0;0;0;-1;-1;17;17;18;17;19;14;16;15;11;12;11
1;27/11/2012;0;0;0;0;0;0;-1;-1;20;19;18;17;15;14;13;12;12;13;13
1;28/11/2012;-1;-1;-1;-1;-1;-1;-1;-1;18;19;20;20;19;18;18;17;16;14;15
1;29/11/2012;0;0;0;0;0;0;-1;-1;15;17;17;15;17;17;16;15;11;11;10
1;30/11/2012;0;0;0;0;0;0;-1;-1;17;17;16;18;17;17;16;15;15;14;14
1;01/12/2012;0;0;0;0;0;0;-1;-1;10;11;11;11;15;12;11;11;11;10;9
1;02/12/2012;0;0;0;0;0;0;-1;-1;10;11;11;13;13;12;11;11;9;10;10
1;03/12/2012;0;0;0;0;0;0;0;0;8;8;9;8;11;11;10;5;5;5;5
1;04/12/2012;0;0;0;0;0;0;0;0;10;11;14;15;12;11;11;11;11;11;11
1;05/12/2012;0;0;0;0;0;0;0;0;13;13;13;12;10;7;10;6;7;7;7
1;06/12/2012;0;0;0;0;0;0;0;0;8;9;9;9;11;11;10;9;9;8;4
1;07/12/2012;0;0;0;0;0;0;0;0;11;13;14;12;12;8;6;7;8;7;7
1;08/12/2012;0;0;0;0;0;0;0;0;8;9;9;9;11;11;10;9;9;8;4
1;09/12/2012;0;0;0;0;0;0;0;0;11;11;12;12;12;11;10;9;5;8;5
1;10/12/2012;0;0;0;0;0;0;0;0;12;13;13;11;10;8;7;7;7;7;8
1;11/12/2012;0;0;0;0;0;0;0;0;8;9;9;8;11;11;10;9;9;8;8
1;12/12/2012;0;0;0;0;0;0;0;0;11;11;12;12;12;11;10;9;9;8;8
1;13/12/2012;0;0;0;0;0;0;0;0;12;10;11;10;11;11;10;5;5;5;5
1;14/12/2012;0;0;0;0;0;0;0;0;14;15;15;13;12;12;11;11;11;11;11
1;15/12/2012;0;0;0;0;0;0;0;0;13;14;14;14;13;12;12;12;12;11;10
1;16/12/2012;0;0;0;0;0;0;0;-1;10;11;11;11;11;10;9;9;8;8;8
1;17/12/2012;0;0;0;0;0;0;0;0;10;11;11;15;14;12;12;12;11;11;11
1;18/12/2012;0;0;0;0;0;0;0;0;12;11;12;11;10;8;7;6;6;7;7
1;19/12/2012;0;0;0;0;0;0;0;0;8;8;8;8;8;8;8;9;8;6;6
1;20/12/2012;0;0;0;0;0;0;0;0;10;10;10;10;9;7;6;6;6;5;4
1;21/12/2012;0;0;0;0;0;0;0;0;10;8;8;9;11;7;6;6;6;6;6
1;22/12/2012;0;0;0;0;0;0;0;0;8;9;10;9;9;8;7;6;6;6;5
1;23/12/2012;0;0;0;0;0;0;0;0;10;11;11;11;15;10;6;5;9;8;6
1;24/12/2012;0;0;0;0;0;0;0;-1;10;11;11;11;11;13;10;9;9;9;9
1;25/12/2012;0;0;0;0;0;0;0;-1;10;11;11;11;14;12;12;12;12;12;8
1;26/12/2012;0;0;0;0;0;0;-1;0;10;11;11;11;11;14;12;10;9;8;8
1;27/12/2012;0;0;0;0;0;0;0;-1;10;11;11;11;11;13;10;10;10;10;10
1;28/12/2012;0;0;0;0;0;0;0;0;13;10;11;11;11;10;9;8;8;8;8
1;29/12/2012;0;0;0;0;0;0;0;0;11;12;11;12;11;9;8;7;7;6;5
1;30/12/2012;0;0;0;0;0;0;0;0;10;15;14;13;12;10;6;9;9;8;4
1;31/12/2012;0;0;0;0;0;0;0;0;13;13;13;9;11;9;7;6;6;5;5
2;01/01/2012;0;10;10;7;8;6;6;5;0;10;10;9;0;9;0;0;0;0;0
2;02/01/2012;0;9;10;8;7;6;6;5;0;9;10;10;10;0;0;0;0;0;0
2;03/01/2012;0;0;0;0;10;10;9;6;10;10;5;6;8;7;0;9;0;0;0
2;04/01/2012;0;0;0;8;6;5;9;6;10;7;10;9;10;10;0;0;0;0;0
2;05/01/2012;0;10;7;0;0;8;5;6;6;0;10;9;0;10;9;10;0;0;0
2;06/01/2012;0;9;10;10;6;6;5;0;10;7;9;8;0;10;0;0;0;0;0
2;07/01/2012;0;0;10;9;7;6;6;5;9;8;10;10;10;0;0;0;0;0;0
2;08/01/2012;0;0;0;10;5;10;10;10;9;8;6;7;6;0;0;0;0;0;9
2;09/01/2012;0;0;7;6;10;5;10;6;10;8;10;9;0;9;0;0;0;0;0
2;10/01/2012;0;0;0;9;10;6;0;7;6;5;0;9;8;10;10;10;0;0;0
2;11/01/2012;0;10;10;9;6;5;0;10;6;8;7;0;10;0;9;0;0;0;0
2;12/01/2012;0;10;8;6;6;5;0;10;7;9;10;10;0;0;9;0;0;0;0
2;13/01/2012;0;0;0;10;7;10;9;8;5;6;6;0;10;9;10;0;0;0;0
2;14/01/2012;0;0;9;6;5;10;10;6;10;7;9;8;0;10;0;0;0;0;0
2;15/01/2012;0;0;9;6;0;0;6;5;9;8;7;10;10;10;10;0;0;0;0
2;16/01/2012;0;10;10;8;5;0;9;6;7;6;0;10;0;10;0;9;0;0;0
2;17/01/2012;0;10;7;0;0;0;0;10;9;0;9;10;8;0;6;10;5;6;0
2;18/01/2012;0;10;0;0;0;0;0;0;10;10;10;9;0;5;6;6;7;8;9
2;19/01/2012;0;6;0;0;0;0;0;9;0;10;0;10;7;8;6;9;5;10;10
2;20/01/2012;0;0;8;0;0;0;0;0;10;10;9;10;6;7;10;5;9;6;0
2;21/01/2012;6;6;10;9;0;0;0;0;0;10;9;10;8;0;10;0;0;7;5
2;22/01/2012;0;6;5;6;8;0;9;10;10;10;0;0;0;0;0;0;9;10;7
2;23/01/2012;0;0;10;10;9;0;10;0;10;9;0;8;7;6;6;5;0;0;0
2;24/01/2012;0;10;5;10;6;10;9;6;8;7;10;0;0;9;0;0;0;0;0
2;25/01/2012;0;7;0;9;6;5;8;10;6;10;9;10;10;0;0;0;0;0;0
2;26/01/2012;10;6;0;8;7;5;6;10;0;9;0;10;9;10;0;0;0;0;0
2;27/01/2012;0;10;5;6;0;10;6;10;7;9;8;9;0;10;0;0;0;0;0
2;28/01/2012;0;8;10;9;7;6;6;5;9;10;10;10;0;0;0;0;0;0;0
2;29/01/2012;0;10;5;9;8;6;7;6;10;0;10;0;10;0;9;0;0;0;0
2;30/01/2012;0;0;0;9;6;10;5;7;10;6;10;8;10;9;0;0;0;0;0
2;31/01/2012;0;0;9;6;0;7;6;5;10;0;8;9;10;10;10;0;0;0;0
2;01/02/2012;0;8;0;5;0;8;5;8;6;7;6;8;0;8;0;7;0;0;0
2;02/02/2012;0;8;6;6;5;5;7;0;8;8;8;8;0;0;7;0;0;0;0
2;03/02/2012;0;8;7;6;5;6;5;8;0;8;0;8;7;8;0;0;0;0;0
2;04/02/2012;0;8;5;0;7;8;6;8;5;8;6;8;7;0;0;0;0;0;0
2;05/02/2012;7;5;0;6;5;8;7;6;8;8;8;8;0;0;0;0;0;0;0
2;06/02/2012;0;8;5;0;8;7;5;6;6;8;0;8;0;8;0;7;0;0;0
2;07/02/2012;0;7;6;6;5;5;0;8;8;7;8;8;0;0;8;0;0;0;0
2;08/02/2012;0;7;6;6;5;5;8;0;8;7;8;8;8;0;0;0;0;0;0
2;09/02/2012;0;0;8;5;8;5;8;8;6;7;6;8;0;0;7;0;0;0;0
2;10/02/2012;6;7;5;5;7;8;6;8;8;8;8;0;0;0;0;0;0;0;0
2;11/02/2012;0;8;0;7;6;5;6;5;8;0;8;0;8;7;8;0;0;0;0
2;12/02/2012;8;8;5;5;6;0;8;8;6;7;7;0;8;0;0;0;0;0;0
2;13/02/2012;0;7;7;8;8;8;8;0;0;0;0;0;0;0;5;8;5;6;6
2;14/02/2012;5;0;8;0;0;8;0;0;0;7;8;0;0;6;6;5;8;7;8
2;15/02/2012;0;0;8;7;8;0;6;5;8;6;0;5;8;8;0;0;7;0;0
2;16/02/2012;8;0;0;0;0;8;0;8;8;7;7;5;0;8;5;6;6;0;0
2;17/02/2012;5;6;8;0;8;0;0;0;0;7;0;8;0;8;7;8;0;6;5
2;18/02/2012;8;0;8;7;0;8;8;8;0;0;0;6;0;6;5;0;5;0;7
2;19/02/2012;0;8;8;5;8;7;5;6;6;8;0;0;8;0;7;0;0;0;0
2;20/02/2012;0;5;8;5;6;8;6;8;7;8;8;0;0;7;0;0;0;0;0
2;21/02/2012;0;0;0;6;6;5;5;8;0;8;7;7;8;8;8;0;0;0;0
2;22/02/2012;8;5;5;0;8;8;6;7;6;8;0;8;0;7;0;0;0;0;0
2;23/02/2012;7;6;5;5;7;0;8;6;8;8;8;8;0;0;0;0;0;0;0
2;24/02/2012;0;8;8;8;7;6;5;6;5;0;0;7;8;0;0;0;0;0;8
2;25/02/2012;5;8;6;8;5;8;6;8;7;7;0;8;0;0;0;0;0;0;0
2;26/02/2012;0;6;0;6;5;5;8;7;7;8;8;8;8;0;0;0;0;0;0
2;27/02/2012;8;0;8;7;5;6;6;8;0;8;0;8;0;7;0;0;0;0;5
2;28/02/2012;0;8;6;8;7;8;8;0;0;7;8;0;0;0;0;6;5;0;5
2;29/02/2012;0;7;8;8;7;0;6;8;0;0;0;8;0;5;5;0;8;0;6
2;01/03/2012;12;0;0;0;15;0;16;0;15;15;15;0;14;16;0;13;10;0;11
2;02/03/2012;14;15;0;0;0;0;0;13;15;0;0;15;16;16;0;15;12;11;10
2;03/03/2012;15;10;0;14;11;13;12;16;0;16;15;0;15;0;15;0;0;0;0
2;04/03/2012;0;11;10;13;0;16;12;16;14;15;15;0;0;15;15;0;0;0;0
2;05/03/2012;0;15;14;13;12;11;10;15;16;15;16;0;0;0;0;0;0;0;15
2;06/03/2012;16;11;15;10;15;12;14;13;15;0;16;0;15;0;0;0;0;0;0
2;07/03/2012;10;12;16;15;16;15;0;0;0;0;0;0;0;14;13;11;15;0;15
2;08/03/2012;11;12;0;15;0;16;0;16;0;15;0;0;14;0;0;15;15;13;10
2;09/03/2012;0;0;16;16;11;15;15;10;13;15;0;12;0;14;0;15;0;0;0
2;10/03/2012;15;14;13;12;11;10;15;0;16;15;16;0;0;0;0;0;0;0;15
2;11/03/2012;12;15;0;16;0;15;15;0;0;0;0;0;0;15;16;14;13;10;11
2;12/03/2012;16;0;0;0;16;0;15;15;12;0;11;0;0;10;15;15;14;13;0
2;13/03/2012;12;16;0;16;15;0;15;0;15;0;10;0;0;15;0;0;14;11;13
2;14/03/2012;15;0;0;0;0;16;0;15;11;15;0;10;0;0;12;15;16;14;13
2;15/03/2012;15;15;13;14;12;10;11;0;0;0;0;16;0;0;0;15;15;0;16
2;16/03/2012;15;15;16;16;0;0;0;15;0;0;15;0;0;0;11;12;13;14;10
2;17/03/2012;0;0;0;0;0;0;0;0;15;14;15;15;16;15;16;11;12;13;10
2;18/03/2012;0;0;0;0;0;0;0;16;16;0;15;15;14;15;15;10;13;11;12
2;19/03/2012;10;0;0;0;11;15;0;0;0;0;0;16;12;16;15;13;15;14;15
2;20/03/2012;0;14;0;0;0;0;0;15;15;0;0;15;15;16;16;12;13;11;10
2;21/03/2012;15;16;0;0;0;0;16;0;0;15;0;15;0;15;10;11;14;12;13
2;22/03/2012;15;0;0;0;0;0;0;0;0;16;13;15;14;16;15;15;10;11;12
2;23/03/2012;15;15;0;0;0;0;0;0;0;0;15;16;16;13;14;15;12;10;11
2;24/03/2012;0;0;0;0;10;15;0;15;0;0;0;15;11;16;16;12;15;13;14
2;25/03/2012;0;0;13;0;0;0;0;0;15;14;15;0;15;16;15;16;11;12;10
2;26/03/2012;14;15;15;0;0;0;0;0;16;0;0;16;0;15;15;10;13;11;12
2;27/03/2012;15;0;0;15;0;0;0;0;0;0;16;12;16;13;15;14;15;10;11
2;28/03/2012;0;0;0;0;0;0;0;0;15;15;15;15;16;16;12;13;14;11;10
2;29/03/2012;0;0;0;0;0;16;0;15;0;15;0;15;10;15;16;11;14;12;13
2;30/03/2012;0;0;0;0;12;0;0;0;0;16;13;15;15;14;16;15;15;10;11
2;31/03/2012;14;15;0;0;0;0;0;0;15;0;0;16;15;16;15;13;12;10;11
2;01/04/2012;18;0;0;0;17;0;0;17;0;0;0;17;13;18;14;17;15;16;13
2;02/04/2012;17;17;0;0;0;0;0;0;0;0;16;17;18;17;18;13;14;15;13
2;03/04/2012;0;0;0;0;0;0;18;0;18;0;17;17;16;17;17;13;15;13;14
2;04/04/2012;0;0;0;0;15;17;0;0;0;0;18;16;18;17;16;17;19;15;12
2;05/04/2012;12;16;15;17;-1;18;-1;-1;-1;-1;-1;16;19;-1;-1;20;22;21;17
2;06/04/2012;0;17;0;0;-1;17;-1;0;17;-1;16;-1;16;12;17;16;15;16;19
2;07/04/2012;17;20;0;-1;0;0;-1;-1;-1;-1;16;15;16;19;17;18;12;12;13
2;08/04/2012;0;0;0;0;0;0;-1;14;-1;19;18;19;20;14;16;16;12;10;11
2;09/04/2012;0;0;0;0;0;13;17;17;0;0;0;17;13;17;17;14;16;15;16
2;10/04/2012;14;0;12;0;0;0;0;0;0;16;16;15;0;17;18;18;18;13;9
2;11/04/2012;22;0;0;0;0;0;22;0;0;21;0;21;17;18;21;12;15;12;13
2;12/04/2012;20;17;17;17;0;0;16;0;0;-1;-1;-1;-1;12;16;17;19;12;11
2;13/04/2012;-1;0;-1;0;0;0;0;14;15;-1;15;13;14;14;14;13;14;14;14
2;14/04/2012;-1;-1;0;0;0;-1;17;17;-1;16;-1;16;12;17;17;12;13;13;13
2;15/04/2012;13;0;14;0;14;-1;0;-1;0;-1;-1;22;17;17;16;18;20;20;21
2;16/04/2012;13;0;0;0;0;0;-1;15;-1;-1;17;19;17;18;12;12;12;12;12
2;17/04/2012;15;17;0;0;-1;17;0;0;15;-1;-1;-1;15;11;12;14;12;13;11
2;18/04/2012;-1;0;-1;0;0;0;0;0;19;16;18;18;20;20;21;13;13;14;12
2;19/04/2012;21;-1;-1;-1;0;0;0;0;0;20;22;21;18;19;18;14;16;14;15
2;20/04/2012;12;0;0;0;12;16;0;-1;-1;-1;-1;20;14;17;17;15;17;16;16
2;21/04/2012;0;15;-1;-1;0;-1;-1;16;16;-1;-1;17;22;17;17;16;18;15;14
2;22/04/2012;16;17;17;0;0;0;-1;17;-1;-1;17;-1;16;-1;14;14;15;15;18
2;23/04/2012;16;0;-1;0;0;-1;-1;-1;-1;22;17;17;19;20;19;19;15;15;16
2;24/04/2012;-1;-1;-1;-1;0;0;0;-1;17;17;16;17;17;19;15;16;15;15;14
2;25/04/2012;0;0;0;-1;13;17;-1;16;-1;-1;-1;17;13;17;17;15;16;19;15
2;26/04/2012;-1;0;0;15;-1;-1;-1;-1;16;15;16;-1;16;17;16;17;13;17;12
2;27/04/2012;16;17;-1;-1;0;0;-1;17;-1;-1;17;-1;17;16;15;13;15;15;18
2;28/04/2012;17;0;-1;16;-1;0;-1;-1;-1;-1;16;14;17;15;16;15;16;12;12
2;29/04/2012;16;-1;-1;0;-1;-1;0;-1;-1;16;16;16;16;16;14;14;15;12;12
2;30/04/2012;-1;-1;0;0;-1;17;-1;16;-1;16;-1;16;12;16;17;13;15;14;15
2;01/05/2012;0;0;-1;18;-1;-1;-1;-1;-1;21;19;21;21;20;21;20;21;15;16
2;02/05/2012;16;17;19;23;20;21;-1;-1;-1;-1;-1;-1;21;-1;-1;21;21;21;21
2;03/05/2012;-1;21;-1;-1;21;-1;-1;21;-1;-1;-1;21;15;21;18;21;23;20;15
2;04/05/2012;21;-1;0;-1;0;-1;-1;-1;-1;21;20;21;21;21;21;16;19;19;14
2;05/05/2012;-1;-1;-1;-1;-1;-1;21;-1;21;-1;21;21;20;20;21;18;19;19;21
2;06/05/2012;-1;-1;-1;-1;19;21;-1;-1;-1;-1;21;21;21;21;19;21;20;20;18
2;07/05/2012;22;-1;20;-1;-1;-1;-1;-1;21;21;-1;-1;21;21;21;21;21;18;18
2;08/05/2012;25;-1;0;0;-1;26;-1;-1;21;-1;21;-1;25;12;25;14;24;18;22
2;09/05/2012;21;21;21;21;-1;-1;0;0;-1;-1;-1;-1;19;20;21;21;13;15;19
2;10/05/2012;-1;-1;-1;-1;-1;0;-1;21;-1;21;21;21;21;19;20;21;20;18;19
2;11/05/2012;-1;-1;-1;-1;-1;18;21;21;-1;-1;-1;21;19;21;21;18;20;19;20
2;12/05/2012;16;17;-1;19;-1;-1;-1;-1;-1;-1;21;20;21;-1;20;21;21;21;17
2;13/05/2012;21;-1;-1;-1;0;-1;21;-1;-1;21;-1;21;21;20;20;18;22;19;20
2;14/05/2012;22;22;-1;-1;21;-1;-1;0;-1;-1;-1;17;18;19;17;17;17;12;16
2;15/05/2012;-1;0;-1;-1;0;0;0;20;21;-1;20;19;18;18;15;20;21;16;16
2;16/05/2012;-1;-1;-1;-1;-1;-1;0;0;21;21;21;21;16;26;21;16;23;14;20
2;17/05/2012;13;0;0;14;0;0;0;0;0;0;22;16;22;21;17;17;17;18;16
2;18/05/2012;19;-1;-1;0;0;0;-1;21;-1;-1;21;21;21;21;17;17;18;16;16
2;19/05/2012;26;21;21;0;0;-1;21;-1;-1;21;-1;-1;-1;14;18;21;23;20;13
2;20/05/2012;-1;-1;-1;-1;-1;-1;-1;-1;21;23;21;21;21;21;21;19;20;21;18
2;21/05/2012;-1;-1;-1;-1;-1;-1;-1;21;21;-1;21;21;20;20;21;15;19;16;18
2;22/05/2012;15;-1;-1;-1;16;26;-1;-1;-1;-1;-1;26;17;21;21;17;25;18;23
2;23/05/2012;0;0;22;-1;-1;-1;-1;24;23;-1;-1;24;25;25;24;18;19;18;17
2;24/05/2012;21;21;-1;-1;-1;-1;21;-1;-1;21;-1;21;-1;20;15;16;20;18;19
2;25/05/2012;21;-1;-1;-1;-1;-1;-1;-1;-1;21;23;21;20;21;21;21;17;17;20
2;26/05/2012;-1;-1;-1;-1;-1;-1;-1;-1;21;21;21;26;21;22;23;21;21;19;16
2;27/05/2012;-1;-1;-1;-1;14;26;-1;26;-1;-1;-1;24;15;25;23;19;24;23;23
2;28/05/2012;0;0;20;-1;-1;-1;-1;-1;21;22;21;-1;25;21;25;26;18;19;17
2;29/05/2012;19;21;19;20;20;21;-1;-1;0;0;-1;21;-1;-1;21;-1;21;21;19
2;30/05/2012;21;0;-1;21;-1;0;-1;-1;-1;-1;21;18;21;19;21;20;20;16;18
2;31/05/2012;-1;-1;0;-1;-1;0;-1;-1;21;20;21;24;21;21;18;19;20;16;19
2;01/06/2012;-1;-1;0;0;-1;29;-1;29;-1;28;-1;29;23;29;29;24;31;25;27
2;02/06/2012;-1;-1;-1;25;-1;-1;-1;-1;-1;29;30;29;28;32;29;29;29;23;23
2;03/06/2012;28;28;-1;-1;-1;-1;-1;-1;29;-1;-1;29;28;29;29;31;26;23;23
2;04/06/2012;29;-1;-1;-1;29;-1;-1;28;-1;-1;-1;32;25;32;26;29;28;30;24
2;05/06/2012;29;29;30;-1;-1;-1;-1;-1;-1;-1;-1;28;28;28;29;24;23;27;23
2;06/06/2012;-1;-1;-1;-1;0;-1;31;-1;31;-1;31;30;30;31;31;21;30;21;25
2;07/06/2012;-1;-1;-1;-1;26;28;-1;-1;-1;-1;29;29;29;29;27;29;28;28;25
2;08/06/2012;26;27;-1;28;-1;-1;-1;-1;-1;28;28;-1;-1;29;28;29;29;28;23
2;09/06/2012;29;-1;-1;-1;-1;29;-1;-1;29;-1;28;-1;28;23;29;28;28;26;27
2;10/06/2012;29;28;-1;-1;-1;-1;-1;-1;-1;-1;29;27;28;29;28;29;25;26;26
2;11/06/2012;-1;-1;-1;-1;-1;-1;-1;33;-1;29;28;29;29;27;28;29;29;26;26
2;12/06/2012;-1;-1;-1;-1;-1;-1;-1;25;29;28;-1;29;24;29;29;26;28;27;28
2;13/06/2012;27;-1;31;-1;-1;-1;-1;-1;-1;33;31;29;-1;31;33;32;32;22;20
2;14/06/2012;32;-1;-1;-1;-1;-1;33;-1;-1;33;-1;29;29;30;31;23;30;22;26
2;15/06/2012;32;32;32;0;-1;32;-1;-1;-1;-1;-1;-1;26;31;32;30;31;20;21
2;16/06/2012;-1;-1;-1;-1;-1;-1;-1;29;29;-1;29;29;29;29;28;27;28;23;20
2;17/06/2012;-1;-1;-1;-1;0;-1;29;29;-1;28;-1;29;20;29;29;23;28;29;27
2;18/06/2012;23;25;-1;-1;26;-1;-1;-1;-1;-1;-1;29;27;29;28;28;29;28;29
2;19/06/2012;-1;28;-1;-1;-1;-1;-1;29;-1;-1;28;29;29;29;27;28;26;23;26
2;20/06/2012;29;29;-1;-1;-1;29;-1;-1;-1;28;-1;-1;29;26;28;26;27;28;23
2;21/06/2012;-2;-1;-1;-1;-1;-1;-1;-1;28;28;28;29;28;29;29;24;26;27;23
2;22/06/2012;-1;-1;-1;-1;-1;-1;-1;29;-1;29;29;28;28;28;29;26;27;28;26
2;23/06/2012;-1;26;-1;28;28;-1;-1;-1;-1;-1;-1;26;29;29;29;27;29;28;28
2;24/06/2012;28;-1;-1;-1;-1;-1;-1;28;28;-1;-1;29;29;29;29;26;31;24;23
2;25/06/2012;26;29;27;29;28;29;28;28;29;-1;-1;-1;-1;-1;-1;-1;23;28;-1
2;26/06/2012;29;28;28;29;29;29;29;26;29;27;25;-1;-1;-1;-1;-1;-1;-1;-1
2;27/06/2012;-1;-1;-1;-1;-1;-1;29;-1;33;-1;33;29;32;32;33;22;27;23;28
2;28/06/2012;-1;23;-1;-1;-1;28;-1;-1;-1;-1;29;26;29;29;27;29;24;28;29
2;29/06/2012;-1;-1;28;-1;-1;-1;-1;28;-1;-1;28;29;29;29;29;26;27;27;23
2;30/06/2012;29;-1;-1;-1;-1;29;-1;-1;29;-1;29;28;-1;26;28;24;28;26;27
2;01/07/2012;30;-1;-1;-1;-1;-1;-1;-1;-1;31;31;29;31;30;31;31;26;28;29
2;02/07/2012;30;-1;-2;-1;-1;-1;-1;-1;-1;31;31;31;31;30;30;31;29;26;27
2;03/07/2012;-1;-1;-1;29;-1;-1;-1;31;30;-2;-1;31;30;31;31;29;31;29;30
2;04/07/2012;-1;-1;30;-1;-1;-1;-1;-1;31;30;30;-1;31;31;31;31;29;32;27
2;05/07/2012;31;30;-1;31;-1;-1;-1;-1;31;-1;-1;31;-1;31;30;29;27;28;31
2;06/07/2012;-1;-1;31;-1;-1;30;-1;-1;-1;-1;31;31;31;30;30;32;31;28;28
2;07/07/2012;-1;-1;-1;-1;-1;-1;-1;-1;31;31;31;31;31;31;30;33;30;29;27
2;08/07/2012;-1;-1;-1;-1;31;-1;-1;-1;31;31;-1;31;26;31;31;30;28;28;29
2;09/07/2012;-1;-1;-1;-1;-1;28;-1;-1;-1;29;31;31;30;31;30;31;31;26;27
2;10/07/2012;30;-1;31;-1;-1;-1;-1;-1;31;-1;-1;30;31;31;31;29;28;26;29
2;11/07/2012;-1;31;-1;-1;31;-1;-1;-1;30;-1;-1;27;31;31;31;28;29;30;28
2;12/07/2012;31;30;-1;-1;-1;-1;-1;-1;-1;-1;30;31;30;35;35;29;32;30;28
2;13/07/2012;-1;-1;-1;-1;-1;31;-1;-1;-1;31;31;30;30;31;31;29;29;27;28
2;14/07/2012;-1;-1;-1;30;-1;27;-1;-1;-1;-1;31;28;31;31;31;29;30;31;26
2;15/07/2012;27;28;29;-1;-1;30;-1;-1;-1;-1;30;31;-2;-2;31;31;31;31;26
2;16/07/2012;35;-1;-1;-1;-1;35;-1;-1;-1;35;34;-1;26;33;33;32;26;28;31
2;17/07/2012;31;31;-1;-1;-1;-1;-1;-1;-1;-1;31;32;30;30;30;31;24;25;27
2;18/07/2012;-1;-1;-1;-1;-1;-1;-1;-1;33;33;33;34;34;32;32;32;28;23;25
2;19/07/2012;-1;-1;-1;-1;-1;26;31;-1;31;-1;-1;27;31;31;31;31;28;29;30
2;20/07/2012;29;-1;-1;-1;-1;-1;-1;-1;30;31;30;-1;29;31;31;31;31;30;26
2;21/07/2012;31;-1;-1;-1;-1;31;-1;-1;-1;-1;31;31;30;30;31;29;26;27;28
2;22/07/2012;30;32;34;36;35;31;-1;31;-1;-1;-1;-1;-1;-1;-1;27;28;25;25
2;23/07/2012;-1;-1;-1;-1;-1;-1;-1;32;29;-1;32;30;31;30;26;28;29;26;25
2;24/07/2012;-1;-1;-1;-1;-1;-1;-1;30;28;28;-1;26;28;31;31;31;27;29;30
2;25/07/2012;23;-1;24;-1;27;-1;-1;-1;-1;-1;-1;31;28;30;31;30;30;30;30
2;26/07/2012;32;-1;-1;-1;-1;-1;33;-1;-1;-1;33;33;34;34;31;31;28;25;25
2;27/07/2012;34;-1;34;-1;34;-1;-1;-1;-1;34;-1;-1;34;33;27;29;32;33;26
2;28/07/2012;-1;-1;-1;-1;-1;-1;-1;-1;30;31;31;31;31;31;31;27;31;29;25
2;29/07/2012;-2;-1;-1;-1;-1;-1;-1;-1;31;31;31;30;30;31;31;29;26;27;28
2;30/07/2012;27;-1;-1;31;-1;-1;29;-1;-1;-1;-1;31;31;31;31;31;30;30;31
2;31/07/2012;34;-1;-1;-1;-1;-1;-1;35;31;-1;-1;31;31;36;36;29;33;27;26
2;01/08/2012;31;31;31;-1;-1;-1;31;-1;-1;-1;-1;31;30;-1;27;30;25;29;29
2;02/08/2012;30;-1;-1;-1;-1;-1;-1;-1;-1;29;31;31;31;30;31;31;24;26;30
2;03/08/2012;-1;-1;-1;-1;-1;-1;-1;-1;30;31;31;31;31;29;30;31;27;25;26
2;04/08/2012;-1;-1;-1;-1;25;-1;31;-1;30;-1;-1;26;31;31;31;31;27;29;30
2;05/08/2012;-1;-1;-1;-1;-1;-1;-1;29;30;31;30;-1;31;30;31;31;27;26;25
2;06/08/2012;30;-1;31;-1;-1;-1;31;-1;-1;-1;-2;31;30;30;30;28;25;26;27
2;07/08/2012;31;-1;30;-1;-1;-1;-1;-1;-1;-1;31;31;27;31;29;30;30;25;26
2;08/08/2012;30;-1;-1;-1;-1;-1;-1;-1;-1;31;31;31;31;31;27;29;30;28;27
2;09/08/2012;-1;-1;-1;-1;31;-1;-1;-1;31;30;-1;25;31;31;31;30;26;29;29
2;10/08/2012;-1;-1;28;-1;-1;-1;-1;-1;-1;30;35;31;30;35;32;33;34;27;25
2;11/08/2012;26;29;30;-1;32;-1;-1;-1;-1;33;-1;-1;-1;29;33;32;28;23;25
2;12/08/2012;-1;-1;34;33;-1;-1;-1;-1;33;-1;-1;26;34;34;32;26;30;32;25
2;13/08/2012;30;-1;-1;-1;-1;-1;-1;-1;-1;31;31;30;31;31;31;26;27;31;25
2;14/08/2012;-1;-1;-1;-1;-1;-1;-1;34;-1;31;31;30;30;34;34;29;26;27;29
2;15/08/2012;-1;-1;-1;-1;26;-1;-1;30;-1;-1;27;31;31;31;31;29;30;31;25
2;16/08/2012;29;-1;30;-1;-1;-1;-1;-1;31;30;-1;-1;31;31;31;31;27;26;25
2;17/08/2012;31;-1;-1;-1;31;-1;-1;-1;-1;31;30;-1;34;31;26;33;27;29;32
2;18/08/2012;30;31;31;31;31;30;31;-1;-1;-1;-1;-1;-1;-1;-1;32;24;26;29
2;19/08/2012;-1;-1;-1;-1;-1;-1;-1;-1;31;30;31;31;31;32;30;31;28;25;24
2;20/08/2012;-1;-1;-1;-1;25;-1;-1;31;30;-1;-1;24;31;31;31;31;27;29;30
2;21/08/2012;24;28;-1;29;-1;-1;-1;-1;-1;-1;30;31;30;-1;31;31;31;31;23
2;22/08/2012;-1;31;-1;-1;-1;31;-1;-1;-1;-1;31;31;30;31;30;29;25;26;30
2;23/08/2012;31;-1;31;30;-1;-1;-1;-1;-1;-1;-1;31;31;27;29;30;30;25;26
2;24/08/2012;-1;-1;-1;-1;-1;-1;-1;30;-2;30;30;31;31;31;27;29;30;26;25
2;25/08/2012;-1;-1;-1;-1;-1;-1;-1;31;31;30;-1;26;31;31;31;30;27;30;29
2;26/08/2012;24;-1;-1;-1;-1;28;-1;-1;-1;-1;27;31;31;30;31;30;31;31;24
2;27/08/2012;29;-1;-1;-1;-1;-1;30;-1;-1;-1;31;31;31;31;26;28;25;23;24
2;28/08/2012;31;32;32;-1;-1;31;-1;-1;-1;-1;31;-1;-1;28;31;26;27;30;25
2;29/08/2012;-1;-1;-1;-1;-1;-1;-1;-1;32;30;31;31;34;34;35;26;28;29;25
2;30/08/2012;-1;-1;-1;-1;-1;-1;-1;-1;31;31;31;30;30;31;31;31;27;25;26
2;31/08/2012;-1;-1;25;-1;28;-1;30;-1;-1;-1;-1;28;31;31;31;31;30;33;31
2;01/09/2012;-1;-1;-1;-1;-1;-1;24;25;25;-1;-1;26;26;26;26;21;22;22;22
2;02/09/2012;26;-1;26;-1;-1;26;-1;-1;-1;-1;26;26;-1;25;24;21;21;22;23
2;03/09/2012;26;-1;-1;-1;-1;-1;-1;-1;-1;26;26;23;26;24;25;26;21;21;22
2;04/09/2012;-1;-1;-1;-1;-1;-1;-1;-1;26;25;26;26;26;23;24;25;22;24;21
2;05/09/2012;-1;-1;-1;26;23;-1;-1;-1;25;-1;-1;23;29;26;26;27;24;26;26
2;06/09/2012;-1;24;-1;-1;-1;-1;-1;-1;25;26;26;-1;29;26;27;26;23;23;23
2;07/09/2012;25;28;29;-1;29;-1;-1;-1;30;-1;-1;-1;-1;30;30;26;22;23;24
2;08/09/2012;-1;26;26;-1;-1;-1;-1;-1;-1;-1;22;26;26;26;25;28;25;21;21
2;09/09/2012;-1;-1;-1;-1;-1;-1;-1;-1;26;26;25;26;26;26;22;26;24;20;19
2;10/09/2012;-1;-1;-1;-1;-1;-1;26;-1;26;26;-1;22;25;26;26;24;22;23;26
2;11/09/2012;-1;-1;-1;25;-1;-1;-1;-1;-1;25;26;26;26;26;24;25;26;24;23
2;12/09/2012;24;-1;25;-1;-1;-1;-1;26;-1;-1;-1;25;26;26;26;23;22;24;21
2;13/09/2012;26;-1;-1;26;-1;-1;-1;-1;26;-1;-1;24;30;22;23;22;22;24;22
2;14/09/2012;29;28;30;29;26;-1;-1;-1;-1;-1;-1;-1;-1;24;27;21;21;22;20
2;15/09/2012;-1;-1;-1;-1;-1;-1;-1;29;-1;30;29;26;25;26;27;23;21;21;22
2;16/09/2012;-1;-1;-1;19;-1;-1;26;-1;-1;-1;20;27;27;26;26;21;24;25;19
2;17/09/2012;21;22;-1;25;-1;-1;-1;-1;-1;27;29;-1;-1;29;28;29;30;21;20
2;18/09/2012;-1;27;-1;-1;26;-1;-1;-1;-1;26;29;-1;19;28;27;25;19;20;22
2;19/09/2012;26;26;-1;-1;-1;-1;-1;-1;-1;-1;26;26;25;27;29;26;23;23;23
2;20/09/2012;-1;-1;-1;-1;-1;-1;23;-1;-1;26;25;25;25;24;21;23;23;21;22
2;21/09/2012;-1;-1;-1;-1;-1;-1;25;24;21;-1;-1;22;25;25;25;24;23;24;21
2;22/09/2012;21;-1;0;0;0;-1;-1;0;27;26;26;-1;23;26;25;30;26;21;21
2;23/09/2012;26;-1;-1;-1;-1;26;-1;-1;-1;-1;26;26;25;28;25;25;23;23;24
2;24/09/2012;26;26;26;-1;25;-1;-1;-1;-1;-1;-1;-1;23;26;22;24;25;21;21
2;25/09/2012;-1;-1;-1;-1;-1;-1;-1;25;-1;26;26;26;26;26;24;23;24;22;23
2;26/09/2012;-1;-1;-1;-1;-1;-1;-1;26;26;26;-1;24;25;26;26;24;24;25;26
2;27/09/2012;21;-1;21;-1;22;-1;-1;-1;-1;-1;-1;26;26;26;25;26;24;27;26
2;28/09/2012;-1;-1;-1;-1;-1;25;26;-1;-1;-1;26;26;26;26;24;23;25;21;21
2;29/09/2012;26;-1;26;-1;26;-1;-1;-1;-1;25;-1;-1;26;25;21;22;23;24;21
2;30/09/2012;-1;-1;-1;-1;-1;-1;-1;-1;26;26;27;26;25;26;26;23;25;26;23
2;01/10/2012;-1;-1;-1;-1;-1;-1;-1;21;-1;21;21;21;19;20;21;18;16;17;18
2;02/10/2012;-1;-1;17;21;17;-1;-1;-1;-1;-1;-1;18;22;22;21;21;18;20;21
2;03/10/2012;20;-1;-1;-1;-1;-1;-1;21;21;-1;-1;21;21;22;22;21;19;18;18
2;04/10/2012;20;21;21;-1;22;-1;-1;22;-1;-1;-1;-1;21;21;-1;15;16;18;21
2;05/10/2012;21;-1;-1;-1;-1;-1;-1;-1;-1;20;21;22;22;20;21;21;16;16;18
2;06/10/2012;-1;-1;-1;0;0;0;0;-1;21;21;22;22;21;20;20;21;17;17;17
2;07/10/2012;-1;-1;-1;-1;17;-1;21;-1;21;-1;-1;17;21;22;22;21;18;18;19
2;08/10/2012;-1;-1;19;-1;-1;-1;-1;-1;21;22;21;-1;22;23;25;22;17;17;16
2;09/10/2012;22;0;23;0;0;-1;22;-1;-1;-1;-1;22;21;21;21;21;17;20;20
2;10/10/2012;22;-1;21;-1;-1;-1;-1;-1;-1;-1;25;23;20;25;21;22;24;18;19
2;11/10/2012;21;21;22;21;22;21;-1;-1;-1;-1;-1;-1;-1;-1;21;21;22;17;17
2;12/10/2012;-1;-1;-1;-1;-1;-1;22;-1;21;21;-1;19;24;25;24;22;19;19;21
2;13/10/2012;-1;-1;21;-1;-1;-1;-1;-1;-1;22;22;21;21;22;23;21;21;17;17
2;14/10/2012;20;21;23;-1;-1;-1;-1;-1;21;-1;-1;-1;21;22;22;21;19;17;20
2;15/10/2012;-1;22;-1;21;-1;-1;-1;-1;21;-1;-1;17;22;21;21;18;22;20;17
2;16/10/2012;21;-1;-1;-1;-1;-1;-1;-1;-1;22;22;21;24;21;22;18;18;19;18
2;17/10/2012;-1;0;0;-1;-1;22;-1;-1;-1;22;21;21;20;23;25;16;17;17;18
2;18/10/2012;0;0;0;0;0;21;-1;17;-1;-1;18;22;22;21;25;16;19;23;17
2;19/10/2012;16;-1;0;20;0;-1;-1;0;23;21;-1;-1;22;25;22;22;18;17;17
2;20/10/2012;25;0;-1;-1;22;-1;-1;-1;-1;25;24;-1;22;24;15;19;18;18;17
2;21/10/2012;22;22;21;-1;0;0;0;0;-1;-1;-1;20;22;17;24;21;13;14;15
2;22/10/2012;-1;-1;0;-1;-1;-1;25;-1;-1;21;22;22;22;16;19;22;16;19;18
2;23/10/2012;-1;-1;-1;-1;18;-1;-1;22;25;-1;-1;18;25;22;22;22;19;19;20
2;24/10/2012;14;14;15;0;17;-1;-1;0;-1;0;0;19;22;21;-1;22;22;25;22
2;25/10/2012;0;0;0;0;25;22;-1;-1;-1;-1;22;21;21;22;20;17;17;15;15
2;26/10/2012;22;-1;21;21;0;-1;-1;-1;-1;-1;-1;22;21;21;21;21;24;20;17
2;27/10/2012;-1;-1;-1;-1;-1;-1;-1;20;-1;24;24;21;22;22;21;22;22;17;17
2;28/10/2012;-1;-1;-1;-1;-1;-1;24;-1;23;21;-1;14;21;21;23;19;15;16;18
2;29/10/2012;0;17;-1;18;0;0;0;-1;-1;0;19;20;21;22;22;20;21;22;17
2;30/10/2012;21;0;0;0;0;0;18;-1;-1;0;18;20;19;19;20;19;18;17;17
2;31/10/2012;21;19;20;0;21;0;20;0;0;0;-1;20;-1;-1;17;17;17;17;17
2;01/11/2012;-1;-1;-1;-1;-1;-1;-1;-1;18;17;17;17;16;17;17;16;17;18;14
2;02/11/2012;-1;-1;-1;0;-1;0;-1;-1;17;17;17;17;15;16;17;17;17;17;17
2;03/11/2012;-1;-1;17;-1;14;-1;17;-1;-1;-1;-1;18;17;17;17;17;18;19;16
2;04/11/2012;-1;15;-1;-1;-1;-1;-1;16;17;-1;-1;17;17;17;17;15;14;14;13
2;05/11/2012;17;-1;17;-1;-1;17;-1;-1;-1;-1;17;17;-1;16;15;13;14;14;15
2;06/11/2012;17;-1;-1;-1;-1;-1;-1;-1;-1;17;17;15;17;15;16;17;17;14;14
2;07/11/2012;20;20;17;-1;-1;-1;-1;-1;-1;-1;-1;16;17;12;13;15;12;13;12
2;08/11/2012;0;0;0;0;0;19;-1;19;-1;-1;14;19;19;19;14;17;15;15;12
2;09/11/2012;0;12;0;0;-1;0;0;0;14;17;17;-1;17;17;19;20;11;11;10
2;10/11/2012;16;19;17;0;0;0;0;17;-1;0;0;-1;17;17;17;15;15;15;15
2;11/11/2012;17;-1;17;-1;-1;-1;-1;-1;-1;-1;14;17;17;17;15;15;16;13;14
2;12/11/2012;-1;-1;-1;-1;-1;-1;-1;-1;17;17;16;17;17;17;14;15;15;14;14
2;13/11/2012;-1;-1;-1;-1;17;-1;-1;-1;17;17;-1;17;19;20;20;19;14;18;18
2;14/11/2012;0;-1;-1;-1;-1;-1;16;-1;-1;17;17;17;17;17;17;18;20;15;15
2;15/11/2012;15;-1;-1;-1;15;-1;-1;15;-1;-1;-1;16;15;16;16;15;15;15;15
2;16/11/2012;15;-1;-1;15;0;-1;-1;-1;16;-1;-1;15;15;15;15;15;15;15;15
2;17/11/2012;17;20;-1;-1;-1;-1;-1;-1;0;-1;18;19;17;18;19;17;17;17;16
2;18/11/2012;0;0;0;0;0;19;-1;-1;-1;19;20;20;17;17;18;16;17;17;17
2;19/11/2012;-1;-1;-1;15;-1;-1;20;-1;-1;-1;15;18;18;19;18;16;16;17;15
2;20/11/2012;17;17;17;17;-1;17;-1;-1;-1;-1;-1;18;17;-1;-1;17;18;20;17
2;21/11/2012;-1;-1;-1;19;20;-1;-1;-1;-1;17;17;-1;17;17;17;17;17;17;17
2;22/11/2012;17;17;-1;0;0;0;0;-1;-1;-1;17;20;15;17;18;19;13;14;13
2;23/11/2012;-1;-1;0;0;0;0;-1;-1;20;20;17;17;17;16;16;18;16;16;16
2;24/11/2012;-1;0;-1;-1;-1;10;20;-1;20;-1;-1;14;20;17;20;17;11;12;14
2;25/11/2012;13;-1;0;0;0;0;0;0;13;17;17;-1;12;17;17;20;20;13;13
2;26/11/2012;20;0;0;0;0;17;-1;0;0;-1;17;17;17;17;14;14;13;14;14
2;27/11/2012;18;20;17;0;17;17;0;0;0;0;-1;-1;-1;14;15;15;16;15;15
2;28/11/2012;-1;-1;-1;-1;-1;-1;-1;16;-1;17;17;17;17;17;14;15;15;17;17
2;29/11/2012;0;0;0;0;0;0;-1;20;20;19;-1;12;15;16;18;14;13;14;14
2;30/11/2012;10;0;11;0;13;0;-1;0;-1;-1;0;13;19;20;20;18;14;14;16
2;01/12/2012;14;0;0;0;0;0;11;-1;-1;0;10;11;11;11;13;9;8;8;12
2;02/12/2012;11;0;11;0;11;0;0;0;0;10;-1;-1;11;10;12;12;9;13;8
2;03/12/2012;0;0;0;0;0;0;0;0;11;10;7;11;8;10;10;7;7;7;7
2;04/12/2012;11;11;-1;0;0;0;10;0;0;0;0;11;13;13;15;12;8;8;8
2;05/12/2012;9;0;0;0;0;14;0;0;0;0;9;14;15;11;10;13;8;8;10
2;06/12/2012;7;0;0;0;0;0;0;8;10;0;0;11;10;11;12;6;6;5;6
2;07/12/2012;10;14;14;0;0;0;14;0;0;0;0;13;12;0;9;7;8;9;9
2;08/12/2012;11;0;0;0;0;0;0;0;0;6;12;12;11;7;8;10;6;5;5
2;09/12/2012;0;0;0;0;0;0;0;0;8;11;12;12;11;5;9;11;6;6;7
2;10/12/2012;0;0;0;13;10;0;0;0;13;0;0;9;12;13;14;11;9;9;9
2;11/12/2012;0;0;0;0;0;5;0;0;9;10;10;0;11;11;12;10;5;5;5
2;12/12/2012;11;0;7;0;0;0;8;0;0;0;0;11;11;8;10;9;8;8;9
2;13/12/2012;12;0;13;0;0;0;0;0;0;0;12;13;7;9;7;7;11;7;7
2;14/12/2012;10;-1;0;0;0;0;0;0;0;15;11;14;11;11;8;9;9;8;8
2;15/12/2012;0;0;0;0;11;0;0;-1;11;10;-1;8;10;15;11;9;8;8;9
2;16/12/2012;-1;-1;8;-1;-1;-1;-1;-1;-1;8;11;11;10;11;9;10;11;7;8
2;17/12/2012;8;8;9;9;10;0;0;0;0;0;11;-1;0;0;10;11;11;11;8
2;18/12/2012;0;14;0;13;0;0;0;0;14;0;0;9;14;13;10;9;9;10;9
2;19/12/2012;10;0;0;0;0;0;0;0;0;11;11;10;10;10;10;9;11;11;8
2;20/12/2012;0;0;0;0;0;12;0;0;0;12;12;12;8;10;11;8;7;8;8
2;21/12/2012;0;0;0;0;9;13;0;0;0;0;9;12;11;12;11;9;9;10;9
2;22/12/2012;8;0;9;0;0;0;0;0;11;10;0;0;12;11;12;13;8;8;7
2;23/12/2012;11;0;0;0;11;0;0;0;0;11;10;0;7;11;13;9;5;6;7
2;24/12/2012;11;11;10;-1;0;0;0;11;0;0;0;0;11;12;10;11;11;10;10
2;25/12/2012;0;0;0;0;0;0;11;-1;-1;10;11;11;11;9;9;10;8;8;8
2;26/12/2012;0;0;0;0;8;0;-1;11;10;-1;-1;11;11;11;11;10;12;9;9
2;27/12/2012;8;8;0;12;0;-1;0;0;0;0;12;11;10;-1;11;10;11;11;8
2;28/12/2012;0;14;0;0;0;14;-1;0;0;-1;13;14;10;13;11;10;10;10;10
2;29/12/2012;14;0;14;14;0;0;0;0;0;0;0;14;13;9;9;11;12;7;8
2;30/12/2012;0;0;0;0;0;0;0;10;0;12;11;14;15;11;5;6;8;6;7
2;31/12/2012;14;0;0;0;0;0;0;0;0;15;14;11;13;14;9;7;8;8;9
3;01/01/2012;12;11;11;0;7;6;9;11;0;12;0;2;0;7;6;0;0;0;0
3;02/01/2012;0;10;0;11;9;0;14;9;10;10;9;9;9;9;0;0;0;0;0
3;03/01/2012;10;6;9;9;0;7;10;14;12;9;10;10;0;0;0;0;0;0;0
3;04/01/2012;0;0;0;9;13;0;9;10;10;11;12;5;7;6;7;0;0;0;0
3;05/01/2012;9;5;6;0;9;0;0;14;14;14;10;7;8;12;0;0;0;0;0
3;06/01/2012;0;8;9;0;8;0;7;0;0;8;9;9;0;8;0;8;8;0;8
3;07/01/2012;9;8;8;8;7;8;7;6;7;7;5;0;0;0;0;0;0;0;0
3;08/01/2012;9;11;0;9;0;0;10;10;9;7;8;6;6;6;0;0;0;0;0
3;09/01/2012;7;0;7;6;0;0;0;6;0;0;0;6;6;10;5;5;6;6;0
3;10/01/2012;9;9;8;8;9;9;0;0;0;7;0;0;0;7;0;0;7;7;7
3;11/01/2012;8;7;7;8;8;8;0;9;0;0;6;0;7;6;6;0;0;0;0
3;12/01/2012;11;11;5;0;0;7;10;12;11;12;4;5;6;0;0;0;0;0;0
3;13/01/2012;10;9;9;0;12;12;14;8;11;9;8;9;0;0;0;0;0;0;0
3;14/01/2012;6;0;0;8;0;6;7;10;7;8;7;3;3;7;0;0;0;0;0
3;15/01/2012;6;0;0;6;7;7;9;7;10;6;6;7;2;0;0;0;0;0;0
3;16/01/2012;7;9;8;10;10;10;9;10;10;0;0;0;6;6;0;0;0;0;0
3;17/01/2012;10;10;5;10;10;10;9;7;6;2;7;0;0;0;0;0;0;0;0
3;18/01/2012;0;8;6;6;8;0;9;6;8;5;9;6;8;0;0;0;0;0;0
3;19/01/2012;0;12;11;10;7;0;13;13;8;12;8;7;10;0;0;0;0;0;0
3;20/01/2012;13;9;13;0;13;5;13;13;6;8;7;7;0;0;0;0;0;0;0
3;21/01/2012;5;0;0;0;0;7;9;10;0;9;10;10;10;5;0;0;2;4;0
3;22/01/2012;10;10;9;10;10;9;8;9;7;0;5;0;6;0;0;0;0;0;0
3;23/01/2012;11;9;9;13;14;14;14;9;0;9;6;9;0;0;0;0;0;0;0
3;24/01/2012;9;0;0;0;13;0;13;9;0;11;10;12;10;7;8;9;0;0;0
3;25/01/2012;5;0;10;6;6;8;6;7;7;4;4;4;0;0;0;0;0;0;0
3;26/01/2012;8;6;6;7;7;10;5;7;0;0;3;7;2;0;0;0;0;0;0
3;27/01/2012;7;8;7;8;7;7;8;7;6;6;7;0;0;0;0;0;0;0;0
3;28/01/2012;8;9;8;8;8;0;7;7;0;8;7;6;6;0;0;0;0;0;0
3;29/01/2012;8;0;7;7;4;0;8;0;8;8;7;6;0;0;5;0;5;0;0
3;30/01/2012;8;7;8;7;8;7;0;7;0;0;0;6;6;0;6;5;0;0;0
3;31/01/2012;10;10;10;10;10;5;4;5;8;0;4;5;0;0;0;0;0;0;0
3;01/02/2012;7;7;6;3;7;9;8;6;6;7;6;0;0;0;0;0;0;0;0
3;02/02/2012;8;7;8;8;0;8;0;8;8;0;0;6;6;6;5;0;0;0;0
3;03/02/2012;3;4;6;5;5;5;6;5;6;0;0;3;3;0;0;0;0;0;0
3;04/02/2012;3;2;4;5;5;3;4;2;0;0;0;2;1;0;1;0;0;0;0
3;05/02/2012;6;7;6;6;4;5;6;5;3;4;3;0;0;0;0;0;0;0;0
3;06/02/2012;5;6;1;7;8;8;8;0;8;8;8;8;0;0;0;0;0;0;0
3;07/02/2012;8;0;0;8;0;0;0;0;0;0;8;7;9;8;8;8;1;1;1
3;08/02/2012;0;4;0;0;0;0;0;0;0;4;4;5;4;3;4;3;2;3;3
3;09/02/2012;0;0;0;0;0;0;3;0;0;3;3;2;3;4;4;3;2;3;3
3;10/02/2012;0;0;0;0;0;6;0;0;0;6;4;4;4;4;6;5;5;5;5
3;11/02/2012;0;7;0;0;0;8;0;0;9;9;0;0;9;9;9;9;5;6;7
3;12/02/2012;0;4;0;5;0;0;0;0;5;0;0;4;1;3;7;2;3;1;1
3;13/02/2012;2;0;0;3;4;0;0;4;5;0;5;0;0;5;5;0;5;1;1
3;14/02/2012;0;0;0;0;0;0;8;0;0;3;4;4;8;8;8;7;1;1;1
3;15/02/2012;0;0;0;0;3;5;0;0;0;0;4;7;7;6;6;4;5;6;3
3;16/02/2012;5;0;0;5;0;0;0;5;0;0;0;5;7;5;8;7;6;6;7
3;17/02/2012;0;0;7;0;7;0;0;0;0;7;6;0;7;2;7;2;3;6;3
3;18/02/2012;12;0;0;12;12;0;0;0;0;0;0;10;11;11;12;4;7;7;5
3;19/02/2012;0;0;0;0;0;0;14;0;0;14;13;12;11;12;12;10;9;10;10
3;20/02/2012;0;12;0;0;0;0;0;0;0;9;12;9;11;11;12;10;9;10;10
3;21/02/2012;0;8;0;0;0;9;0;0;0;0;9;9;9;9;9;7;9;9;9
3;22/02/2012;0;0;0;12;0;12;0;0;0;0;12;12;11;11;9;10;9;9;9
3;23/02/2012;11;0;11;0;0;12;11;0;0;0;0;11;12;0;9;10;6;7;6
3;24/02/2012;0;0;0;0;0;0;0;8;0;7;8;8;14;7;8;6;5;10;6
3;25/02/2012;-1;0;0;0;0;0;8;-1;7;7;-1;8;8;8;8;7;9;6;6
3;26/02/2012;0;0;0;0;0;0;0;14;-1;8;8;7;11;11;12;11;7;8;9
3;27/02/2012;0;0;0;0;0;0;0;0;7;7;7;7;6;7;6;5;5;5;5
3;28/02/2012;0;9;0;0;9;0;8;0;0;0;8;8;0;5;6;8;9;6;6
3;29/02/2012;0;0;0;0;0;0;0;0;8;7;8;8;8;8;6;7;5;5;6
3;01/03/2012;0;14;0;0;0;0;0;0;0;15;15;14;13;14;14;11;9;9;12
3;02/03/2012;0;0;0;0;18;8;0;0;17;-1;-1;9;18;19;18;18;10;13;17
3;03/03/2012;0;0;-1;17;0;0;0;15;14;-1;-1;15;19;15;15;14;12;11;12
3;04/03/2012;12;0;0;12;12;0;0;0;0;14;17;15;-1;0;17;16;17;17;12
3;05/03/2012;14;0;0;0;0;0;0;0;0;11;14;14;12;13;13;10;13;9;9
3;06/03/2012;0;0;0;0;0;0;0;0;15;15;14;13;11;12;14;10;9;9;10
3;07/03/2012;0;0;0;0;0;12;0;0;0;12;11;11;14;11;12;13;8;11;12
3;08/03/2012;0;0;0;0;0;13;0;0;14;15;15;0;11;16;15;16;9;9;12
3;09/03/2012;0;14;0;0;0;11;0;15;0;0;0;12;16;16;11;10;10;10;10
3;10/03/2012;15;0;15;0;0;0;0;0;0;0;13;16;16;14;15;16;11;12;8
3;11/03/2012;14;0;0;15;0;15;0;16;16;0;11;0;11;0;0;13;9;11;12
3;12/03/2012;0;0;0;0;0;16;0;0;0;16;15;15;14;15;16;13;8;9;12
3;13/03/2012;0;0;0;12;0;0;0;0;0;13;16;11;11;16;14;11;15;10;11
3;14/03/2012;11;0;0;12;0;0;0;13;0;0;12;12;13;0;13;13;13;14;10
3;15/03/2012;16;0;0;15;0;0;0;0;15;-1;0;12;16;15;10;13;14;8;11
3;16/03/2012;0;18;17;0;-1;0;0;-1;0;0;15;15;19;19;14;17;12;13;13
3;17/03/2012;0;0;0;0;0;-1;15;-1;-1;15;15;14;15;18;19;12;10;11;11
3;18/03/2012;-1;0;-1;0;0;0;0;0;10;17;11;18;18;17;17;12;14;16;11
3;19/03/2012;0;13;0;0;-1;15;-1;0;0;14;15;14;-1;15;15;15;15;9;11
3;20/03/2012;0;0;0;19;-1;19;0;0;-1;19;14;-1;19;11;17;11;13;15;11
3;21/03/2012;17;0;18;0;0;18;19;0;0;0;17;-1;0;15;16;11;13;10;10
3;22/03/2012;-1;0;0;0;0;0;15;-1;-1;15;15;14;14;15;15;14;12;12;12
3;23/03/2012;0;0;0;0;0;10;15;0;14;-1;-1;11;15;15;15;15;12;13;14
3;24/03/2012;-1;-1;0;0;0;0;0;17;-1;19;15;14;15;15;15;12;14;13;13
3;25/03/2012;18;-1;-1;-1;0;0;0;0;0;18;18;19;19;17;10;15;11;11;13
3;26/03/2012;0;18;0;18;19;0;0;0;-1;18;-1;-1;15;16;17;18;12;13;12
3;27/03/2012;0;0;0;0;0;0;0;17;-1;16;16;16;16;15;16;13;10;10;11
3;28/03/2012;0;-1;-1;0;0;-1;0;0;17;17;18;17;11;18;17;16;12;12;14
3;29/03/2012;0;0;10;0;0;11;14;-1;-1;-1;-1;12;15;15;15;15;13;14;15
3;30/03/2012;0;0;-1;15;0;0;15;-1;-1;-1;14;15;15;15;14;13;12;13;13
3;31/03/2012;14;-1;15;0;17;0;0;0;15;-1;15;-1;-1;14;15;15;15;10;13
3;01/04/2012;-1;0;-1;0;0;-1;-1;0;14;21;15;17;15;18;12;12;10;11;12
3;02/04/2012;0;-1;0;0;0;0;0;18;-1;18;18;17;16;17;18;14;12;12;13
3;03/04/2012;0;0;0;0;-1;18;0;-1;18;17;-1;15;16;17;18;15;15;15;15
3;04/04/2012;0;0;0;17;-1;-1;-1;18;17;-1;-1;18;19;19;19;15;15;15;15
3;05/04/2012;16;0;0;-1;-1;16;-1;17;-1;-1;-1;18;17;17;15;15;15;16;15
3;06/04/2012;20;0;-1;0;0;0;-1;-1;-1;18;20;20;19;20;20;15;17;15;15
3;07/04/2012;15;-1;-1;14;15;0;0;14;0;14;16;0;-1;-1;14;13;12;12;12
3;08/04/2012;0;0;0;0;15;0;0;0;15;14;0;13;14;13;15;14;10;11;13
3;09/04/2012;0;0;0;16;0;0;0;0;16;17;17;0;17;17;17;17;13;14;15
3;10/04/2012;15;0;11;0;0;0;0;13;0;14;12;0;0;13;14;14;14;13;10
3;11/04/2012;16;0;14;0;0;0;0;0;0;0;14;16;17;15;16;17;12;13;13
3;12/04/2012;0;18;-1;0;-1;0;-1;0;0;18;19;19;19;16;17;14;12;12;13
3;13/04/2012;0;0;0;0;0;12;0;0;0;17;12;12;12;12;12;13;13;13;13
3;14/04/2012;0;-1;0;-1;0;0;0;12;-1;12;16;15;15;17;12;17;15;11;11
3;15/04/2012;0;14;0;0;0;15;0;0;15;17;-1;-1;17;16;16;16;12;13;13
3;16/04/2012;0;17;0;13;0;0;0;0;13;0;0;11;12;12;11;16;11;11;11
3;17/04/2012;17;12;0;0;12;0;12;0;0;0;0;0;12;12;15;16;13;10;14
3;18/04/2012;0;0;0;0;0;0;18;0;0;17;16;15;14;15;17;12;11;11;12
3;19/04/2012;0;0;0;0;12;15;0;-1;0;0;13;16;17;16;15;14;15;15;13
3;20/04/2012;-1;0;-1;0;0;0;0;18;18;18;-1;11;14;13;17;13;11;12;13
3;21/04/2012;0;0;0;0;0;0;20;19;-1;18;18;-1;19;14;19;14;16;18;13
3;22/04/2012;0;21;0;21;20;0;0;-1;-1;-1;-1;19;20;21;22;15;17;14;14
3;23/04/2012;0;-1;-1;0;0;0;17;-1;-1;18;18;19;16;16;16;15;14;14;14
3;24/04/2012;0;0;-1;-1;0;0;0;14;20;19;-1;14;19;20;20;18;14;16;18
3;25/04/2012;0;13;0;0;-1;15;0;-1;-1;-1;16;19;19;19;18;19;19;19;13
3;26/04/2012;0;0;0;17;0;17;-1;-1;-1;-1;17;17;17;16;15;16;16;17;19
3;27/04/2012;0;15;-1;16;-1;16;0;17;17;0;-1;-1;-1;17;17;16;14;17;14
3;28/04/2012;0;-1;-1;0;-1;-1;0;17;-1;17;17;17;17;16;16;15;13;13;14
3;29/04/2012;-1;0;0;-1;-1;0;17;-1;17;16;-1;13;16;17;17;16;13;14;15
3;30/04/2012;-1;0;0;-1;0;16;17;-1;16;-1;-1;13;17;17;17;16;14;15;16
3;01/05/2012;0;0;21;-1;-1;0;21;-1;-1;-1;21;21;21;21;20;19;16;19;21
3;02/05/2012;23;-1;-1;-1;24;-1;25;-1;-1;-1;25;24;-1;18;20;21;23;15;16
3;03/05/2012;-1;0;-1;0;-1;-1;-1;-1;22;23;22;23;23;23;19;21;14;15;17
3;04/05/2012;24;-1;-1;23;23;24;-1;0;0;23;-1;0;-1;22;22;20;14;15;17
3;05/05/2012;-1;0;0;25;-1;17;-1;-1;23;-1;-1;17;25;25;25;25;19;21;24
3;06/05/2012;-1;-1;-1;23;-1;-1;-1;25;24;-1;-1;23;25;25;25;21;18;19;20
3;07/05/2012;-1;20;22;-1;-1;-1;-1;23;-1;23;-1;-1;24;23;23;23;18;19;17
3;08/05/2012;21;0;-1;0;0;-1;-1;-1;-1;19;21;21;20;20;21;16;18;16;14
3;09/05/2012;0;-1;0;-1;-1;0;-1;-1;23;23;23;23;22;22;23;20;14;15;17
3;10/05/2012;-1;0;-1;-1;0;24;-1;-1;-1;25;24;24;22;23;23;21;16;18;19
3;11/05/2012;-1;-1;-1;-1;-1;0;-1;23;24;25;25;-1;25;25;25;21;17;18;20
3;12/05/2012;20;-1;-1;-1;21;-1;-1;-1;21;-1;-1;21;21;21;21;17;19;18;19
3;13/05/2012;21;-1;-1;-1;21;-1;-1;-1;-1;-1;19;21;21;21;24;25;17;18;15
3;14/05/2012;0;22;22;0;22;0;0;0;0;0;0;22;22;21;21;20;16;17;18
3;15/05/2012;0;0;0;0;0;21;0;-1;-1;22;22;21;17;17;22;16;16;17;18
3;16/05/2012;0;0;0;18;-1;-1;-1;-1;-1;23;23;22;22;16;19;21;21;17;16
3;17/05/2012;22;22;22;20;21;21;21;22;18;0;0;0;0;0;0;16;17;0;0
3;18/05/2012;22;16;18;17;17;18;20;17;21;17;21;-1;-1;-1;0;0;0;0;0
3;19/05/2012;21;21;21;20;21;21;16;20;14;17;19;-1;-1;-1;-1;0;0;0;0
3;20/05/2012;0;0;-1;0;25;-1;25;-1;-1;-1;23;24;24;17;21;18;18;20;19
3;21/05/2012;-1;-1;-1;-1;-1;21;-1;-1;-1;23;23;24;24;25;25;21;19;20;18
3;22/05/2012;0;-1;0;0;21;19;-1;-1;-1;19;-1;19;21;21;21;14;14;18;20
3;23/05/2012;20;0;-1;0;0;-1;20;-1;-1;-1;17;20;18;18;20;20;16;16;15
3;24/05/2012;-1;24;24;24;0;0;23;0;22;-1;-1;-1;-1;23;23;16;19;21;22
3;25/05/2012;-1;-1;-1;-1;-1;23;-1;23;23;-1;-1;23;23;23;22;17;15;18;20
3;26/05/2012;-1;-1;0;18;-1;-1;-1;-1;-1;21;23;23;22;19;19;20;21;17;18
3;27/05/2012;17;14;0;0;-1;-1;-1;-1;-1;21;21;-1;18;19;20;19;20;20;13
3;28/05/2012;0;21;-1;0;0;23;-1;23;-1;-1;-1;16;21;17;18;20;20;15;16
3;29/05/2012;0;23;-1;0;23;0;-1;-1;-1;-1;24;24;24;24;17;22;21;18;19
3;30/05/2012;0;-1;-1;0;0;24;-1;-1;23;23;-1;15;24;24;24;24;17;20;23
3;31/05/2012;23;20;-1;-1;-1;-1;-1;0;-1;0;19;21;25;23;25;23;24;25;18
3;01/06/2012;23;0;0;-1;-1;-1;24;-1;-1;25;29;28;-1;28;27;27;28;21;22
3;02/06/2012;-1;-1;29;-1;-1;29;-1;-1;-1;29;29;-1;22;29;27;23;24;26;21
3;03/06/2012;-1;30;-1;30;-1;31;30;-1;-1;-1;29;-1;-1;27;29;21;25;26;22
3;04/06/2012;-1;-1;-1;-1;-1;-1;26;-1;-1;28;29;30;22;26;26;26;23;23;25
3;05/06/2012;-1;-1;-1;-1;-1;29;-1;23;29;-1;-1;29;25;29;29;29;26;27;28
3;06/06/2012;-1;-1;0;0;0;25;20;0;25;-1;-1;25;26;29;29;26;26;24;26
3;07/06/2012;-1;-1;-1;-1;30;31;-1;-1;-1;-1;30;30;29;30;23;29;24;25;27
3;08/06/2012;29;-1;29;-1;-1;29;-1;-1;-1;28;-1;-1;29;31;32;29;26;26;27
3;09/06/2012;-1;-1;-1;-1;-1;-1;-1;-1;29;28;33;29;29;26;31;29;27;28;30
3;10/06/2012;-1;-1;-1;-1;-1;-1;-1;-1;29;29;32;31;24;31;31;29;24;27;27
3;11/06/2012;-1;24;-1;25;-1;-1;-1;-1;-1;-1;31;27;30;29;28;30;30;29;29
3;12/06/2012;0;0;0;0;0;0;30;0;0;30;30;30;30;30;24;29;25;27;28
3;13/06/2012;0;0;0;23;0;25;23;0;0;0;25;30;29;30;0;30;30;30;30
3;14/06/2012;-1;-1;-1;-1;-1;-1;-1;-1;26;26;27;26;27;27;24;23;25;25;23
3;15/06/2012;0;-1;-1;-1;0;-1;-1;27;27;27;-1;26;27;27;23;26;25;26;25
3;16/06/2012;-1;-1;-1;-1;-1;-1;29;-1;28;28;-1;29;23;29;29;28;21;24;27
3;17/06/2012;-1;0;0;29;-1;-1;-1;30;30;-1;-1;30;30;31;30;20;22;26;28
3;18/06/2012;31;-1;-1;-1;31;-1;-1;31;-1;-1;-1;31;31;31;23;26;28;30;21
3;19/06/2012;-1;32;-1;-1;-1;-1;-1;-1;-1;29;30;29;31;31;30;22;28;29;25
3;20/06/2012;-1;29;29;-1;29;-1;-1;28;-1;-1;-1;-1;24;29;29;28;25;28;27
3;21/06/2012;-1;-1;-1;-1;29;-1;29;-1;-1;28;-1;28;29;29;23;28;24;26;27
3;22/06/2012;-1;-1;-1;-1;-1;-1;-1;32;30;31;-1;30;32;31;32;31;24;26;28
3;23/06/2012;-1;29;-1;-1;28;-1;-1;-1;29;32;-1;-1;30;29;33;33;29;25;26
3;24/06/2012;32;-1;-1;-1;-1;32;-1;-1;-1;-1;32;28;32;28;30;31;26;25;27
3;25/06/2012;29;-1;-1;-1;-1;-1;-1;-1;-1;33;33;29;29;26;28;29;27;28;30
3;26/06/2012;-1;-1;-1;-1;-1;-1;30;-1;30;31;-1;29;23;29;31;28;24;25;27
3;27/06/2012;-1;28;-1;-1;-1;-1;-1;-1;-1;24;28;26;28;28;27;28;28;20;22
3;28/06/2012;-1;29;-1;-1;29;-1;-1;-1;30;30;-1;-1;30;31;31;31;21;23;26
3;29/06/2012;-1;-1;-1;29;-1;-1;29;-1;29;-1;-1;29;28;33;31;28;29;26;25
3;30/06/2012;-1;29;29;-1;29;-1;28;-1;-1;-1;-1;-1;29;29;27;25;28;27;26
3;01/07/2012;-1;-1;-1;-1;-1;35;-1;-1;35;35;-1;34;35;35;25;34;27;30;33
3;02/07/2012;-1;-1;-1;-1;31;-1;-1;-1;-1;31;30;31;31;30;35;32;33;34;29
3;03/07/2012;-1;-1;-1;28;-1;31;-1;29;-1;-1;-1;31;30;36;31;34;30;31;32
3;04/07/2012;-1;-1;35;-1;-1;-1;-1;35;-1;35;34;-1;35;33;28;27;29;31;26
3;05/07/2012;-1;35;-1;34;-1;-1;34;-1;-1;-1;-1;30;30;30;33;25;27;29;26
3;06/07/2012;-1;-1;-1;-1;-1;-1;-1;34;-1;35;34;33;26;31;32;31;26;27;27
3;07/07/2012;-1;-1;-1;-1;-1;-1;-1;32;25;31;-1;31;32;32;26;31;27;28;30
3;08/07/2012;-1;-1;26;34;-1;33;-1;-1;30;-1;-1;-1;34;31;34;33;32;33;24
3;09/07/2012;-1;31;30;35;-1;-1;-1;-1;-1;31;-1;31;-1;31;31;26;30;27;29
3;10/07/2012;-1;-1;-1;-1;31;25;-1;-1;28;31;-1;33;-1;35;34;35;36;34;35
3;11/07/2012;-1;29;-1;-1;-1;-1;-1;-1;-1;31;31;31;31;31;29;30;31;30;29
3;12/07/2012;31;28;-1;-1;-1;-1;-1;-1;33;32;32;-1;0;32;32;32;27;31;30
3;13/07/2012;0;32;33;33;31;0;0;0;0;0;32;0;0;35;27;32;28;34;33
3;14/07/2012;30;31;31;-1;-1;-1;31;-1;-1;-1;-1;-1;31;31;31;29;30;30;31
3;15/07/2012;-1;-1;-1;31;-1;-1;31;-1;31;-1;-1;31;31;29;29;30;31;30;29
3;16/07/2012;-1;-1;29;-1;-1;-1;-1;-1;-1;29;29;30;29;29;26;23;28;24;25
3;17/07/2012;26;-1;-1;32;-1;31;-1;-1;27;-1;-1;-1;31;27;27;31;27;26;29
3;18/07/2012;27;-1;28;-1;-1;-1;-1;-1;28;26;28;-1;-1;28;27;28;28;25;27
3;19/07/2012;-1;32;32;-1;-1;-1;-1;-1;-1;31;32;-1;32;31;33;27;26;28;31
3;20/07/2012;-1;35;-1;-1;33;-1;30;-1;-1;35;-1;35;-1;34;35;35;28;30;28
3;21/07/2012;-1;31;-1;-1;31;-1;-1;-1;-1;-1;31;34;35;35;31;29;31;33;29
3;22/07/2012;30;-1;-1;-1;-1;-1;-1;-1;-1;29;29;30;31;26;27;28;31;27;29
3;23/07/2012;32;30;-1;-1;-1;-1;-1;-1;-1;32;-1;32;31;31;23;32;31;27;29
3;24/07/2012;-1;-1;-1;-1;-1;-1;-1;-1;30;31;31;32;31;31;32;32;26;27;29
3;25/07/2012;32;-1;31;-1;-1;31;-1;-1;-1;-1;31;-1;32;32;32;26;27;29;30
3;26/07/2012;-1;-1;-1;28;-1;-1;29;-1;29;-1;-1;29;26;28;27;27;27;26;25
3;27/07/2012;28;-1;-1;-1;-1;29;-1;29;30;-1;-1;-1;30;30;23;28;29;25;26
3;28/07/2012;34;31;-1;-1;-1;-1;-1;-1;-1;34;-1;33;33;33;25;33;32;26;28
3;29/07/2012;-1;31;30;-1;-1;-1;29;-1;-1;-1;-1;31;31;31;30;31;31;26;27
3;30/07/2012;34;33;-1;-1;-1;25;-1;-1;-1;26;28;-1;-1;33;30;34;34;32;32
3;31/07/2012;-1;31;-1;-1;31;-1;-1;-1;-1;-1;32;32;32;27;31;29;30;25;24
3;01/08/2012;-1;-1;29;-1;30;-1;-1;-1;-1;-1;30;30;30;30;28;23;29;25;27
3;02/08/2012;-1;-1;32;29;-1;-1;-1;-1;-1;32;-1;33;33;31;23;32;30;25;27
3;03/08/2012;34;29;-1;-1;-1;-1;-1;-1;30;26;-1;-1;35;35;31;30;34;30;25
3;04/08/2012;-1;31;-1;-1;30;-1;-1;32;-1;-1;-1;31;30;30;31;34;31;25;26
3;05/08/2012;-1;31;30;-1;-1;-1;-1;-1;31;-1;31;-1;30;31;26;31;27;32;25
3;06/08/2012;31;-1;-1;25;-1;27;26;-1;29;-1;30;-1;31;31;-1;-1;30;31;31
3;07/08/2012;32;30;-1;-1;-1;-1;-1;-1;-1;31;-1;31;31;26;31;31;30;28;30
3;08/08/2012;28;31;31;-1;-1;-1;-1;-1;31;30;-1;-1;-1;33;25;34;26;32;30
3;09/08/2012;-1;33;31;-1;-1;23;-1;-1;-1;33;25;-1;-1;32;27;32;31;29;30
3;10/08/2012;30;26;30;-1;-1;29;-1;-1;-1;-1;-1;30;-1;30;29;23;28;24;25
3;11/08/2012;0;-1;32;32;-1;-1;-1;32;-1;0;31;0;30;31;32;32;27;26;28
3;12/08/2012;0;30;0;32;0;0;0;0;0;0;32;31;32;32;26;31;32;27;28
3;13/08/2012;25;27;0;0;31;31;0;0;0;0;0;0;30;30;31;30;29;24;23
3;14/08/2012;28;-1;30;29;-1;-1;-1;24;-1;24;-1;-1;-1;30;26;30;28;29;29
3;15/08/2012;-1;30;32;-1;0;0;-1;-1;32;-1;32;-1;32;32;33;27;32;27;28
3;16/08/2012;30;-1;33;-1;32;32;-1;-1;-1;-1;34;-1;-1;34;31;29;31;27;27
3;17/08/2012;32;-1;-1;-1;-1;-1;-1;-1;-1;30;30;31;31;32;28;24;29;25;26
3;18/08/2012;28;24;-1;-1;-1;-1;-1;-1;-1;31;31;30;-1;31;32;31;23;30;26
3;19/08/2012;-1;31;28;-1;-1;-1;-1;-1;-1;31;-1;30;30;30;25;31;30;26;25
3;20/08/2012;-1;-1;-1;-1;-1;-1;-1;30;31;-1;31;32;31;32;32;25;26;25;29
3;21/08/2012;-1;33;34;-1;-1;33;-1;-1;-1;33;-1;34;-1;34;24;26;29;32;25
3;22/08/2012;-1;-1;31;-1;30;-1;-1;-1;-1;-1;31;30;31;31;31;29;25;32;28
3;23/08/2012;29;-1;30;-1;-1;-1;31;-1;-1;-1;-1;31;31;25;31;31;30;26;30
3;24/08/2012;31;29;-1;-1;-1;-1;-1;-1;-1;31;-1;31;30;31;25;31;30;26;30
3;25/08/2012;-1;34;31;-1;-1;-1;-1;-1;-1;-1;31;30;30;31;31;31;27;26;29
3;26/08/2012;31;25;-1;26;-1;28;-1;-1;-1;-1;-1;31;32;30;29;31;31;-1;34
3;27/08/2012;31;31;31;-1;-1;-1;-1;-1;-1;31;31;31;30;29;26;25;28;-1;-1
3;28/08/2012;-1;31;-1;-1;-1;-1;-1;31;31;31;31;25;30;31;26;28;-1;-1;29
3;29/08/2012;-1;0;-1;-1;-1;-1;30;-1;29;29;25;29;28;26;28;-1;29;29;29
3;30/08/2012;-1;-1;-1;-1;-1;-1;25;-1;-1;31;32;31;28;31;31;25;26;31;30
3;31/08/2012;-1;27;-1;-1;-1;-1;30;29;-1;30;34;33;26;26;26;-1;-1;32;34
3;01/09/2012;-1;-1;-1;30;-1;26;-1;-1;30;23;25;24;25;22;20;-1;26;26;-1
3;02/09/2012;-1;-1;-1;-1;-1;24;-1;23;-1;25;27;26;27;27;27;27;28;-1;23
3;03/09/2012;-1;-1;-1;-1;-1;28;-1;28;27;-1;28;27;28;27;23;22;24;25;-1
3;04/09/2012;-1;-1;-1;-1;28;-1;-1;-1;-1;29;23;29;24;27;25;21;26;24;29
3;05/09/2012;0;21;-1;21;-1;-1;0;22;-1;27;23;28;26;23;24;-1;-1;28;25
3;06/09/2012;-1;27;-1;-1;-1;-1;-1;24;-1;27;26;21;22;20;21;21;22;27;-1
3;07/09/2012;26;-1;26;-1;-1;26;-1;-1;24;25;26;25;20;21;23;20;-1;-1;-1
3;08/09/2012;-1;-1;-1;-1;0;27;0;27;27;19;26;26;24;20;21;-1;27;23;-1
3;09/09/2012;-1;-1;-1;-1;-1;18;27;26;27;28;26;21;19;26;24;-1;-1;-1;27
3;10/09/2012;-1;21;-1;-1;-1;-1;-1;29;22;29;24;29;27;20;28;26;28;-1;-1
3;11/09/2012;-1;-1;-1;-1;-1;28;-1;28;-1;28;27;21;25;22;22;-1;23;29;28
3;12/09/2012;-1;28;-1;26;-1;29;-1;26;-1;29;25;27;23;22;24;-1;30;-1;-1
3;13/09/2012;-1;-1;-1;-1;-1;-1;26;26;24;26;19;25;26;20;20;25;24;-1;-1
3;14/09/2012;-1;-1;-1;-1;-1;27;23;23;-1;-1;22;23;23;19;21;23;24;19;-1
3;15/09/2012;-1;0;0;-1;-1;23;-1;24;22;27;24;19;22;20;23;-1;21;19;0
3;16/09/2012;-1;-1;-1;-1;-1;-1;22;-1;-1;26;27;26;23;27;21;21;22;23;24
3;17/09/2012;23;-1;-1;-1;-1;24;-1;24;-1;24;23;24;21;23;19;18;-1;24;-1
3;18/09/2012;0;-1;-1;0;-1;23;23;24;23;23;24;21;22;22;23;-1;0;24;0
3;19/09/2012;-1;-1;-1;-1;-1;-1;27;27;25;26;27;21;24;21;23;21;-1;-1;26
3;20/09/2012;-1;-1;-1;-1;-1;27;-1;26;-1;21;22;26;27;26;23;24;-1;25;27
3;21/09/2012;0;-1;-1;0;0;0;26;25;-1;26;27;27;21;22;23;24;-1;27;26
3;22/09/2012;19;0;21;0;-1;-1;26;25;-1;23;27;27;19;25;-1;28;20;0;0
3;23/09/2012;28;-1;-1;-1;-1;-1;-1;29;24;29;27;29;21;22;23;22;0;29;-1
3;24/09/2012;-1;-1;-1;-1;-1;-1;-1;26;26;26;26;29;23;26;27;24;24;-1;26
3;25/09/2012;-1;-1;-1;-1;-1;28;-1;28;28;28;23;28;26;22;23;-1;24;28;-1
3;26/09/2012;-1;-1;-1;-1;25;-1;-1;29;29;-1;26;30;30;23;24;24;26;29;-1
3;27/09/2012;-1;26;-1;-1;-1;-1;26;-1;26;26;26;21;22;25;26;-1;-1;26;26
3;28/09/2012;-1;-1;26;-1;26;-1;-1;26;23;26;24;25;22;21;22;-1;26;-1;-1
3;29/09/2012;22;-1;-1;25;-1;23;-1;24;-1;26;-1;26;21;21;26;-1;26;26;-1
3;30/09/2012;-1;-1;-1;-1;27;-1;-1;26;-1;28;21;29;21;25;23;24;-1;26;29
3;01/10/2012;-1;-1;-1;-1;-1;-1;0;-1;22;18;21;18;22;21;17;17;21;20;21
3;02/10/2012;0;19;19;0;0;21;-1;-1;-1;22;25;21;25;23;24;18;-1;0;24
3;03/10/2012;-1;24;-1;-1;-1;-1;24;-1;-1;24;18;24;20;21;17;17;24;22;-1
3;04/10/2012;24;0;-1;-1;-1;-1;-1;23;24;24;24;19;14;21;15;17;-1;-1;24
3;05/10/2012;24;-1;15;24;-1;0;0;-1;24;-1;-1;-1;23;16;24;21;24;18;16
3;06/10/2012;0;-1;0;0;-1;-1;19;17;0;25;16;25;25;24;15;-1;23;21;24
3;07/10/2012;21;22;21;22;18;-1;-1;-1;-1;18;-1;-1;22;21;20;20;17;-1;-1
3;08/10/2012;-1;18;-1;-1;23;22;15;-1;-1;17;22;-1;15;21;20;15;-1;-1;22
3;09/10/2012;18;25;18;19;0;22;22;-1;18;18;18;18;0;0;22;0;0;-1;-1
3;10/10/2012;20;20;17;-1;-1;21;-1;-1;-1;-1;-1;19;16;21;19;0;18;18;21
3;11/10/2012;23;19;21;23;-1;23;22;23;19;-1;-1;-1;-1;-1;-1;19;-1;19;19
3;12/10/2012;-1;22;18;21;-1;-1;-1;-1;22;20;20;19;-1;-1;-1;17;17;20;17
3;13/10/2012;19;19;0;19;0;-1;22;0;22;-1;22;-1;21;19;20;23;-1;0;23
3;14/10/2012;-1;-1;21;23;18;-1;-1;-1;-1;23;18;19;19;19;-1;24;23;-1;19
3;15/10/2012;-1;-1;23;-1;-1;-1;22;23;21;21;20;-1;-1;22;22;20;20;21;-1
3;16/10/2012;22;17;21;-1;-1;-1;22;19;16;-1;-1;22;21;22;16;-1;-1;-1;15
3;17/10/2012;-1;-1;17;18;0;0;0;-1;17;0;17;22;19;21;21;22;22;-1;20
3;18/10/2012;19;0;-1;0;0;17;18;0;0;-1;-1;21;17;17;22;22;23;23;20
3;19/10/2012;21;21;0;15;0;18;-1;0;-1;21;17;17;0;20;0;21;-1;21;17
3;20/10/2012;14;21;15;21;0;0;19;20;20;0;-1;-1;0;0;20;21;19;15;0
3;21/10/2012;-1;0;0;18;-1;0;0;23;23;23;21;22;13;-1;15;-1;16;23;14
3;22/10/2012;-1;22;-1;16;0;21;0;0;0;22;19;21;17;0;0;15;17;21;15
3;23/10/2012;17;-1;16;-1;21;0;0;-1;17;-1;20;-1;19;17;16;0;22;22;21
3;24/10/2012;0;21;0;20;17;21;21;0;20;0;19;0;-1;0;-1;17;18;17;15
3;25/10/2012;20;19;23;-1;-1;0;-1;18;0;0;21;0;-1;22;17;23;16;15;15
3;26/10/2012;-1;0;-1;19;23;23;23;22;0;20;19;-1;-1;19;0;19;19;0;21
3;27/10/2012;-1;0;21;20;-1;21;22;21;20;-1;-1;-1;19;-1;22;20;19;21;-1
3;28/10/2012;19;21;18;13;-1;-1;16;22;-1;-1;-1;-1;-1;-1;19;18;20;17;18
3;29/10/2012;0;0;0;20;22;22;21;0;0;17;0;22;19;18;0;21;-1;22;17
3;30/10/2012;19;17;0;22;0;0;20;0;21;0;22;0;0;0;21;22;22;17;18
3;31/10/2012;0;-1;0;0;0;22;15;15;20;21;-1;21;22;0;0;22;22;15;15
3;01/11/2012;-1;-1;-1;20;16;17;13;20;-1;15;20;-1;17;-1;-1;-1;18;19;17
3;02/11/2012;-1;-1;-1;0;17;-1;19;17;16;17;0;0;16;21;17;17;0;15;15
3;03/11/2012;0;0;-1;20;17;21;0;18;0;0;-1;17;17;-1;17;17;15;16;16
3;04/11/2012;-1;18;17;17;-1;-1;18;20;-1;-1;0;21;-1;-1;20;17;20;17;14
3;05/11/2012;17;17;-1;-1;-1;17;-1;-1;17;14;15;18;-1;-1;0;16;15;14;14
3;06/11/2012;20;-1;19;17;17;16;-1;16;19;0;0;-1;0;-1;19;-1;17;19;15
3;07/11/2012;-1;0;0;17;17;16;0;17;0;15;14;0;16;-1;0;18;15;15;11
3;08/11/2012;0;16;0;15;15;16;16;14;0;14;-1;0;0;16;0;0;15;16;14
3;09/11/2012;0;0;-1;16;17;15;15;17;17;0;0;16;0;0;-1;16;14;14;14
3;10/11/2012;0;0;0;0;14;0;-1;17;-1;0;18;18;18;14;16;17;14;14;14
3;11/11/2012;0;0;0;18;18;14;19;0;0;0;18;14;19;19;0;0;18;19;18
3;12/11/2012;-1;-1;18;-1;-1;0;18;19;18;-1;18;17;-1;0;17;17;17;16;17
3;13/11/2012;16;17;17;-1;16;15;17;-1;19;-1;-1;-1;-1;-1;-1;18;19;15;15
3;14/11/2012;13;18;18;0;14;0;-1;15;-1;0;18;14;0;0;0;17;17;15;15
3;15/11/2012;0;0;0;0;18;17;0;18;13;13;17;17;0;0;0;18;13;13;13
3;16/11/2012;13;13;0;0;18;18;17;13;18;0;0;0;0;0;0;17;12;17;13
3;17/11/2012;0;0;14;14;14;0;0;0;14;15;0;14;0;0;15;15;14;15;13
3;18/11/2012;0;16;-1;-1;15;14;0;15;14;14;14;0;0;0;0;16;15;15;14
3;19/11/2012;13;-1;-1;15;-1;15;13;15;16;0;-1;14;-1;-1;-1;15;13;13;13
3;20/11/2012;15;15;16;-1;0;0;16;0;0;0;14;15;16;0;-1;15;14;15;14
3;21/11/2012;0;0;0;17;14;14;14;0;-1;0;14;15;0;0;15;16;14;14;14
3;22/11/2012;12;13;-1;17;-1;0;17;0;16;0;0;0;17;16;14;15;0;12;12
3;23/11/2012;16;0;16;17;0;13;17;17;14;-1;0;0;0;16;0;0;13;17;13
3;24/11/2012;0;0;16;15;15;-1;16;16;16;16;0;0;0;0;15;-1;15;14;14
3;25/11/2012;0;11;17;0;18;17;17;15;0;0;0;12;13;0;-1;0;17;11;12
3;26/11/2012;0;0;17;12;-1;16;14;0;0;0;16;0;-1;16;17;13;12;12;13
3;27/11/2012;14;13;16;17;-1;0;-1;0;0;0;0;13;15;0;15;16;14;14;13
3;28/11/2012;0;19;-1;19;15;17;17;15;19;17;-1;-1;0;19;-1;-1;-1;18;18
3;29/11/2012;0;18;0;17;0;0;0;11;18;17;0;0;0;12;18;17;16;11;11
3;30/11/2012;0;14;18;18;15;18;0;17;0;0;0;16;0;0;0;17;14;14;11
3;01/12/2012;0;0;14;0;14;0;10;0;12;0;12;12;0;0;11;15;15;11;12
3;02/12/2012;0;11;13;0;0;0;0;0;14;0;10;12;14;14;0;13;10;11;10
3;03/12/2012;0;0;5;5;5;11;12;8;0;11;0;0;0;0;0;8;5;12;10
3;04/12/2012;0;0;0;12;11;12;11;12;13;0;0;0;0;0;12;12;12;8;12
3;05/12/2012;11;11;11;11;8;8;0;0;0;7;10;0;0;0;0;0;7;7;7
3;06/12/2012;8;9;5;10;8;11;8;8;8;11;0;0;0;0;0;0;0;0;4
3;07/12/2012;8;7;8;8;10;10;10;9;10;0;0;0;0;0;0;0;0;8;8
3;08/12/2012;4;9;6;8;9;11;11;9;9;8;8;0;0;0;0;0;0;0;0
3;09/12/2012;12;10;12;9;11;12;11;0;0;11;0;0;0;0;8;0;5;0;5
3;10/12/2012;8;10;10;9;9;8;8;9;8;10;0;0;0;0;0;0;0;0;8
3;11/12/2012;8;0;11;11;0;0;0;0;9;8;0;9;0;0;8;10;8;11;8
3;12/12/2012;0;0;0;0;11;11;0;11;8;12;12;12;8;9;9;10;0;0;0
3;13/12/2012;8;6;6;11;11;10;12;8;11;5;0;0;0;0;0;6;0;0;0
3;14/12/2012;12;12;12;13;12;0;0;0;12;12;12;8;13;0;12;0;0;0;0
3;15/12/2012;12;13;13;13;13;8;0;0;13;0;13;13;8;12;0;0;0;0;0
3;16/12/2012;9;8;8;11;11;11;11;-1;10;8;9;0;10;-1;0;0;0;0;0
3;17/12/2012;12;15;11;14;14;12;15;12;12;11;0;0;11;0;0;0;0;0;0
3;18/12/2012;0;7;11;0;10;10;10;8;11;8;7;7;0;0;7;0;0;0;0
3;19/12/2012;9;8;8;8;8;8;0;0;0;7;6;8;8;8;0;0;0;0;0
3;20/12/2012;7;9;10;9;7;6;0;0;6;0;0;0;8;9;9;0;0;5;0
3;21/12/2012;8;8;8;7;0;0;0;7;8;0;0;0;7;7;6;6;9;0;0
3;22/12/2012;9;8;0;8;6;7;7;0;0;6;0;0;0;9;9;9;0;5;0
3;23/12/2012;13;14;14;7;14;0;5;0;0;0;0;0;0;6;7;8;12;0;11
3;24/12/2012;12;14;15;15;15;0;0;0;0;0;0;15;10;11;0;13;10;0;10
3;25/12/2012;14;14;15;15;0;0;12;0;0;0;0;13;0;0;8;12;12;12;12
3;26/12/2012;0;11;11;14;15;0;0;0;0;15;14;10;13;11;0;11;0;9;0
3;27/12/2012;11;11;15;15;0;0;0;0;0;11;13;0;0;11;0;11;12;11;11
3;28/12/2012;10;10;13;0;0;0;11;0;9;0;8;11;9;0;8;10;9;0;0
3;29/12/2012;11;11;11;11;10;0;7;0;0;0;7;9;0;0;5;8;0;7;0
3;30/12/2012;12;11;12;12;0;0;0;11;5;9;5;7;10;6;0;0;0;0;0
3;31/12/2012;11;11;11;10;11;0;0;6;5;6;9;7;0;0;0;0;0;0;7