# description; daliy observations of plant-irradiance for plant 1
hour2;hour3;hour4;hour5;hour6;hour7;hour8;hour9;hour10;hour11;hour12;hour13;hour14;hour15;hour16;hour17;hour18;hour19;hour20
0.0;0.0;0.0;0.466716529544;0.17277486911;0.363500373972;0.211667913239;0.0;0.329842931937;0.0306656694091;0.443530291698;0.0;0.0516080777861;0.507105459985;0.0;0.0;0.0;0.513836948392;0.0
0.0;0.0;0.053851907255;0.178010471204;0.335826477188;0.451757666417;0.511593118923;0.517576664174;0.469708302169;0.366492146597;0.210919970082;0.0306656694091;0.0;0.0;0.0;0.0;0.0;0.0;0.0
0.0545998504114;0.175766641735;0.332086761406;0.446522064323;0.500373971578;0.543006731488;0.404637247569;0.248317127898;0.123410620793;0.0261780104712;0.0;0.0;0.0;0.0;0.0;0.0;0.0;0.0;0.0
0.0;0.0;0.0;0.0;0.0456245325355;0.169783096485;0.326851159312;0.445774121167;0.50411368736;0.511593118923;0.465220643231;0.234854151085;0.0493642483171;0.0149588631264;0.0;0.0;0.0;0.0;0.0
0.43904263276;0.338070306657;0.328347045625;0.124158563949;0.0112191473448;0.0;0.0;0.0;0.0;0.0;0.0;0.0;0.0;0.0;0.0441286462229;0.166791323859;0.325355272999;0.451757666417;0.38219895288
0.0;0.0;0.0;0.0;0.00448765893792;0.0119670905011;0.018698578908;0.0231862378459;0.0306656694091;0.0695587135378;0.0703066566941;0.0845175766642;0.0359012715034;0.0104712041885;0.0;0.0;0.0;0.0;0.0
0.0;0.0;0.0;0.0;0.0;0.0;0.0;0.0;0.358264771877;0.290201944652;0.23784592371;0.0785340314136;0.109199700823;0.0306656694091;0.0;0.0;0.0;0.0;0.0
0.0;0.0;0.0;0.0;0.016454749439;0.160059835453;0.336574420344;0.450261780105;0.507853403141;0.320867614061;0.335078534031;0.379207180254;0.213911742708;0.0411368735976;0.0;0.0;0.0;0.0;0.0
0.0;0.0;0.0;0.0;0.0;0.00523560209424;0.0172026925954;0.035153328347;0.077038145101;0.0650710545999;0.143605086013;0.153328347046;0.0381451009723;0.0119670905011;0.00897531787584;0.0;0.0;0.0;0.0
0.0;0.0;0.0;0.0;0.0261780104712;0.134629768138;0.154824233358;0.202692595363;0.153328347046;0.0725504861631;0.145848915482;0.221391174271;0.176514584892;0.0486163051608;0.0;0.0;0.0;0.0;0.0
0.0;0.0;0.0;0.0;0.0104712041885;0.0134629768138;0.0;0.0;0.0;0.0;0.0;0.0;0.0194465220643;0.00598354525056;0.0;0.0;0.0;0.0;0.0
0.0;0.0;0.0;0.0;0.037397157816;0.100224382947;0.213163799551;0.489154824233;0.483919222139;0.234854151085;0.50411368736;0.357516828721;0.222887060583;0.0508601346298;0.0;0.0;0.0;0.0;0.0
0.0;0.0;0.0;0.0;0.0568436798803;0.183994016455;0.341810022438;0.456993268512;0.520568436799;0.54674644727;0.254300673149;0.203440538519;0.181002243829;0.0508601346298;0.0;0.0;0.0;0.0;0.0
0.0;0.0;0.0;0.0;0.00673148840688;0.0291697830965;0.112939416604;0.281226626776;0.109199700823;0.217651458489;0.22363500374;0.391922213912;0.200448765894;0.0224382946896;0.0;0.0;0.0;0.0;0.0
0.0;0.0;0.0;0.0;0.0224382946896;0.0344053851907;0.228122662678;0.165295437547;0.474943904263;0.189977561705;0.314884068811;0.169783096485;0.25804038893;0.0643231114435;0.0;0.0;0.0;0.0;0.0
0.0;0.0;0.0;0.0;0.0493642483171;0.15856394914;0.350037397158;0.270007479432;0.232610321616;0.377711293942;0.0777860882573;0.450261780105;0.211667913239;0.0755422587883;0.0;0.0;0.0;0.0;0.0
0.0;0.0;0.0;0.0;0.00074794315632;0.016454749439;0.0508601346298;0.0568436798803;0.28047868362;0.492146596859;0.0598354525056;0.039640987285;0.020942408377;0.0172026925954;0.0;0.0;0.0;0.0;0.0
0.0;0.0;0.0;0.0;0.0;0.00299177262528;0.102468212416;0.204936424832;0.161555721765;0.10172026926;0.135377711294;0.342557965595;0.249813014211;0.243081525804;0.103964098728;0.00598354525056;0.0;0.0;0.0
0.0;0.0;0.0;0.0;0.0074794315632;0.106955871354;0.254300673149;0.426327599102;0.480927449514;0.522812266268;0.516080777861;0.451009723261;0.31712789828;0.119670905011;0.00673148840688;0.0;0.0;0.0;0.0
0.0;0.0;0.0;0.0;0.00598354525056;0.0336574420344;0.231862378459;0.356020942408;0.267763649963;0.308152580404;0.0987284966343;0.0643231114435;0.0785340314136;0.0516080777861;0.0037397157816;0.0;0.0;0.0;0.0
0.0;0.0;0.0;0.0;0.0;0.039640987285;0.155572176515;0.103216155572;0.363500373972;0.587883320868;0.543006731488;0.456245325355;0.34554973822;0.148840688108;0.00523560209424;0.0;0.0;0.0;0.0
0.0;0.0;0.0;0.0;0.0142109199701;0.123410620793;0.296933433059;0.435302916978;0.528795811518;0.544502617801;0.509349289454;0.442034405385;0.333582647719;0.143605086013;0.00897531787584;0.0;0.0;0.0;0.0
0.0;0.0;0.0;0.0;0.00448765893792;0.124158563949;0.296933433059;0.437546746447;0.527299925206;0.549738219895;0.533283470456;0.452505609574;0.319371727749;0.129394166043;0.00673148840688;0.0;0.0;0.0;0.0
0.0;0.0;0.0;0.0;0.00448765893792;0.0418848167539;0.243081525804;0.356020942408;0.523560209424;0.560209424084;0.21540762902;0.165295437547;0.0523560209424;0.0179506357517;0.00299177262528;0.0;0.0;0.0;0.0
0.0;0.0;0.0;0.0;0.0;0.0;0.0;0.0;0.0;0.0;0.0;0.0;0.0;0.0;0.0;0.0;0.0;0.0;0.0
0.0;0.0;0.0;0.0;0.0;0.0;0.0;0.0;0.0;0.0;0.0;0.0;0.0;0.0;0.0;0.0;0.0;0.0;0.0
0.0;0.0;0.0;0.0;0.0;0.0;0.0;0.0;0.0;0.0;0.0;0.0;0.0;0.0;0.0;0.0;0.0;0.0;0.0
0.0;0.0;0.0;0.0;0.0;0.0;0.0;0.0;0.0;0.0;0.0;0.0;0.0;0.0;0.0;0.0;0.0;0.0;0.0
0.0;0.0;0.0;0.0;0.0;0.0;0.0;0.0;0.0;0.0;0.0;0.0;0.0;0.0;0.0;0.0;0.0;0.0;0.0
0.0;0.0;0.0;0.0;0.0;0.0;0.0;0.0;0.0;0.0;0.0;0.0;0.0;0.0;0.0;0.0;0.0;0.0;0.0
0.0;0.0;0.0;0.0;0.0;0.0;0.0;0.0;0.0;0.0;0.0;0.0;0.0;0.0;0.0;0.0;0.0;0.0;0.0
0.0;0.0;0.0;0.0;0.0;0.0;0.0;0.0;0.0;0.0;0.0;0.0;0.0;0.0;0.0;0.0;0.0;0.0;0.0
0.0;0.0;0.0;0.0;0.0;0.0;0.0;0.0;0.0;0.0;0.0;0.0;0.0;0.0;0.0;0.0;0.0;0.0;0.0
0.0;0.0;0.0;0.0;0.0;0.0;0.0;0.0;0.0;0.0;0.0;0.0;0.0;0.0;0.0;0.0;0.0;0.0;0.0
0.0;0.0;0.0;0.0;0.0;0.0;0.0;0.0;0.0;0.0;0.0;0.0;0.0;0.0;0.0;0.0;0.0;0.0;0.0
0.0;0.0;0.0;0.0;0.0;0.0;0.0;0.0;0.0;0.0;0.0;0.0;0.0;0.0;0.0;0.0;0.0;0.0;0.0
0.0;0.0;0.0;0.0;0.0;0.0;0.0;0.0;0.0;0.0;0.0;0.0;0.0;0.0;0.0;0.0;0.0;0.0;0.0
0.0;0.0;0.0;0.0;0.0;0.0;0.0;0.0;0.0;0.0;0.0;0.0;0.0;0.0;0.0;0.0;0.0;0.0;0.0
0.0;0.0;0.0;0.0;0.0;0.0;0.0;0.0;0.0;0.0;0.0;0.0;0.0;0.0;0.0;0.0;0.0;0.0;0.0
0.0;0.0;0.0;0.0;0.0;0.0;0.0;0.0;0.0;0.0;0.0;0.0;0.0;0.0;0.0;0.0;0.0;0.0;0.0
0.0;0.0;0.0;0.0;0.0;0.0;0.0;0.0;0.0;0.0;0.0;0.0;0.0;0.0;0.0;0.0;0.0;0.0;0.0
0.0;0.0;0.0;0.0;0.0;0.0;0.0;0.0;0.0;0.0;0.0;0.0;0.0;0.0;0.0;0.0;0.0;0.0;0.0
0.0;0.0;0.0;0.0;0.0;0.0;0.0;0.0;0.0;0.0;0.0;0.0;0.0;0.0;0.0;0.0;0.0;0.0;0.0
0.0;0.0;0.0;0.0;0.0;0.0;0.0;0.0;0.0;0.0;0.0;0.0;0.0;0.0;0.0;0.0;0.0;0.0;0.0
0.0;0.0;0.0;0.0;0.0;0.0;0.0;0.0;0.0;0.0;0.0;0.0;0.0;0.0;0.0;0.0;0.0;0.0;0.0
0.0;0.0;0.0;0.0;0.0;0.0;0.0;0.0;0.0;0.0;0.0;0.0;0.0;0.0;0.0;0.0;0.0;0.0;0.0
0.0;0.0;0.0;0.0;0.0;0.0;0.0;0.0;0.0;0.0;0.0;0.0;0.0;0.0;0.0;0.0;0.0;0.0;0.0
0.0;0.0;0.0;0.0;0.0;0.0;0.0;0.0;0.0;0.0;0.0;0.0;0.0;0.0;0.0;0.0;0.0;0.0;0.0
0.0;0.0;0.0;0.0;0.0;0.0;0.0;0.0;0.0;0.0;0.0;0.0;0.0;0.0;0.0;0.0;0.0;0.0;0.0
0.0;0.0;0.0;0.0;0.0;0.0;0.0;0.0;0.0;0.0;0.0;0.0;0.0;0.0;0.0;0.0;0.0;0.0;0.0
0.0;0.0;0.0;0.0;0.0;0.0;0.0;0.0;0.0;0.0;0.0;0.0;0.0;0.0;0.0;0.0;0.0;0.0;0.0
0.0;0.0;0.0;0.0;0.0;0.0;0.0;0.0;0.0;0.0;0.0;0.0;0.0;0.0;0.0;0.0;0.0;0.0;0.0
0.0;0.0;0.0;0.0;0.0;0.0;0.0;0.0;0.0;0.0;0.0;0.0;0.0;0.0;0.0;0.0;0.0;0.0;0.0
0.0;0.0;0.0;0.0;0.0;0.0;0.0;0.0;0.0;0.0;0.0;0.0;0.0;0.0;0.0;0.0;0.0;0.0;0.0
0.0;0.0;0.0;0.0;0.0;0.0;0.111443530292;0.519072550486;0.606581899776;0.642483171279;0.619296933433;0.543754674645;0.419596110696;0.248317127898;0.0665669409125;0.00074794315632;0.0;0.0;0.0
0.0;0.0;0.0;0.0;0.0531039640987;0.219895287958;0.39640987285;0.5325355273;0.617053103964;0.649962602842;0.61780104712;0.560209424084;0.423335826477;0.246821241586;0.0635751682872;0.00149588631264;0.0;0.0;0.0
0.0;0.0;0.0;0.0;0.0201944652206;0.163051608078;0.296185489903;0.51009723261;0.594614809274;0.505609573672;0.246821241586;0.367988032909;0.256544502618;0.0239341810022;0.00673148840688;0.0;0.0;0.0;0.0
0.0;0.0;0.0;0.0;0.0852655198205;0.0531039640987;0.132385938669;0.384442782349;0.287958115183;0.425579655946;0.296185489903;0.346297681376;0.447270007479;0.264023934181;0.0650710545999;0.00224382946896;0.0;0.0;0.0
0.0;0.0;0.0;0.0;0.0336574420344;0.0658189977562;0.270007479432;0.385190725505;0.464472700075;0.623784592371;0.34554973822;0.470456245325;0.418100224383;0.203440538519;0.0523560209424;0.00074794315632;0.0;0.0;0.0
0.0;0.0;0.0;0.0;0.0523560209424;0.0792819745699;0.193717277487;0.482423335826;0.556469708302;0.651458489155;0.629020194465;0.557965594615;0.426327599102;0.25205684368;0.0688107703815;0.00149588631264;0.0;0.0;0.0
0.0;0.0;0.0;0.0;0.0605833956619;0.228122662678;0.400149588631;0.547494390426;0.639491398654;0.677636499626;0.65445026178;0.574420344054;0.440538519073;0.267015706806;0.0837696335079;0.00224382946896;0.0;0.0;0.0
0.0;0.0;0.0;0.0;0.0628272251309;0.230366492147;0.405385190726;0.545998504114;0.640987284966;0.658937920718;0.631264023934;0.553477935677;0.423335826477;0.25205684368;0.0740463724757;0.00299177262528;0.0;0.0;0.0
0.0;0.0;0.0;0.0;0.0643231114435;0.231114435303;0.404637247569;0.540014958863;0.620792819746;0.644727000748;0.605833956619;0.526551982049;0.404637247569;0.228870605834;0.0635751682872;0.00299177262528;0.0;0.0;0.0
0.0;0.0;0.0;0.00299177262528;0.0478683620045;0.160059835453;0.343305908751;0.491398653702;0.572176514585;0.608825729245;0.584143605086;0.483919222139;0.3373223635;0.182498130142;0.0463724756918;0.00224382946896;0.0;0.0;0.0
0.0;0.0;0.0;0.0;0.0201944652206;0.11593118923;0.297681376215;0.513089005236;0.52430815258;0.516828721017;0.270007479432;0.139117427076;0.217651458489;0.0867614061331;0.0172026925954;0.0;0.0;0.0;0.0
0.0;0.0;0.0;0.00972326103216;0.0890052356021;0.257292445774;0.371727748691;0.587135377711;0.35976065819;0.386686611818;0.619296933433;0.335078534031;0.157816005984;0.0613313388182;0.0074794315632;0.0;0.0;0.0;0.0
0.0;0.0;0.0;0.00673148840688;0.0949887808527;0.292445774121;0.344053851907;0.62602842184;0.210919970082;0.179506357517;0.302169035153;0.204936424832;0.219895287958;0.113687359761;0.020942408377;0.0;0.0;0.0;0.0
0.0;0.0;0.0;0.0;0.0074794315632;0.0269259536275;0.0964846671653;0.119670905011;0.0628272251309;0.0411368735976;0.0740463724757;0.188481675393;0.058339566193;0.0134629768138;0.00299177262528;0.0;0.0;0.0;0.0
0.0;0.0;0.0;0.00598354525056;0.0261780104712;0.0837696335079;0.278234854151;0.16454749439;0.168287210172;0.0411368735976;0.0942408376963;0.0845175766642;0.0605833956619;0.0366492146597;0.00897531787584;0.0;0.0;0.0;0.0
0.0;0.0;0.0;0.00822737471952;0.0359012715034;0.0508601346298;0.116679132386;0.145848915482;0.265519820494;0.332086761406;0.141361256545;0.135377711294;0.035153328347;0.0299177262528;0.0127150336574;0.0;0.0;0.0;0.0
0.0;0.0;0.0;0.0134629768138;0.0568436798803;0.142109199701;0.222139117427;0.470456245325;0.61181750187;0.580403889304;0.296185489903;0.175766641735;0.207180254301;0.0650710545999;0.0306656694091;0.00074794315632;0.0;0.0;0.0
0.0;0.0;0.0;0.0;0.0;0.0;0.0104712041885;0.0486163051608;0.231862378459;0.142109199701;0.136873597607;0.0964846671653;0.154076290202;0.241585639491;0.125654450262;0.295437546746;0.0628272251309;0.0254300673149;0.0
0.0;0.0;0.0;0.016454749439;0.135377711294;0.317875841436;0.48167539267;0.611069558714;0.684367988033;0.697830964847;0.653702318624;0.552729992521;0.405385190726;0.180254300673;0.0545998504114;0.00074794315632;0.0;0.0;0.0
0.0;0.0;0.0;0.0157068062827;0.0321615557218;0.261032161556;0.41062079282;0.20119670905;0.534779356769;0.375467464473;0.148840688108;0.486910994764;0.330590875093;0.228870605834;0.056095736724;0.00074794315632;0.0;0.0;0.0
0.0;0.0;0.0;0.0231862378459;0.138369483919;0.320867614061;0.48167539267;0.602094240838;0.675392670157;0.690351533283;0.649962602842;0.55497382199;0.409872849663;0.228870605834;0.0568436798803;0.00149588631264;0.0;0.0;0.0
0.0;0.0;0.0;0.0261780104712;0.14435302917;0.329842931937;0.493642483171;0.61780104712;0.686611817502;0.698578908003;0.666417352281;0.56095736724;0.411368735976;0.22961854899;0.0568436798803;0.00224382946896;0.0;0.0;0.0
0.0;0.0;0.0;0.0269259536275;0.145100972326;0.329094988781;0.492146596859;0.614809274495;0.690351533283;0.702318623785;0.658937920718;0.561705310396;0.418848167539;0.235602094241;0.0620792819746;0.00224382946896;0.0;0.0;0.0
0.0;0.0;0.0;0.0321615557218;0.153328347046;0.322363500374;0.492146596859;0.61780104712;0.69109947644;0.704562453254;0.650710545999;0.553477935677;0.392670157068;0.222139117427;0.0531039640987;0.00224382946896;0.0;0.0;0.0
0.0;0.0;0.0;0.0501121914734;0.163051608078;0.327599102468;0.375467464473;0.664921465969;0.599102468212;0.709050112191;0.679132385939;0.543754674645;0.367240089753;0.192221391174;0.0501121914734;0.00224382946896;0.0;0.0;0.0
0.0;0.0;0.0;0.0306656694091;0.141361256545;0.302169035153;0.486163051608;0.614809274495;0.703066566941;0.661929693343;0.605833956619;0.462976813762;0.334330590875;0.189229618549;0.0575916230366;0.00224382946896;0.0;0.0;0.0
0.0;0.0;0.0;0.00972326103216;0.0508601346298;0.166791323859;0.479431563201;0.615557217651;0.670905011219;0.68287210172;0.651458489155;0.547494390426;0.398653702319;0.219895287958;0.0508601346298;0.00224382946896;0.00074794315632;0.0;0.0
0.0;0.0;0.0;0.0239341810022;0.141361256545;0.342557965595;0.497382198953;0.627524308153;0.689603590127;0.684367988033;0.645474943904;0.549738219895;0.403889304413;0.212415856395;0.0508601346298;0.00299177262528;0.0;0.0;0.0
0.0;0.0;0.0;0.0194465220643;0.0471204188482;0.0979805534779;0.18698578908;0.3373223635;0.51009723261;0.4023934181;0.364996260284;0.436050860135;0.333582647719;0.155572176515;0.0344053851907;0.00299177262528;0.00074794315632;0.00074794315632;0.0
0.0;0.0;0.0;0.0336574420344;0.160807778609;0.244577412117;0.389678384443;0.541510845176;0.584891548242;0.360508601346;0.252804786836;0.154824233358;0.016454749439;0.077038145101;0.0568436798803;0.00074794315632;0.0;0.0;0.0
0.0;0.0;0.0;0.0269259536275;0.118922961855;0.270755422588;0.44502617801;0.590875093493;0.649962602842;0.66866118175;0.639491398654;0.539267015707;0.367240089753;0.21540762902;0.0531039640987;0.0037397157816;0.0;0.0;0.0
0.0;0.0;0.0;0.0329094988781;0.14435302917;0.304412864622;0.362752430815;0.598354525056;0.678384442782;0.706058339566;0.661929693343;0.565445026178;0.420344053852;0.244577412117;0.0740463724757;0.0037397157816;0.0;0.0;0.0
0.0;0.0;0.0;0.0359012715034;0.175018698579;0.354525056096;0.514584891548;0.636499626028;0.708302169035;0.720269259536;0.673896783844;0.570680628272;0.418100224383;0.241585639491;0.0710545998504;0.0037397157816;0.0;0.0;0.0
0.0;0.0;0.0;0.0359012715034;0.163051608078;0.336574420344;0.486163051608;0.5976065819;0.689603590127;0.706058339566;0.659685863874;0.572176514585;0.421839940165;0.244577412117;0.0740463724757;0.00448765893792;0.0;0.0;0.0
0.0;0.0;0.0;0.0411368735976;0.175018698579;0.35153328347;0.512341062079;0.630516080778;0.697830964847;0.712789827973;0.667165295438;0.550486163052;0.382946896036;0.224382946896;0.0673148840688;0.00448765893792;0.0;0.0;0.0
0.0;0.0;0.0;0.0433807030666;0.11593118923;0.364248317128;0.525804038893;0.637995512341;0.694091249065;0.715781600598;0.669409124907;0.557217651458;0.407629020194;0.219895287958;0.0329094988781;0.0037397157816;0.0;0.0;0.0
0.0;0.0;0.00448765893792;0.0418848167539;0.179506357517;0.355272999252;0.51009723261;0.631264023934;0.697830964847;0.680628272251;0.663425579656;0.560209424084;0.343305908751;0.175018698579;0.0478683620045;0.00523560209424;0.0;0.00074794315632;0.0
0.0;0.0;0.00448765893792;0.0441286462229;0.190725504862;0.367240089753;0.522064323111;0.635003739716;0.703814510097;0.611069558714;0.573672400898;0.4674644727;0.207928197457;0.139865370232;0.0239341810022;0.00299177262528;0.0;0.0;0.0
0.0;0.0;0.00299177262528;0.0493642483171;0.190725504862;0.369483919222;0.522812266268;0.64023934181;0.703814510097;0.721017202693;0.673896783844;0.569932685116;0.37397157816;0.234106207928;0.0635751682872;0.00673148840688;0.0;0.0;0.0
0.0;0.0;0.00448765893792;0.039640987285;0.116679132386;0.231862378459;0.427075542259;0.635751682872;0.703066566941;0.710545998504;0.5976065819;0.547494390426;0.300673148841;0.103964098728;0.039640987285;0.00299177262528;0.0;0.0;0.0
0.0;0.0;0.0;0.0329094988781;0.0815258040389;0.22363500374;0.208676140613;0.281974569933;0.35976065819;0.56095736724;0.579655946148;0.473448017951;0.347045624533;0.192969334331;0.0523560209424;0.00523560209424;0.00074794315632;0.00074794315632;0.0
0.00074794315632;0.0;0.0;0.0448765893792;0.145848915482;0.16454749439;0.179506357517;0.249813014211;0.249813014211;0.208676140613;0.198204936425;0.12191473448;0.095736724009;0.0463724756918;0.0336574420344;0.00598354525056;0.0;0.0;0.0
0.0;0.0;0.00299177262528;0.0493642483171;0.192969334331;0.385190725505;0.359012715034;0.604338070307;0.393418100224;0.501121914734;0.189229618549;0.454001495886;0.350785340314;0.127898279731;0.0381451009723;0.00673148840688;0.00074794315632;0.0;0.0
0.0;0.0;0.0037397157816;0.0299177262528;0.112191473448;0.212415856395;0.0725504861631;0.148092744951;0.115183246073;0.0882572924458;0.137621540763;0.172026925954;0.0620792819746;0.0822737471952;0.0329094988781;0.00897531787584;0.0;0.0;0.0
0.0;0.0;0.0;0.0179506357517;0.0456245325355;0.0890052356021;0.420344053852;0.370231862378;0.296933433059;0.382946896036;0.576664173523;0.385190725505;0.103216155572;0.0979805534779;0.058339566193;0.00673148840688;0.0;0.0;0.0
0.0;0.0;0.00224382946896;0.0299177262528;0.122662677636;0.056095736724;0.160059835453;0.566940912491;0.649962602842;0.83545250561;0.575916230366;0.66866118175;0.384442782349;0.262528047868;0.0837696335079;0.00822737471952;0.0;0.0;0.0
0.0;0.0;0.00822737471952;0.0605833956619;0.175018698579;0.407629020194;0.561705310396;0.678384442782;0.738219895288;0.745699326851;0.69708302169;0.591623036649;0.44502617801;0.252804786836;0.0867614061331;0.00673148840688;0.0;0.0;0.0
0.0;0.0;0.0037397157816;0.0314136125654;0.0964846671653;0.0725504861631;0.039640987285;0.246073298429;0.483919222139;0.65445026178;0.22961854899;0.545998504114;0.433807030666;0.255796559461;0.0688107703815;0.00673148840688;0.0;0.0;0.0
0.0;0.0;0.00972326103216;0.0643231114435;0.231862378459;0.412864622289;0.566940912491;0.56095736724;0.650710545999;0.663425579656;0.483171278983;0.445774121167;0.403889304413;0.103964098728;0.0216903515333;0.0074794315632;0.0;0.0;0.0
0.0;0.0;0.00299177262528;0.020942408377;0.058339566193;0.0755422587883;0.0830216903515;0.0785340314136;0.0613313388182;0.0695587135378;0.1301421092;0.166791323859;0.0882572924458;0.077038145101;0.0149588631264;0.00149588631264;0.0;0.0;0.0
0.0;0.0;0.00972326103216;0.077038145101;0.184741959611;0.314136125654;0.222139117427;0.378459237098;0.344801795064;0.400897531788;0.418848167539;0.116679132386;0.016454749439;0.00822737471952;0.018698578908;0.0037397157816;0.0;0.0;0.0
0.0;0.0;0.00972326103216;0.0418848167539;0.173522812266;0.39640987285;0.317875841436;0.739715781601;0.510845175767;0.473448017951;0.16454749439;0.255796559461;0.286462228871;0.0703066566941;0.0680628272251;0.00673148840688;0.0;0.0;0.0
0.0;0.0;0.0074794315632;0.0329094988781;0.0216903515333;0.125654450262;0.171278982797;0.180254300673;0.258788332087;0.187733732236;0.129394166043;0.127150336574;0.0359012715034;0.0291697830965;0.0104712041885;0.00074794315632;0.0;0.0;0.0
0.0;0.0;0.00972326103216;0.0523560209424;0.110695587135;0.220643231114;0.127150336574;0.155572176515;0.14435302917;0.324607329843;0.190725504862;0.12191473448;0.135377711294;0.0942408376963;0.0329094988781;0.00149588631264;0.0;0.0;0.0
0.0;0.0;0.0134629768138;0.0643231114435;0.122662677636;0.191473448018;0.491398653702;0.418100224383;0.758414360509;0.700822737472;0.720269259536;0.508601346298;0.357516828721;0.0635751682872;0.0149588631264;0.00598354525056;0.0;0.0;0.0
0.0;0.0;0.00074794315632;0.0246821241586;0.0942408376963;0.153328347046;0.13612565445;0.568436798803;0.194465220643;0.34554973822;0.183246073298;0.0972326103216;0.0964846671653;0.148092744951;0.0523560209424;0.0104712041885;0.0;0.0;0.0
0.0;0.0;0.0104712041885;0.053851907255;0.240089753179;0.442034405385;0.615557217651;0.322363500374;0.629020194465;0.437546746447;0.207928197457;0.103964098728;0.0688107703815;0.074794315632;0.0366492146597;0.0112191473448;0.0;0.0;0.0
0.0;0.0;0.0157068062827;0.0822737471952;0.259536275243;0.198952879581;0.495138369484;0.51832460733;0.578160059835;0.677636499626;0.789080029918;0.550486163052;0.430067314884;0.139865370232;0.0710545998504;0.0134629768138;0.0;0.0;0.0
0.0;0.0;0.0403889304413;0.0942408376963;0.134629768138;0.231862378459;0.382946896036;0.637247569185;0.498878085266;0.720269259536;0.69708302169;0.641735228123;0.408376963351;0.103964098728;0.0463724756918;0.0104712041885;0.00074794315632;0.0;0.0
0.0;0.0;0.018698578908;0.0523560209424;0.129394166043;0.347793567689;0.513089005236;0.424083769634;0.554225878833;0.205684367988;0.137621540763;0.0927449513837;0.128646222887;0.100972326103;0.0441286462229;0.00523560209424;0.0;0.0;0.0
0.0;0.00074794315632;0.018698578908;0.0792819745699;0.249065071055;0.412864622289;0.483171278983;0.673896783844;0.715033657442;0.671652954375;0.566192969334;0.596110695587;0.440538519073;0.234106207928;0.100972326103;0.0149588631264;0.0;0.0;0.0
0.0;0.0;0.0157068062827;0.0927449513837;0.267763649963;0.440538519073;0.559461480927;0.694091249065;0.760658189978;0.655198204936;0.476439790576;0.587135377711;0.452505609574;0.25205684368;0.09349289454;0.0127150336574;0.00074794315632;0.0;0.0
0.0;0.0;0.0179506357517;0.0912490650711;0.264023934181;0.442034405385;0.58937920718;0.69708302169;0.753926701571;0.758414360509;0.706806282723;0.601346297681;0.44502617801;0.273747195213;0.100224382947;0.0127150336574;0.00074794315632;0.00074794315632;0.0
0.0;0.0;0.0149588631264;0.09349289454;0.267015706806;0.440538519073;0.584891548242;0.689603590127;0.557965594615;0.74794315632;0.685115931189;0.572176514585;0.444278234854;0.272251308901;0.0994764397906;0.0142109199701;0.00074794315632;0.0;0.00074794315632
0.0;0.0;0.0194465220643;0.09349289454;0.261032161556;0.43081525804;0.578908002992;0.68287210172;0.736724008975;0.735228122663;0.68287210172;0.579655946148;0.433807030666;0.264023934181;0.0972326103216;0.0149588631264;0.00074794315632;0.00074794315632;0.00074794315632
0.0;0.0;0.0231862378459;0.119670905011;0.1952131638;0.38219895288;0.578160059835;0.677636499626;0.723261032162;0.727748691099;0.4674644727;0.563201196709;0.418100224383;0.166043380703;0.0972326103216;0.0224382946896;0.00149588631264;0.00074794315632;0.00074794315632
0.0;0.0;0.0231862378459;0.0927449513837;0.181750186986;0.338070306657;0.341810022438;0.448765893792;0.529543754675;0.724008975318;0.667913238594;0.591623036649;0.393418100224;0.26626776365;0.0972326103216;0.0194465220643;0.00149588631264;0.00074794315632;0.00074794315632
0.0;0.0;0.0194465220643;0.0972326103216;0.260284218399;0.428571428571;0.571428571429;0.673148840688;0.714285714286;0.71129394166;0.663425579656;0.562453253553;0.425579655946;0.259536275243;0.100224382947;0.0149588631264;0.00149588631264;0.00074794315632;0.00074794315632
0.0;0.0;0.0216903515333;0.0979805534779;0.256544502618;0.420344053852;0.55497382199;0.652206432311;0.703814510097;0.70531039641;0.688107703815;0.561705310396;0.407629020194;0.241585639491;0.0927449513837;0.0149588631264;0.00074794315632;0.00074794315632;0.0
0.0;0.0;0.0261780104712;0.0949887808527;0.255796559461;0.442782348542;0.575916230366;0.657442034405;0.649214659686;0.718773373224;0.667165295438;0.570680628272;0.43081525804;0.264023934181;0.100972326103;0.0172026925954;0.00074794315632;0.00074794315632;0.0
0.0;0.0;0.0201944652206;0.102468212416;0.270007479432;0.433807030666;0.57516828721;0.679132385939;0.740463724757;0.621540762902;0.693343305909;0.595362752431;0.454001495886;0.287210172027;0.116679132386;0.0194465220643;0.00149588631264;0.00074794315632;0.0
0.0;0.0;0.0201944652206;0.0972326103216;0.261032161556;0.381451009723;0.444278234854;0.649214659686;0.66866118175;0.715781600598;0.670157068063;0.572176514585;0.353029169783;0.228870605834;0.120418848168;0.0231862378459;0.00149588631264;0.00074794315632;0.00074794315632
0.0;0.0;0.0284218399402;0.0912490650711;0.218399401645;0.408376963351;0.348541510845;0.169035153328;0.270755422588;0.231862378459;0.406881077038;0.356768885565;0.222139117427;0.178010471204;0.0867614061331;0.0269259536275;0.00149588631264;0.00074794315632;0.00074794315632
0.0;0.00074794315632;0.0172026925954;0.0381451009723;0.09349289454;0.1952131638;0.350785340314;0.408376963351;0.632011967091;0.30291697831;0.507105459985;0.210172026926;0.206432311144;0.242333582648;0.100972326103;0.0201944652206;0.00149588631264;0.00074794315632;0.0
0.0;0.0;0.0261780104712;0.13612565445;0.258788332087;0.376215407629;0.557965594615;0.624532535527;0.389678384443;0.456993268512;0.335826477188;0.619296933433;0.451757666417;0.281226626776;0.118175018699;0.0201944652206;0.00299177262528;0.00074794315632;0.0
0.0;0.00299177262528;0.016454749439;0.0942408376963;0.225130890052;0.349289454001;0.576664173523;0.679132385939;0.732984293194;0.70531039641;0.692595362752;0.596858638743;0.460732984293;0.291697830965;0.119670905011;0.0201944652206;0.00149588631264;0.00074794315632;0.00074794315632
0.0;0.0;0.018698578908;0.0979805534779;0.264023934181;0.432311144353;0.57516828721;0.678384442782;0.73373223635;0.735228122663;0.688107703815;0.590875093493;0.454001495886;0.287958115183;0.119670905011;0.0224382946896;0.00149588631264;0.00074794315632;0.00074794315632
0.0;0.00074794315632;0.0239341810022;0.0987284966343;0.255796559461;0.417352281227;0.560209424084;0.661181750187;0.722513089005;0.721765145849;0.67688855647;0.581899775617;0.444278234854;0.281974569933;0.118922961855;0.0231862378459;0.00224382946896;0.00074794315632;0.00074794315632
0.0;0.0;0.0216903515333;0.0979805534779;0.246821241586;0.408376963351;0.541510845176;0.640987284966;0.690351533283;0.693343305909;0.651458489155;0.558713537771;0.425579655946;0.272999252057;0.136873597607;0.0359012715034;0.00448765893792;0.00074794315632;0.00074794315632
0.0;0.0;0.0239341810022;0.0979805534779;0.245325355273;0.401645474944;0.543754674645;0.633507853403;0.676140613313;0.681376215408;0.634255796559;0.545998504114;0.405385190726;0.245325355273;0.0979805534779;0.0216903515333;0.00149588631264;0.0;0.00074794315632
0.0;0.0;0.0314136125654;0.0388930441286;0.0508601346298;0.077038145101;0.0897531787584;0.0598354525056;0.056095736724;0.131637995512;0.123410620793;0.162303664921;0.145100972326;0.1301421092;0.103964098728;0.0201944652206;0.00149588631264;0.0;0.0
0.0;0.0;0.0276738967838;0.0830216903515;0.146596858639;0.249813014211;0.312640239342;0.236350037397;0.234106207928;0.156320119671;0.115183246073;0.138369483919;0.176514584892;0.154076290202;0.0680628272251;0.0216903515333;0.00224382946896;0.0;0.0
0.0;0.0037397157816;0.020942408377;0.103216155572;0.26626776365;0.429319371728;0.567688855647;0.669409124907;0.697830964847;0.480179506358;0.695587135378;0.587135377711;0.456993268512;0.305160807779;0.0703066566941;0.016454749439;0.0;0.0;0.0
0.0;0.0037397157816;0.0179506357517;0.0418848167539;0.0688107703815;0.0822737471952;0.126402393418;0.114435302917;0.053851907255;0.0979805534779;0.153328347046;0.473448017951;0.458489154824;0.292445774121;0.1301421092;0.0291697830965;0.00299177262528;0.0;0.0
0.0;0.00299177262528;0.0254300673149;0.121166791324;0.273747195213;0.391922213912;0.596858638743;0.704562453254;0.743455497382;0.751682872102;0.670157068063;0.576664173523;0.45325355273;0.261032161556;0.074794315632;0.0321615557218;0.00299177262528;0.0;0.0
0.0;0.00299177262528;0.0246821241586;0.111443530292;0.272999252057;0.440538519073;0.581899775617;0.679132385939;0.728496634256;0.729244577412;0.68287210172;0.585639491399;0.450261780105;0.290949887809;0.125654450262;0.0276738967838;0.0037397157816;0.00074794315632;0.0
0.0;0.00448765893792;0.0276738967838;0.109199700823;0.267015706806;0.426327599102;0.568436798803;0.655946148093;0.61780104712;0.554225878833;0.377711293942;0.309648466717;0.211667913239;0.131637995512;0.0508601346298;0.0239341810022;0.00149588631264;0.00074794315632;0.00074794315632
0.0;0.00074794315632;0.0261780104712;0.0942408376963;0.249065071055;0.370231862378;0.553477935677;0.649962602842;0.709050112191;0.722513089005;0.675392670157;0.580403889304;0.448017950636;0.287958115183;0.074794315632;0.00972326103216;0.00149588631264;0.00074794315632;0.00074794315632
0.0;0.00299177262528;0.0306656694091;0.095736724009;0.1301421092;0.456993268512;0.584891548242;0.653702318624;0.548242333583;0.567688855647;0.613313388182;0.139117427076;0.21540762902;0.0979805534779;0.0403889304413;0.0291697830965;0.00299177262528;0.0;0.0
0.173522812266;0.095736724009;0.0276738967838;0.00224382946896;0.00074794315632;0.0;0.0;0.0037397157816;0.0284218399402;0.114435302917;0.277486910995;0.472700074794;0.465220643231;0.356768885565;0.828721017203;0.688107703815;0.708302169035;0.611069558714;0.507853403141
0.0;0.00074794315632;0.0149588631264;0.0658189977562;0.161555721765;0.360508601346;0.291697830965;0.436798803291;0.479431563201;0.675392670157;0.598354525056;0.604338070307;0.348541510845;0.244577412117;0.13612565445;0.0381451009723;0.00448765893792;0.00074794315632;0.00074794315632
0.0;0.00523560209424;0.0366492146597;0.0718025430067;0.15856394914;0.28870605834;0.528047868362;0.677636499626;0.334330590875;0.384442782349;0.313388182498;0.344053851907;0.256544502618;0.265519820494;0.131637995512;0.0306656694091;0.00448765893792;0.00074794315632;0.0
0.0;0.00523560209424;0.0508601346298;0.0949887808527;0.103964098728;0.206432311144;0.4023934181;0.644727000748;0.281974569933;0.39640987285;0.179506357517;0.528795811518;0.196709050112;0.102468212416;0.0403889304413;0.0201944652206;0.00149588631264;0.00074794315632;0.00074794315632
0.0;0.0;0.0329094988781;0.0792819745699;0.267015706806;0.436798803291;0.332086761406;0.482423335826;0.696335078534;0.541510845176;0.35976065819;0.607329842932;0.473448017951;0.282722513089;0.138369483919;0.0306656694091;0.00448765893792;0.00074794315632;0.0
0.0;0.00448765893792;0.0254300673149;0.109947643979;0.26626776365;0.344801795064;0.512341062079;0.682124158564;0.573672400898;0.451009723261;0.256544502618;0.185489902767;0.0875093492895;0.0837696335079;0.0575916230366;0.0179506357517;0.00149588631264;0.00074794315632;0.0
0.0;0.00448765893792;0.0246821241586;0.109947643979;0.269259536275;0.429319371728;0.563949139865;0.675392670157;0.459237097981;0.633507853403;0.608077786088;0.341810022438;0.274495138369;0.246821241586;0.126402393418;0.0284218399402;0.00448765893792;0.00074794315632;0.00074794315632
0.0;0.00448765893792;0.0261780104712;0.109947643979;0.267015706806;0.429319371728;0.56918474196;0.667913238594;0.721017202693;0.727748691099;0.680628272251;0.590127150337;0.456993268512;0.299177262528;0.137621540763;0.0299177262528;0.00523560209424;0.00074794315632;0.00074794315632
0.0;0.00523560209424;0.0284218399402;0.110695587135;0.261780104712;0.394913986537;0.436798803291;0.466716529544;0.166791323859;0.200448765894;0.267015706806;0.494390426328;0.450261780105;0.249813014211;0.124158563949;0.0359012715034;0.00523560209424;0.00149588631264;0.00074794315632
0.0;0.00598354525056;0.0269259536275;0.112939416604;0.260284218399;0.433807030666;0.557217651458;0.655946148093;0.71952131638;0.522812266268;0.303664921466;0.296933433059;0.178010471204;0.269259536275;0.0860134629768;0.0284218399402;0.00448765893792;0.00074794315632;0.00074794315632
0.00074794315632;0.00822737471952;0.0269259536275;0.110695587135;0.270755422588;0.43081525804;0.566940912491;0.66866118175;0.664921465969;0.74195961107;0.676140613313;0.586387434555;0.454001495886;0.293193717277;0.134629768138;0.0336574420344;0.00523560209424;0.00149588631264;0.00074794315632
0.00074794315632;0.0074794315632;0.0276738967838;0.109947643979;0.267763649963;0.429319371728;0.568436798803;0.664173522812;0.724008975318;0.732984293194;0.678384442782;0.585639491399;0.451757666417;0.285714285714;0.14435302917;0.037397157816;0.0074794315632;0.00149588631264;0.00074794315632
0.00074794315632;0.00673148840688;0.0254300673149;0.112191473448;0.276738967838;0.434554973822;0.409872849663;0.683620044877;0.664173522812;0.678384442782;0.289454001496;0.171278982797;0.28870605834;0.267015706806;0.0792819745699;0.037397157816;0.00448765893792;0.00149588631264;0.00149588631264
0.00074794315632;0.00074794315632;0.0201944652206;0.111443530292;0.261780104712;0.436798803291;0.590127150337;0.678384442782;0.730740463725;0.734480179506;0.690351533283;0.564697083022;0.387434554974;0.305908750935;0.142109199701;0.0336574420344;0.00673148840688;0.00074794315632;0.00074794315632
0.0;0.00673148840688;0.0216903515333;0.110695587135;0.275991024682;0.437546746447;0.572924457741;0.673148840688;0.730740463725;0.738219895288;0.693343305909;0.608077786088;0.472700074794;0.283470456245;0.134629768138;0.0306656694091;0.0074794315632;0.00074794315632;0.00074794315632
0.00074794315632;0.00673148840688;0.0254300673149;0.110695587135;0.267763649963;0.432311144353;0.574420344054;0.620792819746;0.694091249065;0.721765145849;0.679880329095;0.588631264024;0.462976813762;0.306656694091;0.14435302917;0.0344053851907;0.00822737471952;0.00149588631264;0.00149588631264
0.00074794315632;0.00822737471952;0.0254300673149;0.112939416604;0.271503365744;0.431563201197;0.571428571429;0.676140613313;0.729992520568;0.735976065819;0.685863874346;0.596858638743;0.466716529544;0.308152580404;0.14435302917;0.0381451009723;0.0074794315632;0.00224382946896;0.00149588631264
0.00149588631264;0.00673148840688;0.0291697830965;0.109947643979;0.278234854151;0.431563201197;0.567688855647;0.649962602842;0.655946148093;0.723261032162;0.476439790576;0.311892296185;0.454001495886;0.281974569933;0.14435302917;0.0531039640987;0.0104712041885;0.00224382946896;0.00224382946896
0.00074794315632;0.0074794315632;0.0403889304413;0.0852655198205;0.281226626776;0.356020942408;0.472700074794;0.596110695587;0.736724008975;0.53851907255;0.338070306657;0.385938668661;0.389678384443;0.26626776365;0.157068062827;0.0875093492895;0.0119670905011;0.00224382946896;0.00149588631264
0.00074794315632;0.00074794315632;0.0224382946896;0.127898279731;0.272251308901;0.425579655946;0.404637247569;0.472700074794;0.734480179506;0.753178758414;0.468212415856;0.238593866866;0.0949887808527;0.275243081526;0.135377711294;0.037397157816;0.00972326103216;0.00149588631264;0.00149588631264
0.00074794315632;0.00822737471952;0.0239341810022;0.10770381451;0.275243081526;0.437546746447;0.515332834705;0.656694091249;0.724756918474;0.758414360509;0.179506357517;0.169783096485;0.50411368736;0.312640239342;0.151832460733;0.0388930441286;0.00972326103216;0.00224382946896;0.00149588631264
0.00074794315632;0.00822737471952;0.0231862378459;0.111443530292;0.277486910995;0.442034405385;0.575916230366;0.677636499626;0.728496634256;0.732236350037;0.689603590127;0.602094240838;0.470456245325;0.258788332087;0.155572176515;0.0359012715034;0.00897531787584;0.00149588631264;0.00074794315632
0.00074794315632;0.00822737471952;0.0239341810022;0.108451757666;0.267015706806;0.430067314884;0.56918474196;0.666417352281;0.727748691099;0.739715781601;0.692595362752;0.5976065819;0.4674644727;0.308152580404;0.149588631264;0.035153328347;0.00897531787584;0.00074794315632;0.00074794315632
0.0;0.0074794315632;0.0306656694091;0.106207928197;0.26626776365;0.427075542259;0.471204188482;0.681376215408;0.732984293194;0.739715781601;0.696335078534;0.609573672401;0.48167539267;0.323859386687;0.154076290202;0.035153328347;0.00822737471952;0.00149588631264;0.00074794315632
0.0;0.00673148840688;0.0216903515333;0.108451757666;0.272999252057;0.433807030666;0.572176514585;0.673896783844;0.728496634256;0.735976065819;0.694091249065;0.605833956619;0.47569184742;0.321615557218;0.155572176515;0.0359012715034;0.00897531787584;0.00149588631264;0.00074794315632
0.0;0.00673148840688;0.0231862378459;0.10770381451;0.270755422588;0.433807030666;0.572924457741;0.675392670157;0.731488406881;0.738219895288;0.696335078534;0.608077786088;0.480927449514;0.323859386687;0.157068062827;0.0366492146597;0.00972326103216;0.00149588631264;0.00074794315632
0.00074794315632;0.0074794315632;0.0224382946896;0.10770381451;0.268511593119;0.427823485415;0.558713537771;0.645474943904;0.721765145849;0.730740463725;0.688855646971;0.602094240838;0.474195961107;0.319371727749;0.155572176515;0.037397157816;0.00897531787584;0.00224382946896;0.00149588631264
0.00074794315632;0.0074794315632;0.0261780104712;0.109199700823;0.264023934181;0.422587883321;0.557217651458;0.657442034405;0.71952131638;0.728496634256;0.685863874346;0.55497382199;0.0;0.273747195213;0.133133881825;0.0;0.00972326103216;0.00224382946896;0.00149588631264
0.00074794315632;0.0074794315632;0.0231862378459;0.109947643979;0.273747195213;0.438294689604;0.573672400898;0.678384442782;0.737471952132;0.74794315632;0.704562453254;0.614809274495;0.477935676889;0.272999252057;0.176514584892;0.0441286462229;0.0112191473448;0.00224382946896;0.00149588631264
0.00074794315632;0.00822737471952;0.039640987285;0.111443530292;0.246073298429;0.397905759162;0.519072550486;0.623036649215;0.681376215408;0.691847419596;0.643979057592;0.551982049364;0.433059087509;0.28870605834;0.143605086013;0.0478683620045;0.0119670905011;0.0037397157816;0.00299177262528
0.00149588631264;0.00149588631264;0.0321615557218;0.108451757666;0.257292445774;0.412116679132;0.542258788332;0.641735228123;0.698578908003;0.707554225879;0.673148840688;0.584891548242;0.454001495886;0.306656694091;0.151832460733;0.039640987285;0.00972326103216;0.00224382946896;0.00149588631264
0.00149588631264;0.00822737471952;0.0261780104712;0.106207928197;0.25804038893;0.417352281227;0.552729992521;0.650710545999;0.714285714286;0.720269259536;0.674644727001;0.590127150337;0.462976813762;0.306656694091;0.145848915482;0.0478683620045;0.0104712041885;0.00299177262528;0.00149588631264
0.00074794315632;0.00673148840688;0.0276738967838;0.104712041885;0.254300673149;0.41062079282;0.545250560957;0.649214659686;0.525056095737;0.715781600598;0.673148840688;0.580403889304;0.455497382199;0.258788332087;0.0688107703815;0.0388930441286;0.00673148840688;0.00224382946896;0.00224382946896
0.00074794315632;0.0074794315632;0.0276738967838;0.104712041885;0.255796559461;0.412864622289;0.550486163052;0.661181750187;0.563201196709;0.723261032162;0.67688855647;0.573672400898;0.344053851907;0.25205684368;0.143605086013;0.0433807030666;0.00897531787584;0.00299177262528;0.00224382946896
0.00149588631264;0.00149588631264;0.0261780104712;0.103964098728;0.254300673149;0.409872849663;0.544502617801;0.643231114435;0.703066566941;0.706058339566;0.669409124907;0.576664173523;0.452505609574;0.297681376215;0.148092744951;0.0403889304413;0.00822737471952;0.00224382946896;0.00149588631264
0.00074794315632;0.00673148840688;0.0239341810022;0.103216155572;0.25804038893;0.417352281227;0.56095736724;0.661929693343;0.722513089005;0.732236350037;0.693343305909;0.606581899776;0.479431563201;0.32311144353;0.157068062827;0.035153328347;0.00822737471952;0.00149588631264;0.00074794315632
0.0;0.00598354525056;0.0216903515333;0.103216155572;0.263275991025;0.423335826477;0.560209424084;0.660433807031;0.718025430067;0.731488406881;0.692595362752;0.608825729245;0.48167539267;0.32311144353;0.157068062827;0.0366492146597;0.00822737471952;0.00149588631264;0.00149588631264
0.00074794315632;0.00598354525056;0.0239341810022;0.104712041885;0.264023934181;0.426327599102;0.566940912491;0.66866118175;0.710545998504;0.730740463725;0.692595362752;0.606581899776;0.479431563201;0.320119670905;0.157816005984;0.0381451009723;0.00897531787584;0.00224382946896;0.00149588631264
0.00074794315632;0.0074794315632;0.0246821241586;0.102468212416;0.255048616305;0.414360508601;0.549738219895;0.646970830217;0.714285714286;0.723261032162;0.681376215408;0.596858638743;0.471204188482;0.317875841436;0.156320119671;0.0433807030666;0.0112191473448;0.00299177262528;0.00224382946896
0.00074794315632;0.0074794315632;0.0291697830965;0.103964098728;0.250560957367;0.407629020194;0.544502617801;0.642483171279;0.699326851159;0.706058339566;0.671652954375;0.587135377711;0.466716529544;0.314136125654;0.152580403889;0.0463724756918;0.0104712041885;0.00299177262528;0.00149588631264
0.00149588631264;0.00149588631264;0.0306656694091;0.103964098728;0.250560957367;0.408376963351;0.545998504114;0.653702318624;0.579655946148;0.53851907255;0.670157068063;0.174270755423;0.275243081526;0.106955871354;0.0680628272251;0.0314136125654;0.00822737471952;0.00299177262528;0.00224382946896
0.00149588631264;0.00149588631264;0.0284218399402;0.10172026926;0.246821241586;0.404637247569;0.54674644727;0.656694091249;0.713537771129;0.682124158564;0.674644727001;0.631264023934;0.213163799551;0.154824233358;0.118922961855;0.0650710545999;0.0112191473448;0.00299177262528;0.00224382946896
0.00074794315632;0.00598354525056;0.0299177262528;0.100972326103;0.245325355273;0.395661929693;0.527299925206;0.640987284966;0.70531039641;0.708302169035;0.676140613313;0.584143605086;0.464472700075;0.267015706806;0.0643231114435;0.0426327599102;0.0119670905011;0.00224382946896;0.00149588631264
0.00074794315632;0.00149588631264;0.0276738967838;0.100972326103;0.25205684368;0.408376963351;0.553477935677;0.656694091249;0.713537771129;0.732236350037;0.69109947644;0.286462228871;0.178758414361;0.311892296185;0.160059835453;0.0448765893792;0.00673148840688;0.00224382946896;0.00149588631264
0.00149588631264;0.00149588631264;0.0329094988781;0.100972326103;0.245325355273;0.403889304413;0.548990276739;0.652954375467;0.716529543755;0.737471952132;0.675392670157;0.270755422588;0.0979805534779;0.0598354525056;0.0658189977562;0.0411368735976;0.00822737471952;0.00224382946896;0.00149588631264
0.00149588631264;0.00224382946896;0.0246821241586;0.100224382947;0.253552729993;0.411368735976;0.545998504114;0.58339566193;0.706806282723;0.722513089005;0.685863874346;0.590875093493;0.464472700075;0.307404637248;0.145100972326;0.0418848167539;0.00822737471952;0.00224382946896;0.00149588631264
0.00074794315632;0.00149588631264;0.0276738967838;0.100224382947;0.25205684368;0.41660433807;0.562453253553;0.667165295438;0.729244577412;0.735976065819;0.69109947644;0.608077786088;0.483919222139;0.329842931937;0.15856394914;0.0426327599102;0.00972326103216;0.00299177262528;0.00149588631264
0.00074794315632;0.00523560209424;0.0299177262528;0.103216155572;0.253552729993;0.411368735976;0.543754674645;0.64846671653;0.710545998504;0.725504861631;0.68287210172;0.590127150337;0.459985041137;0.299177262528;0.147344801795;0.0493642483171;0.00448765893792;0.00299177262528;0.00299177262528
0.00149588631264;0.00224382946896;0.0329094988781;0.103216155572;0.244577412117;0.383694839192;0.536275243082;0.644727000748;0.706806282723;0.724756918474;0.699326851159;0.606581899776;0.474195961107;0.311144353029;0.153328347046;0.0418848167539;0.00972326103216;0.00299177262528;0.00224382946896
0.00149588631264;0.00149588631264;0.0269259536275;0.100972326103;0.253552729993;0.414360508601;0.557217651458;0.655946148093;0.731488406881;0.738967838444;0.68287210172;0.600598354525;0.500373971578;0.284966342558;0.133133881825;0.0448765893792;0.0104712041885;0.0037397157816;0.00224382946896
0.00074794315632;0.00448765893792;0.0269259536275;0.100972326103;0.25804038893;0.418100224383;0.544502617801;0.694091249065;0.29468960359;0.327599102468;0.241585639491;0.306656694091;0.148840688108;0.193717277487;0.157816005984;0.0388930441286;0.00822737471952;0.00224382946896;0.00224382946896
0.00074794315632;0.00149588631264;0.0216903515333;0.0972326103216;0.256544502618;0.419596110696;0.56095736724;0.664921465969;0.73373223635;0.738219895288;0.69708302169;0.483171278983;0.323859386687;0.125654450262;0.121166791324;0.0441286462229;0.00897531787584;0.00299177262528;0.00224382946896
0.00074794315632;0.00149588631264;0.0216903515333;0.095736724009;0.257292445774;0.424083769634;0.56918474196;0.675392670157;0.734480179506;0.744951383695;0.704562453254;0.61780104712;0.477187733732;0.31712789828;0.151084517577;0.0418848167539;0.00972326103216;0.0037397157816;0.00299177262528
0.00149588631264;0.00224382946896;0.0291697830965;0.10172026926;0.25205684368;0.417352281227;0.561705310396;0.666417352281;0.724756918474;0.727748691099;0.679132385939;0.581151832461;0.45325355273;0.307404637248;0.155572176515;0.0418848167539;0.00972326103216;0.0037397157816;0.00299177262528
0.00149588631264;0.00149588631264;0.0216903515333;0.058339566193;0.25804038893;0.424083769634;0.559461480927;0.66866118175;0.514584891548;0.535527299925;0.585639491399;0.50411368736;0.472700074794;0.315632011967;0.151084517577;0.035153328347;0.00598354525056;0.00149588631264;0.00149588631264
0.00074794315632;0.00149588631264;0.0246821241586;0.0964846671653;0.254300673149;0.420344053852;0.559461480927;0.665669409125;0.724008975318;0.728496634256;0.685115931189;0.599850411369;0.472700074794;0.313388182498;0.151084517577;0.035153328347;0.00598354525056;0.00149588631264;0.00149588631264
0.00074794315632;0.00074794315632;0.0201944652206;0.0860134629768;0.240837696335;0.404637247569;0.551982049364;0.661929693343;0.726252804787;0.740463724757;0.703814510097;0.619296933433;0.494390426328;0.332834704562;0.163799551234;0.0366492146597;0.00673148840688;0.00149588631264;0.00074794315632
0.00074794315632;0.00074794315632;0.020942408377;0.0860134629768;0.242333582648;0.407629020194;0.553477935677;0.661181750187;0.728496634256;0.74195961107;0.70531039641;0.61780104712;0.484667165295;0.326103216156;0.159311892296;0.0381451009723;0.00822737471952;0.00299177262528;0.00149588631264
0.00149588631264;0.00149588631264;0.0201944652206;0.0882572924458;0.246073298429;0.412116679132;0.557217651458;0.6626776365;0.731488406881;0.73373223635;0.690351533283;0.599850411369;0.472700074794;0.314884068811;0.154076290202;0.0403889304413;0.00897531787584;0.00299177262528;0.00224382946896
0.00224382946896;0.00149588631264;0.0254300673149;0.0964846671653;0.246073298429;0.415856394914;0.553477935677;0.673148840688;0.735228122663;0.73373223635;0.69109947644;0.601346297681;0.46148092745;0.298429319372;0.149588631264;0.0426327599102;0.00822737471952;0.0037397157816;0.00299177262528
0.00149588631264;0.00149588631264;0.0306656694091;0.0845175766642;0.214659685864;0.357516828721;0.514584891548;0.656694091249;0.631264023934;0.759162303665;0.516828721017;0.42483171279;0.168287210172;0.0942408376963;0.0463724756918;0.0119670905011;0.00224382946896;0.00149588631264;0.00149588631264
0.0;0.0;0.0;0.0291697830965;0.0448765893792;0.0927449513837;0.15856394914;0.311144353029;0.563201196709;0.401645474944;0.204188481675;0.287958115183;0.219147344802;0.11593118923;0.104712041885;0.0418848167539;0.0037397157816;0.00149588631264;0.00149588631264
0.00074794315632;0.00074794315632;0.0246821241586;0.020942408377;0.020942408377;0.0336574420344;0.17277486911;0.276738967838;0.255048616305;0.578160059835;0.535527299925;0.474195961107;0.157068062827;0.0411368735976;0.016454749439;0.00972326103216;0.00224382946896;0.00074794315632;0.00074794315632
0.00074794315632;0.00074794315632;0.0291697830965;0.0590875093493;0.213163799551;0.449513836948;0.178010471204;0.249065071055;0.335826477188;0.445774121167;0.537023186238;0.261780104712;0.147344801795;0.188481675393;0.09349289454;0.037397157816;0.00448765893792;0.00149588631264;0.00074794315632
0.00074794315632;0.00074794315632;0.020942408377;0.0837696335079;0.231114435303;0.391174270755;0.528795811518;0.652954375467;0.598354525056;0.575916230366;0.449513836948;0.0;0.0;0.0;0.0;0.0;0.0;0.0;0.0
0.0;0.0;0.0;0.0;0.0;0.0;0.0;0.0;0.0;0.0;0.0;0.441286462229;0.472700074794;0.316379955123;0.148840688108;0.0314136125654;0.00523560209424;0.00149588631264;0.00149588631264
0.00149588631264;0.00149588631264;0.0216903515333;0.0815258040389;0.237097980553;0.401645474944;0.543006731488;0.653702318624;0.718773373224;0.730740463725;0.696335078534;0.605833956619;0.474943904263;0.311892296185;0.143605086013;0.039640987285;0.00598354525056;0.00224382946896;0.00149588631264
0.00074794315632;0.00149588631264;0.0291697830965;0.0875093492895;0.218399401645;0.375467464473;0.515332834705;0.620792819746;0.677636499626;0.700822737472;0.665669409125;0.569932685116;0.443530291698;0.293193717277;0.142109199701;0.0433807030666;0.0074794315632;0.0037397157816;0.00299177262528
0.00224382946896;0.00224382946896;0.0231862378459;0.0807778608826;0.232610321616;0.397905759162;0.539267015707;0.652954375467;0.718025430067;0.735228122663;0.694839192221;0.612565445026;0.482423335826;0.320867614061;0.149588631264;0.0314136125654;0.00523560209424;0.00224382946896;0.00149588631264
0.00149588631264;0.00149588631264;0.0194465220643;0.0777860882573;0.234854151085;0.400149588631;0.542258788332;0.651458489155;0.717277486911;0.729992520568;0.692595362752;0.602094240838;0.466716529544;0.309648466717;0.143605086013;0.0306656694091;0.00523560209424;0.00224382946896;0.00149588631264
0.00149588631264;0.00149588631264;0.0231862378459;0.0792819745699;0.221391174271;0.382946896036;0.53851907255;0.673148840688;0.704562453254;0.71129394166;0.670905011219;0.587135377711;0.457741211668;0.30291697831;0.139117427076;0.0314136125654;0.00448765893792;0.00224382946896;0.00149588631264
0.00074794315632;0.00149588631264;0.020942408377;0.0785340314136;0.231862378459;0.400149588631;0.541510845176;0.649962602842;0.716529543755;0.729244577412;0.685863874346;0.593118922962;0.455497382199;0.309648466717;0.142857142857;0.0299177262528;0.00523560209424;0.00224382946896;0.00149588631264
0.00149588631264;0.00074794315632;0.0201944652206;0.0762902019447;0.228870605834;0.395661929693;0.540762902019;0.649214659686;0.712789827973;0.717277486911;0.688107703815;0.585639491399;0.454749439043;0.30291697831;0.15033657442;0.0471204188482;0.00598354525056;0.00299177262528;0.00224382946896
0.00074794315632;0.00074794315632;0.0194465220643;0.0755422587883;0.228122662678;0.39640987285;0.543754674645;0.652954375467;0.727000747943;0.740463724757;0.554225878833;0.584143605086;0.451009723261;0.290949887809;0.133881824981;0.0314136125654;0.00598354525056;0.00299177262528;0.00224382946896
0.00149588631264;0.00149588631264;0.0224382946896;0.0800299177263;0.225878833209;0.391174270755;0.535527299925;0.641735228123;0.69708302169;0.707554225879;0.664921465969;0.572924457741;0.443530291698;0.284218399402;0.128646222887;0.0336574420344;0.00523560209424;0.00299177262528;0.00224382946896
0.00149588631264;0.00149588631264;0.0261780104712;0.0837696335079;0.216903515333;0.375467464473;0.523560209424;0.634255796559;0.700074794316;0.718025430067;0.676140613313;0.578908002992;0.442782348542;0.276738967838;0.124906507105;0.0366492146597;0.00673148840688;0.0037397157816;0.00299177262528
0.00149588631264;0.00149588631264;0.0231862378459;0.0800299177263;0.210172026926;0.370979805535;0.51832460733;0.629768137622;0.69109947644;0.700074794316;0.657442034405;0.567688855647;0.435302916978;0.277486910995;0.125654450262;0.0336574420344;0.00448765893792;0.00299177262528;0.00224382946896
0.00149588631264;0.00149588631264;0.0261780104712;0.077038145101;0.216903515333;0.382946896036;0.539267015707;0.658937920718;0.725504861631;0.740463724757;0.694091249065;0.602842183994;0.473448017951;0.30890052356;0.137621540763;0.0269259536275;0.00448765893792;0.00224382946896;0.00149588631264
0.00149588631264;0.00149588631264;0.0201944652206;0.0755422587883;0.22961854899;0.400897531788;0.548990276739;0.65445026178;0.540762902019;0.725504861631;0.685115931189;0.595362752431;0.465220643231;0.302169035153;0.132385938669;0.0246821241586;0.0037397157816;0.00224382946896;0.00149588631264
0.00149588631264;0.00149588631264;0.0194465220643;0.0710545998504;0.221391174271;0.382946896036;0.528795811518;0.636499626028;0.694091249065;0.712041884817;0.679880329095;0.590875093493;0.456993268512;0.300673148841;0.123410620793;0.020942408377;0.00224382946896;0.00149588631264;0.00149588631264
0.00149588631264;0.00149588631264;0.0149588631264;0.0531039640987;0.236350037397;0.394166043381;0.335078534031;0.216155572177;0.218399401645;0.160807778609;0.71952131638;0.593118922962;0.442782348542;0.279730740464;0.12191473448;0.0246821241586;0.00224382946896;0.00149588631264;0.00074794315632
0.00074794315632;0.00074794315632;0.0201944652206;0.0710545998504;0.21540762902;0.395661929693;0.473448017951;0.556469708302;0.732984293194;0.735976065819;0.693343305909;0.600598354525;0.465968586387;0.299177262528;0.126402393418;0.020942408377;0.00224382946896;0.00149588631264;0.00149588631264
0.00074794315632;0.00074794315632;0.035153328347;0.109947643979;0.1952131638;0.0635751682872;0.0703066566941;0.384442782349;0.504861630516;0.534031413613;0.715781600598;0.531039640987;0.272999252057;0.251308900524;0.0964846671653;0.0216903515333;0.00224382946896;0.00149588631264;0.00149588631264
0.00149588631264;0.00074794315632;0.0224382946896;0.0710545998504;0.174270755423;0.334330590875;0.47569184742;0.676140613313;0.750186985789;0.501121914734;0.608077786088;0.308152580404;0.28870605834;0.175018698579;0.106207928197;0.0291697830965;0.00299177262528;0.00149588631264;0.00149588631264
0.00074794315632;0.00074794315632;0.018698578908;0.0688107703815;0.217651458489;0.385938668661;0.533283470456;0.643231114435;0.707554225879;0.718773373224;0.6626776365;0.581151832461;0.441286462229;0.275991024682;0.123410620793;0.0224382946896;0.0037397157816;0.00224382946896;0.00149588631264
0.00149588631264;0.00149588631264;0.0201944652206;0.0673148840688;0.212415856395;0.378459237098;0.526551982049;0.636499626028;0.696335078534;0.715033657442;0.667913238594;0.571428571429;0.434554973822;0.274495138369;0.109947643979;0.0201944652206;0.0037397157816;0.00299177262528;0.00224382946896
0.00149588631264;0.00149588631264;0.0194465220643;0.0725504861631;0.225878833209;0.378459237098;0.526551982049;0.637247569185;0.701570680628;0.713537771129;0.676140613313;0.58339566193;0.448765893792;0.284218399402;0.116679132386;0.0194465220643;0.00299177262528;0.00149588631264;0.00149588631264
0.00074794315632;0.00074794315632;0.018698578908;0.0673148840688;0.210919970082;0.380703066567;0.528795811518;0.641735228123;0.70531039641;0.717277486911;0.673148840688;0.582647718773;0.444278234854;0.278234854151;0.111443530292;0.018698578908;0.00224382946896;0.00149588631264;0.00149588631264
0.00074794315632;0.00074794315632;0.0179506357517;0.0665669409125;0.210172026926;0.380703066567;0.526551982049;0.635003739716;0.695587135378;0.710545998504;0.666417352281;0.572176514585;0.438294689604;0.272999252057;0.111443530292;0.018698578908;0.00299177262528;0.00149588631264;0.00149588631264
0.00074794315632;0.00074794315632;0.0172026925954;0.0471204188482;0.214659685864;0.384442782349;0.528047868362;0.643979057592;0.706806282723;0.715781600598;0.671652954375;0.578160059835;0.440538519073;0.276738967838;0.109947643979;0.018698578908;0.00299177262528;0.00149588631264;0.00149588631264
0.00074794315632;0.00074794315632;0.016454749439;0.0628272251309;0.212415856395;0.385190725505;0.531787584144;0.643979057592;0.702318623785;0.685863874346;0.652206432311;0.558713537771;0.43081525804;0.275243081526;0.110695587135;0.0172026925954;0.00224382946896;0.00149588631264;0.00149588631264
0.00074794315632;0.00074794315632;0.0119670905011;0.0650710545999;0.207928197457;0.377711293942;0.528795811518;0.638743455497;0.703814510097;0.707554225879;0.660433807031;0.561705310396;0.418848167539;0.258788332087;0.102468212416;0.0172026925954;0.00299177262528;0.00224382946896;0.00224382946896
0.00149588631264;0.00149588631264;0.0119670905011;0.0643231114435;0.219147344802;0.393418100224;0.544502617801;0.6626776365;0.724008975318;0.737471952132;0.692595362752;0.596110695587;0.456245325355;0.285714285714;0.113687359761;0.0179506357517;0.0037397157816;0.00299177262528;0.00224382946896
0.00149588631264;0.00149588631264;0.0112191473448;0.0643231114435;0.217651458489;0.391922213912;0.548242333583;0.667913238594;0.732984293194;0.744951383695;0.699326851159;0.600598354525;0.45325355273;0.270007479432;0.103216155572;0.016454749439;0.0037397157816;0.00299177262528;0.00224382946896
0.00149588631264;0.00149588631264;0.0112191473448;0.0650710545999;0.218399401645;0.395661929693;0.548990276739;0.664173522812;0.729244577412;0.738967838444;0.689603590127;0.573672400898;0.427823485415;0.261032161556;0.0979805534779;0.0149588631264;0.00299177262528;0.00224382946896;0.00149588631264
0.00149588631264;0.00149588631264;0.0104712041885;0.0628272251309;0.160059835453;0.400897531788;0.557965594615;0.498130142109;0.724756918474;0.721017202693;0.664173522812;0.557217651458;0.217651458489;0.178010471204;0.0620792819746;0.00673148840688;0.00149588631264;0.00149588631264;0.00149588631264
0.00149588631264;0.00149588631264;0.00972326103216;0.0635751682872;0.213163799551;0.358264771877;0.560209424084;0.573672400898;0.614061331339;0.685115931189;0.699326851159;0.588631264024;0.448765893792;0.276738967838;0.100972326103;0.0104712041885;0.00149588631264;0.00074794315632;0.00074794315632
0.00074794315632;0.00074794315632;0.00897531787584;0.0336574420344;0.217651458489;0.39640987285;0.544502617801;0.663425579656;0.722513089005;0.735976065819;0.691847419596;0.592370979806;0.449513836948;0.277486910995;0.0987284966343;0.0104712041885;0.00149588631264;0.00074794315632;0.00074794315632
0.0;0.0;0.00822737471952;0.0590875093493;0.220643231114;0.399401645475;0.553477935677;0.663425579656;0.725504861631;0.73373223635;0.690351533283;0.587883320868;0.442782348542;0.272251308901;0.095736724009;0.0104712041885;0.00149588631264;0.00149588631264;0.00074794315632
0.00074794315632;0.00074794315632;0.00822737471952;0.058339566193;0.214659685864;0.391922213912;0.544502617801;0.656694091249;0.718773373224;0.722513089005;0.67688855647;0.579655946148;0.436050860135;0.263275991025;0.0919970082274;0.00972326103216;0.00224382946896;0.00149588631264;0.00149588631264
0.00149588631264;0.00149588631264;0.00822737471952;0.0575916230366;0.211667913239;0.383694839192;0.5325355273;0.642483171279;0.709050112191;0.712789827973;0.658189977562;0.555721765146;0.408376963351;0.24382946896;0.0860134629768;0.0104712041885;0.00224382946896;0.00224382946896;0.00149588631264
0.00074794315632;0.00074794315632;0.00897531787584;0.0605833956619;0.207180254301;0.366492146597;0.523560209424;0.542258788332;0.455497382199;0.421839940165;0.292445774121;0.140613313388;0.0359012715034;0.0179506357517;0.00822737471952;0.00299177262528;0.00074794315632;0.00074794315632;0.00074794315632
0.00074794315632;0.00074794315632;0.00074794315632;0.056095736724;0.139865370232;0.206432311144;0.549738219895;0.619296933433;0.69708302169;0.725504861631;0.406133133882;0.159311892296;0.0;0.0;0.0;0.0;0.0;0.0;0.0
0.0;0.0;0.0;0.0;0.0919970082274;0.131637995512;0.311892296185;0.304412864622;0.418848167539;0.327599102468;0.360508601346;0.304412864622;0.307404637248;0.179506357517;0.0665669409125;0.00822737471952;0.00149588631264;0.00149588631264;0.00149588631264
0.00074794315632;0.00074794315632;0.00523560209424;0.0471204188482;0.0807778608826;0.291697830965;0.553477935677;0.473448017951;0.605086013463;0.727748691099;0.551982049364;0.527299925206;0.0987284966343;0.0732984293194;0.0291697830965;0.0037397157816;0.00149588631264;0.00149588631264;0.00149588631264
0.00074794315632;0.00074794315632;0.00523560209424;0.0553477935677;0.219895287958;0.433059087509;0.502617801047;0.673896783844;0.454749439043;0.428571428571;0.424083769634;0.131637995512;0.0777860882573;0.0359012715034;0.0314136125654;0.00523560209424;0.00149588631264;0.00074794315632;0.00149588631264
0.00074794315632;0.00074794315632;0.0112191473448;0.056095736724;0.216155572177;0.258788332087;0.380703066567;0.571428571429;0.551982049364;0.226626776365;0.17277486911;0.116679132386;0.192969334331;0.133133881825;0.0388930441286;0.0037397157816;0.00074794315632;0.00074794315632;0.00074794315632
0.00074794315632;0.00074794315632;0.00598354525056;0.056095736724;0.186237845924;0.355272999252;0.341062079282;0.374719521316;0.495138369484;0.683620044877;0.450261780105;0.392670157068;0.407629020194;0.216155572177;0.0635751682872;0.00523560209424;0.00149588631264;0.00074794315632;0.00074794315632
0.00074794315632;0.00074794315632;0.00448765893792;0.0553477935677;0.214659685864;0.371727748691;0.0;0.651458489155;0.709050112191;0.71129394166;0.659685863874;0.557217651458;0.408376963351;0.234106207928;0.0688107703815;0.00448765893792;0.00074794315632;0.00074794315632;0.00074794315632
0.0;0.00074794315632;0.0037397157816;0.053851907255;0.213163799551;0.390426327599;0.543006731488;0.649214659686;0.706058339566;0.712789827973;0.664921465969;0.487658937921;0.189977561705;0.231862378459;0.0822737471952;0.00523560209424;0.00149588631264;0.00074794315632;0.00074794315632
0.00074794315632;0.0;0.00448765893792;0.0456245325355;0.1952131638;0.341062079282;0.526551982049;0.641735228123;0.700822737472;0.697830964847;0.642483171279;0.534031413613;0.373223635004;0.190725504862;0.0411368735976;0.00299177262528;0.00149588631264;0.00074794315632;0.00074794315632
0.00074794315632;0.00074794315632;0.00074794315632;0.0531039640987;0.199700822737;0.373223635004;0.523560209424;0.635751682872;0.693343305909;0.679880329095;0.519820493642;0.540014958863;0.38818249813;0.207180254301;0.037397157816;0.00299177262528;0.00074794315632;0.00149588631264;0.00074794315632
0.0755422587883;0.584891548242;0.0740463724757;0.0516080777861;0.00149588631264;0.00299177262528;0.00149588631264;0.00149588631264;0.697830964847;0.625280478684;0.00074794315632;0.0;0.0037397157816;0.0463724756918;0.182498130142;0.353029169783;0.513089005236;0.622288706058;0.671652954375
0.00074794315632;0.00074794315632;0.00523560209424;0.174270755423;0.0523560209424;0.257292445774;0.398653702319;0.355272999252;0.216903515333;0.149588631264;0.297681376215;0.0755422587883;0.00149588631264;0.0418848167539;0.056095736724;0.00074794315632;0.00074794315632;0.0291697830965;0.00074794315632
0.32311144353;0.00074794315632;0.00074794315632;0.0172026925954;0.00074794315632;0.682124158564;0.0658189977562;0.321615557218;0.539267015707;0.13612565445;0.390426327599;0.64846671653;0.153328347046;0.172026925954;0.0284218399402;0.00149588631264;0.00074794315632;0.00074794315632;0.00074794315632
0.540762902019;0.533283470456;0.0;0.0;0.00074794315632;0.0314136125654;0.0837696335079;0.356768885565;0.0905011219147;0.372475691847;0.66866118175;0.486910994764;0.513089005236;0.183994016455;0.0545998504114;0.00074794315632;0.00149588631264;0.00074794315632;0.00074794315632
0.00074794315632;0.00074794315632;0.344053851907;0.00074794315632;0.199700822737;0.0463724756918;0.336574420344;0.407629020194;0.455497382199;0.00149588631264;0.625280478684;0.526551982049;0.454749439043;0.184741959611;0.316379955123;0.0478683620045;0.00074794315632;0.00074794315632;0.00074794315632
0.534779356769;0.0;0.0;0.0478683620045;0.0;0.200448765894;0.375467464473;0.526551982049;0.633507853403;0.693343305909;0.510845175767;0.717277486911;0.0441286462229;0.361256544503;0.195961106956;0.00224382946896;0.00074794315632;0.00074794315632;0.00074794315632
0.139117427076;0.415856394914;0.0;0.0;0.0;0.0463724756918;0.267763649963;0.208676140613;0.196709050112;0.448765893792;0.300673148841;0.20119670905;0.37397157816;0.387434554974;0.00074794315632;0.0411368735976;0.00149588631264;0.00074794315632;0.00074794315632
0.00149588631264;0.00074794315632;0.00074794315632;0.00448765893792;0.178010471204;0.0531039640987;0.629768137622;0.362752430815;0.493642483171;0.486163051608;0.00224382946896;0.406133133882;0.560209424084;0.436050860135;0.0845175766642;0.193717277487;0.0194465220643;0.00074794315632;0.00074794315632
0.264771877337;0.020942408377;0.00074794315632;0.00074794315632;0.00074794315632;0.106955871354;0.335078534031;0.322363500374;0.353029169783;0.490650710546;0.438294689604;0.359012715034;0.394166043381;0.186237845924;0.0418848167539;0.00149588631264;0.0;0.00074794315632;0.0
0.647718773373;0.53851907255;0.0;0.0;0.0;0.385938668661;0.0471204188482;0.205684367988;0.70531039641;0.706806282723;0.650710545999;0.540014958863;0.386686611818;0.0418848167539;0.204188481675;0.0;0.00074794315632;0.0;0.0
0.00074794315632;0.0;0.0;0.0;0.198204936425;0.0456245325355;0.689603590127;0.377711293942;0.525056095737;0.631264023934;0.690351533283;0.516828721017;0.631264023934;0.00149588631264;0.177262528048;0.357516828721;0.0344053851907;0.00074794315632;0.00074794315632
0.0426327599102;0.0;0.00074794315632;0.00074794315632;0.166791323859;0.347045624533;0.498878085266;0.665669409125;0.604338070307;0.605086013463;0.665669409125;0.491398653702;0.341810022438;0.169035153328;0.00149588631264;0.0306656694091;0.00074794315632;0.00149588631264;0.00074794315632
0.523560209424;0.00074794315632;0.00074794315632;0.00074794315632;0.0418848167539;0.367240089753;0.181002243829;0.117427075542;0.666417352281;0.626776364996;0.674644727001;0.613313388182;0.12191473448;0.415108451758;0.0284218399402;0.00224382946896;0.00149588631264;0.00149588631264;0.00149588631264
0.00074794315632;0.00074794315632;0.174270755423;0.00149588631264;0.0964846671653;0.0650710545999;0.145100972326;0.466716529544;0.365744203441;0.00149588631264;0.166791323859;0.15856394914;0.305908750935;0.214659685864;0.211667913239;0.0261780104712;0.00149588631264;0.00074794315632;0.00074794315632
0.0261780104712;0.00074794315632;0.00074794315632;0.00074794315632;0.344801795064;0.12191473448;0.193717277487;0.353777112939;0.390426327599;0.362004487659;0.51009723261;0.456993268512;0.30291697831;0.123410620793;0.00224382946896;0.0142109199701;0.00074794315632;0.00149588631264;0.00074794315632
0.411368735976;0.00074794315632;0.00074794315632;0.0359012715034;0.00074794315632;0.169783096485;0.0553477935677;0.673148840688;0.670905011219;0.71952131638;0.611069558714;0.198952879581;0.428571428571;0.00149588631264;0.0418848167539;0.240089753179;0.00224382946896;0.00149588631264;0.00149588631264
0.00074794315632;0.00074794315632;0.00074794315632;0.0388930441286;0.15033657442;0.314136125654;0.471952131638;0.353777112939;0.00299177262528;0.659685863874;0.376215407629;0.454001495886;0.483919222139;0.240837696335;0.134629768138;0.0254300673149;0.00224382946896;0.00149588631264;0.00149588631264
0.0478683620045;0.00149588631264;0.00149588631264;0.00149588631264;0.174270755423;0.507105459985;0.353777112939;0.585639491399;0.672400897532;0.617053103964;0.633507853403;0.00149588631264;0.49588631264;0.0732984293194;0.234106207928;0.00299177262528;0.020942408377;0.00224382946896;0.00224382946896
0.21540762902;0.00074794315632;0.00074794315632;0.10770381451;0.0441286462229;0.00149588631264;0.0471204188482;0.302169035153;0.64023934181;0.573672400898;0.632011967091;0.311892296185;0.409872849663;0.0994764397906;0.00822737471952;0.00149588631264;0.00149588631264;0.00149588631264;0.00074794315632
0.00149588631264;0.00149588631264;0.00224382946896;0.483171278983;0.0777860882573;0.00149588631264;0.0336574420344;0.0882572924458;0.344801795064;0.151084517577;0.584143605086;0.445774121167;0.267015706806;0.346297681376;0.13612565445;0.016454749439;0.00074794315632;0.00149588631264;0.00149588631264
0.0306656694091;0.00074794315632;0.00074794315632;0.00074794315632;0.501869857891;0.126402393418;0.353777112939;0.352281226627;0.602094240838;0.573672400898;0.175018698579;0.290201944652;0.0291697830965;0.15856394914;0.00074794315632;0.00972326103216;0.00074794315632;0.00074794315632;0.00074794315632
0.386686611818;0.505609573672;0.348541510845;0.0;0.0;0.0418848167539;0.0;0.177262528048;0.362004487659;0.240089753179;0.438294689604;0.290949887809;0.35153328347;0.14435302917;0.0194465220643;0.00074794315632;0.00074794315632;0.00074794315632;0.00074794315632
0.148092744951;0.477935676889;0.0;0.323859386687;0.00074794315632;0.0;0.00074794315632;0.00074794315632;0.182498130142;0.0;0.0441286462229;0.35976065819;0.612565445026;0.506357516829;0.00074794315632;0.016454749439;0.663425579656;0.664173522812;0.605833956619
0.0;0.0;0.0;0.0426327599102;0.178010471204;0.322363500374;0.353777112939;0.50411368736;0.687359760658;0.480927449514;0.484667165295;0.595362752431;0.6626776365;0.00074794315632;0.145100972326;0.0157068062827;0.00074794315632;0.00074794315632;0.0
0.0;0.31712789828;0.0;0.0;0.0441286462229;0.178758414361;0.50411368736;0.356020942408;0.653702318624;0.658937920718;0.606581899776;0.474943904263;0.590875093493;0.00074794315632;0.140613313388;0.00074794315632;0.0142109199701;0.0;0.00074794315632
0.0665669409125;0.342557965595;0.00897531787584;0.191473448018;0.00074794315632;0.00074794315632;0.00074794315632;0.0418848167539;0.175766641735;0.50411368736;0.354525056096;0.471204188482;0.545250560957;0.575916230366;0.391922213912;0.00074794315632;0.00149588631264;0.00074794315632;0.00074794315632
0.234106207928;0.0;0.0;0.0;0.0;0.507853403141;0.204936424832;0.181750186986;0.519820493642;0.545250560957;0.149588631264;0.395661929693;0.530291697831;0.0;0.0927449513837;0.00074794315632;0.00897531787584;0.0;0.0
0.0172026925954;0.0;0.0;0.0;0.0329094988781;0.423335826477;0.100224382947;0.149588631264;0.417352281227;0.459985041137;0.567688855647;0.0231862378459;0.316379955123;0.00074794315632;0.0254300673149;0.0037397157816;0.00074794315632;0.00074794315632;0.00074794315632
0.00074794315632;0.00074794315632;0.0;0.0172026925954;0.213911742708;0.0545998504114;0.112939416604;0.486163051608;0.344053851907;0.422587883321;0.244577412117;0.147344801795;0.00074794315632;0.00074794315632;0.0867614061331;0.299177262528;0.00448765893792;0.00074794315632;0.00074794315632
0.00074794315632;0.00074794315632;0.0620792819746;0.0;0.212415856395;0.00074794315632;0.00074794315632;0.553477935677;0.0344053851907;0.41660433807;0.148840688108;0.319371727749;0.550486163052;0.528795811518;0.275243081526;0.420344053852;0.00074794315632;0.00074794315632;0.00523560209424
0.00074794315632;0.00074794315632;0.270007479432;0.153328347046;0.165295437547;0.00074794315632;0.00074794315632;0.102468212416;0.163799551234;0.0867614061331;0.0493642483171;0.12191473448;0.0456245325355;0.00673148840688;0.00074794315632;0.00074794315632;0.100224382947;0.039640987285;0.00074794315632
0.0;0.0201944652206;0.111443530292;0.0;0.0;0.00448765893792;0.309648466717;0.426327599102;0.46148092745;0.24382946896;0.131637995512;0.193717277487;0.149588631264;0.181750186986;0.0276738967838;0.00074794315632;0.00074794315632;0.00074794315632;0.00074794315632
0.284218399402;0.314136125654;0.487658937921;0.0179506357517;0.0224382946896;0.0037397157816;0.00074794315632;0.00074794315632;0.00074794315632;0.00074794315632;0.124158563949;0.412116679132;0.0;0.00074794315632;0.0224382946896;0.0;0.38818249813;0.606581899776;0.572176514585
0.00074794315632;0.00074794315632;0.00074794315632;0.00074794315632;0.273747195213;0.415856394914;0.441286462229;0.344801795064;0.255796559461;0.134629768138;0.159311892296;0.1301421092;0.0329094988781;0.0037397157816;0.176514584892;0.00074794315632;0.00074794315632;0.00074794315632;0.0508601346298
0.325355272999;0.486163051608;0.00074794315632;0.124158563949;0.109199700823;0.300673148841;0.3373223635;0.0037397157816;0.00074794315632;0.0;0.00074794315632;0.00074794315632;0.344801795064;0.0;0.0134629768138;0.169035153328;0.00074794315632;0.290949887809;0.568436798803
0.0987284966343;0.499626028422;0.353029169783;0.602842183994;0.422587883321;0.14435302917;0.281974569933;0.00074794315632;0.0;0.0;0.0;0.545250560957;0.643231114435;0.0;0.0;0.0344053851907;0.0;0.00523560209424;0.655198204936
0.10770381451;0.0;0.168287210172;0.451757666417;0.0;0.0;0.0;0.0314136125654;0.497382198953;0.649962602842;0.347793567689;0.600598354525;0.00074794315632;0.637247569185;0.0;0.292445774121;0.570680628272;0.00299177262528;0.00074794315632
0.0;0.0;0.307404637248;0.642483171279;0.445774121167;0.564697083022;0.632759910247;0.287958115183;0.156320119671;0.0;0.0239341810022;0.103216155572;0.0;0.0;0.00074794315632;0.0;0.00299177262528;0.596110695587;0.376963350785
0.0;0.156320119671;0.0;0.0;0.154824233358;0.261780104712;0.472700074794;0.628272251309;0.0919970082274;0.632011967091;0.558713537771;0.442034405385;0.272251308901;0.00074794315632;0.00224382946896;0.00074794315632;0.0;0.0;0.037397157816
0.0;0.578160059835;0.437546746447;0.00074794315632;0.614809274495;0.272251308901;0.037397157816;0.0;0.0;0.00224382946896;0.0;0.0;0.156320119671;0.62602842184;0.33133881825;0.478683620045;0.55497382199;0.0882572924458;0.00074794315632
0.0;0.0;0.326851159312;0.420344053852;0.471204188482;0.00074794315632;0.610321615557;0.0718025430067;0.633507853403;0.00074794315632;0.0104712041885;0.00074794315632;0.472700074794;0.260284218399;0.146596858639;0.540014958863;0.0;0.00074794315632;0.00224382946896
0.0;0.00074794315632;0.0688107703815;0.341062079282;0.395661929693;0.235602094241;0.595362752431;0.526551982049;0.592370979806;0.0;0.535527299925;0.0127150336574;0.00074794315632;0.00074794315632;0.0635751682872;0.145848915482;0.0;0.0;0.00149588631264
0.488406881077;0.0;0.0;0.115183246073;0.0;0.0142109199701;0.278982797307;0.427075542259;0.526551982049;0.00149588631264;0.566940912491;0.555721765146;0.0486163051608;0.196709050112;0.0;0.00074794315632;0.0;0.338818249813;0.00074794315632
0.0650710545999;0.0112191473448;0.0;0.0;0.0;0.466716529544;0.0972326103216;0.520568436799;0.403141361257;0.497382198953;0.276738967838;0.385938668661;0.0433807030666;0.00149588631264;0.00074794315632;0.0;0.0;0.0;0.0224382946896
0.00074794315632;0.0441286462229;0.00074794315632;0.503365744203;0.324607329843;0.270755422588;0.0;0.00074794315632;0.00074794315632;0.0149588631264;0.28047868362;0.118175018699;0.541510845176;0.00074794315632;0.134629768138;0.459985041137;0.55497382199;0.00149588631264;0.0
0.00074794315632;0.275991024682;0.00074794315632;0.0359012715034;0.488406881077;0.0;0.0605833956619;0.00074794315632;0.00074794315632;0.00074794315632;0.0127150336574;0.0224382946896;0.00074794315632;0.0800299177263;0.00074794315632;0.195961106956;0.350037397158;0.0224382946896;0.00149588631264
0.0314136125654;0.0;0.121166791324;0.118175018699;0.123410620793;0.00074794315632;0.0;0.0;0.00074794315632;0.0;0.0;0.00673148840688;0.074794315632;0.0905011219147;0.0493642483171;0.10770381451;0.0927449513837;0.121166791324;0.00074794315632
0.0;0.0463724756918;0.327599102468;0.0;0.0;0.0261780104712;0.673896783844;0.00523560209424;0.451757666417;0.0201944652206;0.00074794315632;0.0;0.4674644727;0.0;0.103216155572;0.211667913239;0.463724756918;0.0;0.00074794315632
0.619296933433;0.142857142857;0.0;0.606581899776;0.0;0.0;0.0;0.0172026925954;0.465968586387;0.153328347046;0.0;0.0;0.568436798803;0.0388930441286;0.0;0.285714285714;0.0;0.318623784592;0.46148092745
0.0;0.117427075542;0.0246821241586;0.0964846671653;0.0;0.206432311144;0.176514584892;0.104712041885;0.10172026926;0.0;0.0;0.00224382946896;0.00448765893792;0.0508601346298;0.0;0.0;0.0321615557218;0.0;0.0
0.0;0.543006731488;0.00074794315632;0.428571428571;0.00074794315632;0.0;0.319371727749;0.0037397157816;0.411368735976;0.00074794315632;0.468212415856;0.363500373972;0.0;0.0628272251309;0.0;0.120418848168;0.130890052356;0.412864622289;0.0
0.0;0.0;0.0;0.0142109199701;0.391174270755;0.299177262528;0.00074794315632;0.543754674645;0.537771129394;0.30890052356;0.444278234854;0.204936424832;0.0;0.0;0.485415108452;0.0553477935677;0.0;0.106955871354;0.0
0.205684367988;0.00074794315632;0.0321615557218;0.0;0.0;0.0142109199701;0.138369483919;0.369483919222;0.595362752431;0.255796559461;0.0927449513837;0.00074794315632;0.00074794315632;0.0;0.397905759162;0.0;0.00074794315632;0.544502617801;0.543006731488
0.00074794315632;0.200448765894;0.236350037397;0.00074794315632;0.330590875093;0.212415856395;0.353029169783;0.0590875093493;0.0;0.0;0.0605833956619;0.0037397157816;0.191473448018;0.00074794315632;0.016454749439;0.00074794315632;0.0;0.131637995512;0.0
0.0643231114435;0.00074794315632;0.0979805534779;0.00074794315632;0.00074794315632;0.0291697830965;0.0359012715034;0.0994764397906;0.00074794315632;0.00149588631264;0.105459985041;0.0718025430067;0.10770381451;0.0807778608826;0.0216903515333;0.00074794315632;0.00074794315632;0.00074794315632;0.00598354525056
0.0;0.118922961855;0.00074794315632;0.152580403889;0.0142109199701;0.35976065819;0.246821241586;0.00673148840688;0.0;0.00074794315632;0.0;0.0800299177263;0.412864622289;0.473448017951;0.219895287958;0.380703066567;0.0;0.00074794315632;0.0
0.00074794315632;0.0;0.0;0.130890052356;0.0;0.0;0.172026925954;0.0650710545999;0.058339566193;0.00074794315632;0.105459985041;0.205684367988;0.55497382199;0.29468960359;0.0;0.0905011219147;0.0;0.0;0.016454749439
0.0;0.0;0.293193717277;0.231114435303;0.512341062079;0.53851907255;0.394166043381;0.0;0.0;0.00523560209424;0.0;0.0;0.0;0.118922961855;0.440538519073;0.585639491399;0.576664173523;0.0411368735976;0.0
0.0;0.201944652206;0.0;0.11593118923;0.420344053852;0.486910994764;0.0426327599102;0.0;0.00673148840688;0.529543754675;0.216903515333;0.460732984293;0.53851907255;0.373223635004;0.0;0.0;0.0;0.0;0.0
0.0;0.0;0.541510845176;0.470456245325;0.15033657442;0.0463724756918;0.0;0.0;0.0;0.0;0.38219895288;0.11593118923;0.397905759162;0.261780104712;0.0;0.00598354525056;0.520568436799;0.199700822737;0.0
0.0;0.240089753179;0.189977561705;0.149588631264;0.00074794315632;0.323859386687;0.00074794315632;0.204936424832;0.10770381451;0.00074794315632;0.00074794315632;0.0688107703815;0.00448765893792;0.00074794315632;0.0;0.00074794315632;0.127150336574;0.00822737471952;0.347793567689
0.344801795064;0.00074794315632;0.00074794315632;0.00074794315632;0.00074794315632;0.22961854899;0.382946896036;0.29468960359;0.148840688108;0.00074794315632;0.258788332087;0.00074794315632;0.00074794315632;0.207180254301;0.0329094988781;0.0830216903515;0.0224382946896;0.00074794315632;0.00074794315632
0.00074794315632;0.0037397157816;0.0246821241586;0.198204936425;0.00074794315632;0.0785340314136;0.00074794315632;0.0;0.00074794315632;0.0;0.142109199701;0.00074794315632;0.128646222887;0.0231862378459;0.357516828721;0.0598354525056;0.0643231114435;0.00074794315632;0.0
0.342557965595;0.0;0.26626776365;0.0;0.0;0.0;0.0;0.214659685864;0.329842931937;0.319371727749;0.0987284966343;0.0;0.0;0.284966342558;0.0800299177263;0.0800299177263;0.00822737471952;0.0;0.0
0.0;0.0;0.0142109199701;0.0;0.00897531787584;0.0;0.0037397157816;0.0;0.0246821241586;0.0359012715034;0.0194465220643;0.0344053851907;0.0755422587883;0.0590875093493;0.0;0.0;0.0;0.00972326103216;0.0
0.0;0.0508601346298;0.0194465220643;0.00074794315632;0.0456245325355;0.0;0.0;0.0201944652206;0.0239341810022;0.0;0.0306656694091;0.056095736724;0.00448765893792;0.0;0.0;0.0;0.00897531787584;0.0;0.0112191473448
0.100224382947;0.0;0.0837696335079;0.0;0.0;0.0336574420344;0.0890052356021;0.0;0.0;0.0119670905011;0.0;0.16454749439;0.058339566193;0.00598354525056;0.00074794315632;0.0;0.0;0.0658189977562;0.0321615557218
0.00074794315632;0.0;0.0;0.0134629768138;0.0037397157816;0.0037397157816;0.0;0.0;0.0;0.0441286462229;0.0845175766642;0.095736724009;0.119670905011;0.0703066566941;0.0172026925954;0.0329094988781;0.0;0.00074794315632;0.0815258040389
0.0;0.0;0.0201944652206;0.00074794315632;0.00074794315632;0.0;0.0605833956619;0.0516080777861;0.0381451009723;0.0471204188482;0.0366492146597;0.00149588631264;0.0;0.0;0.0;0.0;0.0112191473448;0.035153328347;0.0837696335079
0.0;0.106207928197;0.0;0.0;0.0;0.0493642483171;0.183246073298;0.0448765893792;0.168287210172;0.0112191473448;0.0;0.0;0.0822737471952;0.00224382946896;0.0149588631264;0.039640987285;0.0;0.00074794315632;0.0
0.0299177262528;0.0;0.09349289454;0.0942408376963;0.123410620793;0.157068062827;0.0;0.363500373972;0.0;0.0;0.0;0.0246821241586;0.148092744951;0.00074794315632;0.00673148840688;0.018698578908;0.0;0.0;0.0
0.0;0.020942408377;0.0;0.0;0.0;0.169783096485;0.330590875093;0.197456993269;0.502617801047;0.362752430815;0.0815258040389;0.039640987285;0.00299177262528;0.379955123411;0.0;0.0;0.0;0.0;0.0
0.0246821241586;0.11593118923;0.0;0.0;0.0;0.0;0.0;0.0688107703815;0.135377711294;0.125654450262;0.00897531787584;0.159311892296;0.0890052356021;0.0994764397906;0.0;0.0;0.104712041885;0.0;0.00074794315632
0.0;0.0;0.127898279731;0.0194465220643;0.0;0.15033657442;0.278234854151;0.0;0.0;0.245325355273;0.169035153328;0.363500373972;0.0;0.299177262528;0.0;0.205684367988;0.0;0.0;0.0179506357517
0.0605833956619;0.0;0.0;0.574420344054;0.480179506358;0.0;0.0;0.217651458489;0.306656694091;0.38818249813;0.0;0.0;0.0157068062827;0.168287210172;0.0;0.0;0.0;0.35976065819;0.141361256545
0.0;0.383694839192;0.23784592371;0.486910994764;0.53851907255;0.0;0.189977561705;0.020942408377;0.0;0.470456245325;0.0665669409125;0.0;0.0;0.0;0.0;0.0;0.438294689604;0.356768885565;0.0
0.0;0.0486163051608;0.25804038893;0.0;0.0;0.00074794315632;0.15856394914;0.109199700823;0.0;0.318623784592;0.307404637248;0.228870605834;0.0;0.0;0.0695587135378;0.00673148840688;0.0;0.391922213912;0.0
0.11593118923;0.0;0.0;0.189977561705;0.0;0.00074794315632;0.0501121914734;0.0;0.0284218399402;0.0;0.0;0.0;0.114435302917;0.039640987285;0.0972326103216;0.0665669409125;0.00523560209424;0.00074794315632;0.155572176515
0.435302916978;0.103216155572;0.0;0.0;0.0;0.300673148841;0.0;0.0;0.0;0.0;0.157816005984;0.0261780104712;0.397905759162;0.0112191473448;0.293193717277;0.48167539267;0.0;0.359012715034;0.0
0.0;0.187733732236;0.240089753179;0.0;0.0;0.425579655946;0.0;0.463724756918;0.0;0.0;0.332834704562;0.501121914734;0.0762902019447;0.0732984293194;0.0;0.0;0.0037397157816;0.0;0.0224382946896
0.0852655198205;0.0;0.0;0.0;0.385938668661;0.480927449514;0.314884068811;0.391922213912;0.0;0.445774121167;0.0;0.0;0.0;0.0605833956619;0.234106207928;0.276738967838;0.00673148840688;0.0;0.0
0.0732984293194;0.0433807030666;0.0;0.0;0.0;0.48990276739;0.0;0.492146596859;0.0;0.0;0.525056095737;0.0;0.0;0.0329094988781;0.00897531787584;0.311892296185;0.358264771877;0.0;0.00299177262528
0.0;0.0;0.0718025430067;0.409124906507;0.104712041885;0.284966342558;0.159311892296;0.48990276739;0.0;0.0074794315632;0.0;0.0;0.0;0.00523560209424;0.0;0.384442782349;0.0;0.0;0.376215407629
0.0;0.0;0.0695587135378;0.168287210172;0.33133881825;0.201944652206;0.0;0.468960359013;0.0;0.0;0.365744203441;0.0;0.492894540015;0.00299177262528;0.0;0.0;0.0;0.0344053851907;0.217651458489
0.0037397157816;0.214659685864;0.0;0.0463724756918;0.0;0.0;0.0;0.0;0.0;0.0;0.0;0.0;0.231114435303;0.435302916978;0.488406881077;0.528795811518;0.362004487659;0.0246821241586;0.477935676889
0.0;0.0703066566941;0.369483919222;0.204188481675;0.174270755423;0.0;0.0;0.0;0.0;0.0;0.0246821241586;0.130890052356;0.0658189977562;0.173522812266;0.219895287958;0.477935676889;0.0;0.0;0.0
0.0;0.211667913239;0.18698578908;0.0;0.0;0.0119670905011;0.0;0.529543754675;0.477935676889;0.530291697831;0.0590875093493;0.0;0.0;0.0;0.0;0.463724756918;0.358264771877;0.353029169783;0.0
0.119670905011;0.0;0.0;0.0;0.00074794315632;0.0157068062827;0.0448765893792;0.0845175766642;0.0157068062827;0.020942408377;0.00822737471952;0.0;0.0;0.0;0.0;0.0;0.0239341810022;0.0441286462229;0.0
0.0;0.0;0.106955871354;0.0;0.0;0.0;0.0;0.0;0.0366492146597;0.0508601346298;0.16454749439;0.0471204188482;0.0284218399402;0.0;0.00074794315632;0.0;0.00897531787584;0.037397157816;0.00074794315632
0.074794315632;0.471952131638;0.0531039640987;0.202692595363;0.0;0.0;0.522812266268;0.0;0.0;0.0;0.0448765893792;0.00673148840688;0.0;0.356768885565;0.457741211668;0.525056095737;0.0;0.0;0.0
0.0;0.0;0.0;0.0;0.521316379955;0.0;0.020942408377;0.353777112939;0.0;0.261032161556;0.00523560209424;0.463724756918;0.0;0.0;0.463724756918;0.522812266268;0.194465220643;0.0;0.124906507105
0.17277486911;0.0;0.0;0.196709050112;0.0;0.243081525804;0.0897531787584;0.0;0.0777860882573;0.0;0.0;0.0837696335079;0.0112191473448;0.123410620793;0.0;0.0284218399402;0.0;0.0852655198205;0.0
0.0;0.0;0.261032161556;0.0;0.344053851907;0.0;0.183246073298;0.0;0.00448765893792;0.0;0.0;0.0336574420344;0.369483919222;0.0;0.480927449514;0.403141361257;0.0837696335079;0.474195961107;0.0
0.344053851907;0.0;0.0;0.134629768138;0.0037397157816;0.0344053851907;0.0299177262528;0.0;0.0;0.0;0.0;0.278234854151;0.0994764397906;0.00299177262528;0.0;0.0;0.228122662678;0.0;0.335826477188
0.00074794315632;0.0;0.0568436798803;0.00523560209424;0.0403889304413;0.0912490650711;0.0119670905011;0.0;0.0478683620045;0.0;0.0;0.0;0.0;0.0673148840688;0.0;0.0531039640987;0.0;0.0224382946896;0.0
0.143605086013;0.157068062827;0.0;0.09349289454;0.106207928197;0.106955871354;0.0590875093493;0.00673148840688;0.0336574420344;0.0;0.0;0.0;0.0;0.0;0.0703066566941;0.0;0.0;0.0;0.00897531787584
0.0;0.0;0.0478683620045;0.0;0.0;0.0994764397906;0.0172026925954;0.00448765893792;0.0;0.0;0.16454749439;0.0231862378459;0.281974569933;0.0;0.0;0.0665669409125;0.00224382946896;0.0;0.133881824981
0.314884068811;0.016454749439;0.0;0.100972326103;0.0;0.0;0.114435302917;0.462228870606;0.0;0.0;0.421091997008;0.35153328347;0.212415856395;0.121166791324;0.0;0.0;0.0;0.0;0.020942408377
0.0732984293194;0.0;0.0;0.0;0.0284218399402;0.00972326103216;0.0;0.0882572924458;0.0441286462229;0.0;0.0127150336574;0.0;0.00074794315632;0.0;0.0478683620045;0.00523560209424;0.0;0.0;0.0291697830965
0.0074794315632;0.433059087509;0.320119670905;0.333582647719;0.31712789828;0.0;0.456245325355;0.172026925954;0.0;0.0;0.151084517577;0.0;0.0;0.074794315632;0.0;0.00598354525056;0.0;0.0;0.0
0.0;0.056095736724;0.00074794315632;0.00972326103216;0.0508601346298;0.0;0.00224382946896;0.018698578908;0.0;0.0493642483171;0.0;0.0;0.0;0.0381451009723;0.0;0.0882572924458;0.0;0.0800299177263;0.0
0.0;0.0;0.0239341810022;0.053851907255;0.227374719521;0.058339566193;0.0;0.0;0.0;0.00074794315632;0.039640987285;0.224382946896;0.0;0.0074794315632;0.0;0.0493642483171;0.0;0.160059835453;0.0
0.505609573672;0.326103216156;0.165295437547;0.165295437547;0.44502617801;0.0;0.0;0.0;0.0;0.0426327599102;0.0;0.335078534031;0.0104712041885;0.0;0.0;0.0;0.0;0.376963350785;0.507105459985
0.330590875093;0.480179506358;0.0;0.427823485415;0.0;0.0;0.314884068811;0.0284218399402;0.477935676889;0.0201944652206;0.0;0.0;0.0;0.0;0.177262528048;0.431563201197;0.16454749439;0.0;0.0
0.0;0.00972326103216;0.51009723261;0.129394166043;0.0;0.0;0.0127150336574;0.0;0.442782348542;0.319371727749;0.0;0.145848915482;0.50411368736;0.165295437547;0.0;0.0;0.0;0.0;0.444278234854
0.167539267016;0.0269259536275;0.0142109199701;0.0;0.0;0.0;0.0;0.466716529544;0.206432311144;0.0;0.0;0.122662677636;0.449513836948;0.0;0.0;0.0;0.0755422587883;0.212415856395;0.360508601346
0.0;0.397157816006;0.0;0.376215407629;0.0;0.394166043381;0.198204936425;0.406881077038;0.00448765893792;0.0;0.0239341810022;0.0;0.22363500374;0.0;0.0;0.35976065819;0.0;0.0;0.0246821241586
0.0628272251309;0.0448765893792;0.112191473448;0.0299177262528;0.0;0.0;0.0;0.0815258040389;0.0471204188482;0.0;0.10172026926;0.0127150336574;0.0;0.0830216903515;0.0;0.0;0.204936424832;0.0;0.0
0.0;0.0172026925954;0.113687359761;0.0;0.00673148840688;0.315632011967;0.35976065819;0.0;0.368735976066;0.0;0.22961854899;0.0;0.368735976066;0.0;0.0;0.202692595363;0.344053851907;0.0;0.0
0.0;0.0291697830965;0.203440538519;0.497382198953;0.0;0.0;0.0;0.435302916978;0.0;0.319371727749;0.157068062827;0.0;0.505609573672;0.0;0.0231862378459;0.0;0.0;0.457741211668;0.375467464473
0.50411368736;0.0;0.0;0.0;0.319371727749;0.0;0.162303664921;0.0905011219147;0.0;0.0807778608826;0.441286462229;0.0;0.513089005236;0.474195961107;0.0;0.0194465220643;0.0;0.0;0.0246821241586
