# description; daliy observations of plant-power for plant 2
hour2;hour3;hour4;hour5;hour6;hour7;hour8;hour9;hour10;hour11;hour12;hour13;hour14;hour15;hour16;hour17;hour18;hour19;hour20
0.195624195624;0.395109395109;0.0;0.428571428571;0.160875160875;0.0;0.574002574003;0.00772200772201;0.0;0.0;0.0;0.572715572716;0.0;0.0;0.630630630631;0.0;0.0;0.01287001287;0.634491634492
0.0;0.0;0.01287001287;0.196911196911;0.431145431145;0.621621621622;0.566280566281;0.619047619048;0.559845559846;0.396396396396;0.162162162162;0.010296010296;0.0;0.0;0.0;0.0;0.0;0.0;0.0
0.01287001287;0.190476190476;0.427284427284;0.564993564994;0.615186615187;0.495495495495;0.290862290862;0.341055341055;0.0926640926641;0.00900900900901;0.0;0.0;0.0;0.0;0.0;0.0;0.0;0.0;0.0
0.0;0.0;0.0;0.0;0.010296010296;0.186615186615;0.416988416988;0.567567567568;0.625482625483;0.619047619048;0.558558558559;0.366795366795;0.0604890604891;0.00643500643501;0.0;0.0;0.0;0.0;0.0
0.537966537967;0.51093951094;0.368082368082;0.111969111969;0.00643500643501;0.0;0.0;0.0;0.0;0.0;0.0;0.0;0.0;0.0;0.011583011583;0.185328185328;0.419562419562;0.546975546976;0.480051480051
0.0;0.0;0.0;0.0;0.0;0.00772200772201;0.018018018018;0.027027027027;0.02574002574;0.0707850707851;0.0579150579151;0.0810810810811;0.034749034749;0.003861003861;0.0;0.0;0.0;0.0;0.0
0.0;0.0;0.0;0.0;0.003861003861;0.0707850707851;0.23166023166;0.432432432432;0.546975546976;0.329472329472;0.324324324324;0.209781209781;0.043758043758;0.00772200772201;0.0;0.0;0.0;0.0;0.0
0.0;0.0;0.0;0.0;0.003861003861;0.177606177606;0.435006435006;0.577863577864;0.637065637066;0.310167310167;0.284427284427;0.173745173745;0.01287001287;0.0;0.0;0.0;0.0;0.0;0.400257400257
0.0;0.0;0.0;0.0;0.0;0.0;0.010296010296;0.0;0.0;0.280566280566;0.425997425997;0.227799227799;0.14157014157;0.018018018018;0.00772200772201;0.0;0.0;0.0;0.0
0.0;0.0;0.0;0.0;0.003861003861;0.158301158301;0.317889317889;0.287001287001;0.127413127413;0.0682110682111;0.119691119691;0.293436293436;0.16731016731;0.023166023166;0.0;0.0;0.0;0.0;0.0
0.0;0.0;0.0;0.0;0.00643500643501;0.033462033462;0.0720720720721;0.0823680823681;0.110682110682;0.184041184041;0.194337194337;0.106821106821;0.02574002574;0.002574002574;0.0;0.0;0.0;0.0;0.0
0.0;0.0;0.0;0.0;0.01287001287;0.123552123552;0.184041184041;0.537966537967;0.460746460746;0.469755469755;0.589446589447;0.43758043758;0.185328185328;0.018018018018;0.0;0.0;0.0;0.0;0.0
0.0;0.0;0.0;0.0;0.014157014157;0.207207207207;0.441441441441;0.558558558559;0.629343629344;0.581724581725;0.370656370656;0.314028314028;0.196911196911;0.021879021879;0.0;0.0;0.0;0.0;0.0
0.0;0.0;0.0;0.0;0.002574002574;0.028314028314;0.149292149292;0.198198198198;0.0965250965251;0.258687258687;0.157014157014;0.459459459459;0.148005148005;0.01287001287;0.0;0.0;0.0;0.0;0.0
0.0;0.0;0.0;0.0;0.003861003861;0.033462033462;0.339768339768;0.245817245817;0.619047619048;0.287001287001;0.3861003861;0.324324324324;0.239382239382;0.02574002574;0.0;0.0;0.0;0.0;0.0
0.0;0.0;0.0;0.0;0.018018018018;0.196911196911;0.45045045045;0.324324324324;0.356499356499;0.423423423423;0.454311454311;0.259974259974;0.113256113256;0.03861003861;0.0;0.0;0.0;0.0;0.0
0.0;0.0;0.0;0.0;0.0;0.014157014157;0.0553410553411;0.03861003861;0.30888030888;0.2574002574;0.0604890604891;0.034749034749;0.027027027027;0.014157014157;0.0;0.0;0.0;0.0;0.0
0.0;0.0;0.0;0.0;0.0;0.0;0.0797940797941;0.159588159588;0.10296010296;0.104247104247;0.259974259974;0.306306306306;0.400257400257;0.238095238095;0.0823680823681;0.001287001287;0.0;0.0;0.0
0.0;0.0;0.0;0.0;0.001287001287;0.100386100386;0.320463320463;0.537966537967;0.568854568855;0.629343629344;0.617760617761;0.537966537967;0.314028314028;0.0990990990991;0.002574002574;0.0;0.0;0.0;0.0
0.0;0.0;0.0;0.0;0.0;0.034749034749;0.326898326898;0.519948519949;0.504504504505;0.316602316602;0.11583011583;0.0604890604891;0.0797940797941;0.048906048906;0.0;0.0;0.0;0.0;0.0
0.0;0.0;0.0;0.0;0.0;0.0566280566281;0.185328185328;0.114543114543;0.462033462033;0.505791505792;0.517374517375;0.540540540541;0.316602316602;0.0978120978121;0.001287001287;0.0;0.0;0.0;0.0
0.0;0.0;0.0;0.0;0.002574002574;0.127413127413;0.388674388674;0.563706563707;0.647361647362;0.628056628057;0.584298584299;0.507078507079;0.361647361647;0.105534105534;0.003861003861;0.0;0.0;0.0;0.0
0.0;0.0;0.0;0.0;0.0;0.138996138996;0.396396396396;0.544401544402;0.620334620335;0.647361647362;0.619047619048;0.532818532819;0.343629343629;0.0939510939511;0.002574002574;0.0;0.0;0.0;0.0
0.0;0.0;0.0;0.0;0.0;0.0553410553411;0.320463320463;0.498069498069;0.608751608752;0.656370656371;0.207207207207;0.185328185328;0.0540540540541;0.01287001287;0.0;0.0;0.0;0.0;0.0
0.003861003861;0.0579150579151;0.0;0.0;0.0;0.0;0.0;0.00643500643501;0.191763191763;0.325611325611;0.223938223938;0.0849420849421;0.301158301158;0.0553410553411;0.0939510939511;0.0;0.0;0.0;0.0
0.580437580438;0.0;0.0;0.0;0.0;0.0;0.034749034749;0.033462033462;0.0849420849421;0.160875160875;0.226512226512;0.593307593308;0.377091377091;0.124839124839;0.003861003861;0.0;0.0;0.0;0.0
0.0;0.0;0.0;0.001287001287;0.153153153153;0.418275418275;0.580437580438;0.548262548263;0.649935649936;0.570141570142;0.316602316602;0.105534105534;0.002574002574;0.0;0.0;0.0;0.0;0.60102960103;0.0
0.0;0.0;0.0;0.0;0.001287001287;0.136422136422;0.351351351351;0.436293436293;0.564993564994;0.495495495495;0.29601029601;0.365508365508;0.117117117117;0.024453024453;0.001287001287;0.0;0.0;0.0;0.0
0.0;0.0;0.0;0.0;0.0;0.034749034749;0.0643500643501;0.110682110682;0.119691119691;0.240669240669;0.137709137709;0.410553410553;0.142857142857;0.043758043758;0.001287001287;0.0;0.0;0.0;0.0
0.0;0.0;0.0;0.0;0.0;0.010296010296;0.033462033462;0.0926640926641;0.108108108108;0.0643500643501;0.124839124839;0.101673101673;0.0862290862291;0.033462033462;0.0;0.0;0.0;0.0;0.0
0.0;0.0;0.0;0.0;0.0;0.00900900900901;0.029601029601;0.042471042471;0.043758043758;0.030888030888;0.037323037323;0.03861003861;0.106821106821;0.028314028314;0.0;0.0;0.0;0.0;0.0
0.0;0.0;0.0;0.0;0.0;0.010296010296;0.0617760617761;0.033462033462;0.0913770913771;0.020592020592;0.243243243243;0.3861003861;0.0630630630631;0.00643500643501;0.0;0.0;0.0;0.0;0.0
0.0;0.0;0.0;0.0;0.00643500643501;0.14157014157;0.34749034749;0.379665379665;0.415701415701;0.214929214929;0.185328185328;0.0900900900901;0.122265122265;0.010296010296;0.0;0.0;0.0;0.0;0.0
0.0;0.0;0.0;0.0;0.003861003861;0.042471042471;0.0604890604891;0.109395109395;0.132561132561;0.0875160875161;0.10296010296;0.118404118404;0.0579150579151;0.014157014157;0.0;0.0;0.0;0.0;0.0
0.0;0.0;0.0;0.0;0.0;0.033462033462;0.0617760617761;0.0617760617761;0.11583011583;0.24453024453;0.359073359073;0.374517374517;0.388674388674;0.0888030888031;0.00900900900901;0.0;0.0;0.0;0.0
0.0;0.0;0.0;0.0;0.0;0.0;0.00643500643501;0.185328185328;0.402831402831;0.477477477477;0.232947232947;0.458172458172;0.182754182754;0.117117117117;0.0810810810811;0.00900900900901;0.0;0.0;0.0
0.0;0.0;0.0;0.0;0.0;0.00514800514801;0.011583011583;0.011583011583;0.014157014157;0.016731016731;0.016731016731;0.015444015444;0.010296010296;0.002574002574;0.0;0.0;0.0;0.0;0.0
0.0;0.0;0.0;0.0;0.0;0.0;0.214929214929;0.298584298584;0.344916344916;0.369369369369;0.344916344916;0.306306306306;0.0;0.0;0.0;0.0;0.0;0.0;0.0
0.0;0.0;0.0;0.0;0.0;0.0;0.011583011583;0.034749034749;0.020592020592;0.032175032175;0.0566280566281;0.047619047619;0.042471042471;0.018018018018;0.001287001287;0.0;0.0;0.0;0.0
0.0;0.0;0.0;0.0;0.0;0.003861003861;0.01287001287;0.028314028314;0.0592020592021;0.126126126126;0.136422136422;0.0875160875161;0.225225225225;0.029601029601;0.00643500643501;0.0;0.0;0.0;0.0
0.0;0.0;0.0;0.0;0.003861003861;0.0579150579151;0.108108108108;0.0810810810811;0.0797940797941;0.110682110682;0.111969111969;0.0643500643501;0.021879021879;0.019305019305;0.002574002574;0.0;0.0;0.0;0.0
0.0;0.0;0.0;0.0;0.011583011583;0.042471042471;0.189189189189;0.0810810810811;0.401544401544;0.516087516088;0.425997425997;0.433719433719;0.158301158301;0.159588159588;0.018018018018;0.0;0.0;0.0;0.0
0.0;0.0;0.0;0.0;0.001287001287;0.011583011583;0.0514800514801;0.105534105534;0.0900900900901;0.0643500643501;0.0630630630631;0.0527670527671;0.023166023166;0.01287001287;0.0;0.0;0.0;0.0;0.0
0.0;0.0;0.0;0.0;0.001287001287;0.018018018018;0.0643500643501;0.343629343629;0.638352638353;0.39897039897;0.356499356499;0.225225225225;0.266409266409;0.131274131274;0.011583011583;0.0;0.0;0.0;0.0
0.0;0.0;0.0;0.0;0.00772200772201;0.0643500643501;0.10296010296;0.0862290862291;0.186615186615;0.149292149292;0.126126126126;0.0836550836551;0.0527670527671;0.021879021879;0.0;0.0;0.0;0.0;0.0
0.0;0.0;0.0;0.0;0.010296010296;0.151866151866;0.487773487773;0.635778635779;0.710424710425;0.7425997426;0.705276705277;0.643500643501;0.393822393822;0.19305019305;0.024453024453;0.0;0.0;0.0;0.0
0.0;0.0;0.0;0.0;0.0;0.014157014157;0.137709137709;0.204633204633;0.0965250965251;0.621621621622;0.213642213642;0.343629343629;0.241956241956;0.101673101673;0.014157014157;0.0;0.0;0.0;0.0
0.0;0.0;0.0;0.0;0.021879021879;0.261261261261;0.262548262548;0.526383526384;0.740025740026;0.705276705277;0.745173745174;0.65250965251;0.464607464607;0.241956241956;0.02574002574;0.0;0.0;0.0;0.0
0.024453024453;0.472329472329;0.0;0.0;0.0;0.0;0.03861003861;0.263835263835;0.608751608752;0.689832689833;0.647361647362;0.66537966538;0.366795366795;0.203346203346;0.138996138996;0.0;0.0;0.0;0.0
0.047619047619;0.396396396396;0.494208494208;0.0;0.0;0.0;0.0;0.029601029601;0.225225225225;0.159588159588;0.32175032175;0.319176319176;0.500643500644;0.0939510939511;0.00643500643501;0.0;0.0;0.0;0.0
0.0;0.281853281853;0.0;0.0;0.0;0.0;0.00772200772201;0.0759330759331;0.330759330759;0.414414414414;0.380952380952;0.521235521236;0.20592020592;0.0566280566281;0.037323037323;0.015444015444;0.0;0.0;0.0
0.015444015444;0.02574002574;0.0;0.0;0.0;0.0;0.0;0.0888030888031;0.0990990990991;0.0900900900901;0.0707850707851;0.047619047619;0.032175032175;0.033462033462;0.003861003861;0.0;0.0;0.0;0.0
0.0;0.0;0.0;0.0;0.030888030888;0.108108108108;0.184041184041;0.299871299871;0.379665379665;0.37323037323;0.34749034749;0.033462033462;0.010296010296;0.001287001287;0.0;0.0;0.0;0.0;0.0
0.0;0.0;0.0;0.0;0.00772200772201;0.0527670527671;0.142857142857;0.2574002574;0.111969111969;0.366795366795;0.220077220077;0.0862290862291;0.0888030888031;0.029601029601;0.0;0.0;0.0;0.0;0.297297297297
0.0;0.0;0.0;0.0;0.0566280566281;0.169884169884;0.46332046332;0.640926640927;0.736164736165;0.763191763192;0.731016731017;0.651222651223;0.485199485199;0.263835263835;0.039897039897;0.0;0.0;0.0;0.0
0.0;0.0;0.0;0.0;0.0669240669241;0.310167310167;0.507078507079;0.637065637066;0.709137709138;0.709137709138;0.69111969112;0.629343629344;0.469755469755;0.250965250965;0.039897039897;0.0;0.0;0.0;0.0
0.0;0.0;0.0;0.0;0.018018018018;0.220077220077;0.445302445302;0.612612612613;0.685971685972;0.494208494208;0.259974259974;0.42471042471;0.317889317889;0.02574002574;0.002574002574;0.0;0.0;0.0;0.0
0.0514800514801;0.271557271557;0.0;0.0;0.0;0.0;0.0604890604891;0.0913770913771;0.293436293436;0.355212355212;0.30888030888;0.459459459459;0.418275418275;0.495495495495;0.518661518662;0.0;0.0;0.0;0.0
0.0;0.0;0.0;0.0;0.034749034749;0.0746460746461;0.478764478764;0.482625482625;0.597168597169;0.481338481338;0.531531531532;0.532818532819;0.469755469755;0.250965250965;0.03861003861;0.0;0.0;0.0;0.0
0.570141570142;0.0;0.0;0.0;0.0;0.0566280566281;0.106821106821;0.2574002574;0.56241956242;0.779922779923;0.746460746461;0.66537966538;0.492921492921;0.266409266409;0.048906048906;0.0;0.0;0.0;0.0
0.801801801802;0.281853281853;0.51093951094;0.67824967825;0.777348777349;0.0;0.0;0.0;0.0;0.0862290862291;0.320463320463;0.514800514801;0.685971685972;0.765765765766;0.0630630630631;0.0;0.0;0.0;0.0
0.642213642214;0.0;0.0;0.0965250965251;0.319176319176;0.522522522523;0.727155727156;0.75546975547;0.725868725869;0.637065637066;0.473616473616;0.261261261261;0.0527670527671;0.0;0.0;0.0;0.0;0.0;0.0
0.235521235521;0.0;0.0;0.0;0.0;0.0965250965251;0.319176319176;0.507078507079;0.633204633205;0.701415701416;0.718146718147;0.671814671815;0.593307593308;0.444015444015;0.047619047619;0.0;0.0;0.0;0.0
0.0;0.0;0.0;0.0;0.0540540540541;0.181467181467;0.447876447876;0.58815958816;0.674388674389;0.679536679537;0.612612612613;0.526383526384;0.383526383526;0.182754182754;0.03861003861;0.0;0.0;0.0;0.0
0.0;0.0;0.0;0.0;0.023166023166;0.194337194337;0.445302445302;0.624195624196;0.718146718147;0.400257400257;0.369369369369;0.136422136422;0.175032175032;0.0990990990991;0.01287001287;0.0;0.0;0.0;0.0
0.0;0.0;0.0;0.002574002574;0.131274131274;0.365508365508;0.469755469755;0.559845559846;0.423423423423;0.495495495495;0.725868725869;0.441441441441;0.247104247104;0.0707850707851;0.003861003861;0.0;0.0;0.0;0.0
0.0;0.0;0.0;0.002574002574;0.148005148005;0.365508365508;0.445302445302;0.474903474903;0.369369369369;0.262548262548;0.342342342342;0.196911196911;0.20592020592;0.0862290862291;0.01287001287;0.0;0.0;0.0;0.0
0.0;0.0;0.0;0.0;0.010296010296;0.042471042471;0.00514800514801;0.332046332046;0.0579150579151;0.042471042471;0.120978120978;0.138996138996;0.0656370656371;0.018018018018;0.0;0.0;0.0;0.0;0.0
0.0;0.0;0.0;0.0;0.028314028314;0.0862290862291;0.249678249678;0.276705276705;0.271557271557;0.0669240669241;0.0862290862291;0.14157014157;0.0900900900901;0.041184041184;0.00772200772201;0.0;0.0;0.0;0.0
0.0;0.0;0.0;0.003861003861;0.03861003861;0.046332046332;0.135135135135;0.177606177606;0.276705276705;0.393822393822;0.153153153153;0.150579150579;0.033462033462;0.034749034749;0.00772200772201;0.0;0.0;0.0;0.0
0.0;0.0;0.0;0.00643500643501;0.0643500643501;0.171171171171;0.46332046332;0.41184041184;0.612612612613;0.607464607465;0.400257400257;0.21879021879;0.239382239382;0.0656370656371;0.028314028314;0.0;0.0;0.0;0.0
0.0;0.0;0.0;0.0;0.0;0.0;0.00772200772201;0.0630630630631;0.234234234234;0.209781209781;0.149292149292;0.155727155727;0.169884169884;0.46332046332;0.225225225225;0.402831402831;0.0772200772201;0.027027027027;0.0
0.0;0.0;0.0;0.016731016731;0.187902187902;0.427284427284;0.620334620335;0.733590733591;0.786357786358;0.772200772201;0.760617760618;0.653796653797;0.46332046332;0.198198198198;0.042471042471;0.0;0.0;0.0;0.0
0.0;0.0;0.0;0.00772200772201;0.034749034749;0.413127413127;0.442728442728;0.391248391248;0.440154440154;0.3861003861;0.676962676963;0.444015444015;0.388674388674;0.234234234234;0.042471042471;0.0;0.0;0.0;0.0
0.0;0.0;0.0;0.014157014157;0.198198198198;0.425997425997;0.604890604891;0.661518661519;0.778635778636;0.786357786358;0.743886743887;0.634491634492;0.445302445302;0.23166023166;0.043758043758;0.0;0.0;0.0;0.0
0.0;0.0;0.0;0.024453024453;0.209781209781;0.435006435006;0.598455598456;0.700128700129;0.749034749035;0.745173745174;0.698841698842;0.603603603604;0.429858429858;0.21879021879;0.042471042471;0.0;0.0;0.0;0.0
0.0;0.0;0.0;0.02574002574;0.202059202059;0.428571428571;0.589446589447;0.67824967825;0.7425997426;0.752895752896;0.712998712999;0.617760617761;0.447876447876;0.235521235521;0.045045045045;0.0;0.0;0.0;0.0
0.0;0.0;0.0;0.024453024453;0.207207207207;0.432432432432;0.602316602317;0.722007722008;0.772200772201;0.765765765766;0.715572715573;0.6138996139;0.415701415701;0.21879021879;0.039897039897;0.0;0.0;0.0;0.0
0.0;0.0;0.0;0.043758043758;0.146718146718;0.401544401544;0.46332046332;0.662805662806;0.709137709138;0.737451737452;0.667953667954;0.597168597169;0.404118404118;0.20592020592;0.043758043758;0.001287001287;0.0;0.0;0.0
0.0;0.0;0.0;0.032175032175;0.208494208494;0.404118404118;0.599742599743;0.702702702703;0.751608751609;0.72972972973;0.642213642214;0.490347490347;0.343629343629;0.195624195624;0.046332046332;0.0;0.0;0.0;0.0
0.0;0.0;0.0;0.0;0.03861003861;0.166023166023;0.589446589447;0.701415701416;0.750321750322;0.738738738739;0.709137709138;0.60102960103;0.427284427284;0.217503217503;0.041184041184;0.0;0.0;0.0;0.0
0.0;0.0;0.0;0.020592020592;0.222651222651;0.423423423423;0.58815958816;0.692406692407;0.736164736165;0.731016731017;0.682110682111;0.606177606178;0.431145431145;0.212355212355;0.039897039897;0.0;0.0;0.0;0.0
0.0;0.0;0.0;0.00772200772201;0.0540540540541;0.0952380952381;0.222651222651;0.391248391248;0.563706563707;0.486486486486;0.393822393822;0.465894465894;0.346203346203;0.153153153153;0.030888030888;0.0;0.0;0.0;0.0
0.0;0.0;0.0;0.030888030888;0.217503217503;0.307593307593;0.451737451737;0.612612612613;0.692406692407;0.328185328185;0.299871299871;0.274131274131;0.018018018018;0.039897039897;0.0643500643501;0.0;0.0;0.0;0.0
0.0;0.0;0.0;0.020592020592;0.123552123552;0.377091377091;0.541827541828;0.662805662806;0.702702702703;0.737451737452;0.712998712999;0.603603603604;0.392535392535;0.216216216216;0.042471042471;0.0;0.0;0.0;0.0
0.0;0.0;0.0;0.032175032175;0.189189189189;0.389961389961;0.567567567568;0.698841698842;0.770913770914;0.764478764479;0.741312741313;0.635778635779;0.456885456885;0.240669240669;0.0566280566281;0.001287001287;0.0;0.0;0.0
0.0;0.0;0.0;0.0514800514801;0.243243243243;0.464607464607;0.630630630631;0.747747747748;0.765765765766;0.751608751609;0.747747747748;0.644787644788;0.455598455598;0.241956241956;0.0553410553411;0.002574002574;0.0;0.0;0.0
0.0;0.0;0.0;0.046332046332;0.213642213642;0.432432432432;0.60102960103;0.720720720721;0.770913770914;0.761904761905;0.743886743887;0.63963963964;0.460746460746;0.243243243243;0.0579150579151;0.0;0.0;0.0;0.0
0.0;0.0;0.0;0.0514800514801;0.235521235521;0.444015444015;0.606177606178;0.710424710425;0.752895752896;0.741312741313;0.702702702703;0.589446589447;0.416988416988;0.214929214929;0.0527670527671;0.0;0.0;0.0;0.0
0.0;0.0;0.0;0.0501930501931;0.178893178893;0.46332046332;0.619047619048;0.705276705277;0.741312741313;0.754182754183;0.706563706564;0.546975546976;0.427284427284;0.213642213642;0.033462033462;0.001287001287;0.0;0.0;0.0
0.0;0.0;0.0;0.0527670527671;0.235521235521;0.43758043758;0.589446589447;0.689832689833;0.738738738739;0.728442728443;0.697554697555;0.597168597169;0.42471042471;0.158301158301;0.037323037323;0.0;0.0;0.0;0.0
0.0;0.0;0.0;0.0579150579151;0.258687258687;0.46332046332;0.619047619048;0.723294723295;0.770913770914;0.633204633205;0.746460746461;0.397683397683;0.253539253539;0.140283140283;0.027027027027;0.0;0.0;0.0;0.0
0.0;0.0;0.0;0.0643500643501;0.263835263835;0.464607464607;0.619047619048;0.722007722008;0.761904761905;0.749034749035;0.723294723295;0.616473616474;0.401544401544;0.240669240669;0.0553410553411;0.001287001287;0.0;0.0;0.0
0.0;0.0;0.0;0.039897039897;0.20592020592;0.298584298584;0.544401544402;0.741312741313;0.770913770914;0.777348777349;0.687258687259;0.615186615187;0.335907335907;0.119691119691;0.018018018018;0.001287001287;0.0;0.0;0.0
0.0;0.0;0.0;0.016731016731;0.0978120978121;0.221364221364;0.184041184041;0.290862290862;0.495495495495;0.741312741313;0.685971685972;0.459459459459;0.369369369369;0.200772200772;0.039897039897;0.001287001287;0.0;0.0;0.0
0.0;0.0;0.0;0.041184041184;0.18018018018;0.213642213642;0.214929214929;0.293436293436;0.268983268983;0.268983268983;0.238095238095;0.124839124839;0.0990990990991;0.0579150579151;0.030888030888;0.002574002574;0.0;0.0;0.0
0.0;0.0;0.0;0.0540540540541;0.248391248391;0.406692406692;0.311454311454;0.449163449163;0.287001287001;0.498069498069;0.471042471042;0.37323037323;0.155727155727;0.033462033462;0.001287001287;0.0;0.462033462033;0.0;0.0
0.0;0.0;0.0;0.03861003861;0.171171171171;0.217503217503;0.0849420849421;0.181467181467;0.110682110682;0.00772200772201;0.129987129987;0.2574002574;0.0579150579151;0.0888030888031;0.027027027027;0.003861003861;0.0;0.0;0.0
0.0;0.0;0.0;0.010296010296;0.048906048906;0.101673101673;0.393822393822;0.333333333333;0.405405405405;0.567567567568;0.620334620335;0.505791505792;0.135135135135;0.127413127413;0.046332046332;0.003861003861;0.0;0.0;0.0
0.0;0.0;0.0;0.028314028314;0.164736164736;0.0630630630631;0.18018018018;0.574002574003;0.66537966538;0.492921492921;0.76833976834;0.592020592021;0.492921492921;0.2574002574;0.0669240669241;0.003861003861;0.0;0.0;0.0
0.0;0.0;0.0;0.003861003861;0.0836550836551;0.310167310167;0.528957528958;0.689832689833;0.78120978121;0.772200772201;0.760617760618;0.750321750322;0.648648648649;0.469755469755;0.245817245817;0.0656370656371;0.002574002574;0.0;0.0
0.0;0.0;0.0;0.023166023166;0.113256113256;0.0849420849421;0.045045045045;0.294723294723;0.440154440154;0.711711711712;0.507078507079;0.606177606178;0.467181467181;0.241956241956;0.0514800514801;0.003861003861;0.0;0.0;0.0
0.0;0.0;0.003861003861;0.0900900900901;0.312741312741;0.521235521236;0.666666666667;0.763191763192;0.797940797941;0.599742599743;0.655083655084;0.194337194337;0.307593307593;0.0990990990991;0.018018018018;0.003861003861;0.0;0.0;0.0
0.0;0.0;0.0;0.015444015444;0.0733590733591;0.0823680823681;0.0965250965251;0.0514800514801;0.0682110682111;0.0772200772201;0.132561132561;0.18018018018;0.0759330759331;0.111969111969;0.00772200772201;0.0;0.0;0.0;0.0
0.0;0.0;0.0;0.0965250965251;0.238095238095;0.24453024453;0.249678249678;0.396396396396;0.474903474903;0.63963963964;0.606177606178;0.146718146718;0.016731016731;0.0;0.019305019305;0.001287001287;0.0;0.0;0.0
0.0;0.0501930501931;0.245817245817;0.501930501931;0.436293436293;0.745173745174;0.541827541828;0.391248391248;0.144144144144;0.337194337194;0.339768339768;0.0694980694981;0.0720720720721;0.003861003861;0.0;0.0;0.0;0.003861003861;0.0
0.0;0.0;0.0;0.032175032175;0.018018018018;0.172458172458;0.0579150579151;0.238095238095;0.285714285714;0.211068211068;0.153153153153;0.027027027027;0.030888030888;0.00772200772201;0.0;0.0;0.0;0.0;0.0772200772201
0.0;0.0;0.002574002574;0.0630630630631;0.138996138996;0.235521235521;0.171171171171;0.23166023166;0.209781209781;0.388674388674;0.258687258687;0.136422136422;0.146718146718;0.120978120978;0.046332046332;0.0;0.0;0.0;0.0
0.0;0.0;0.00514800514801;0.0694980694981;0.123552123552;0.310167310167;0.391248391248;0.528957528958;0.803088803089;0.767052767053;0.740025740026;0.62676962677;0.254826254826;0.0682110682111;0.011583011583;0.001287001287;0.0;0.0;0.0
0.0;0.0;0.0;0.014157014157;0.0926640926641;0.145431145431;0.160875160875;0.597168597169;0.155727155727;0.359073359073;0.213642213642;0.166023166023;0.106821106821;0.146718146718;0.048906048906;0.00772200772201;0.0;0.0;0.0
0.517374517375;0.0;0.0;0.003861003861;0.0540540540541;0.348777348777;0.537966537967;0.628056628057;0.521235521236;0.425997425997;0.262548262548;0.131274131274;0.0656370656371;0.0617760617761;0.030888030888;0.003861003861;0.0;0.0;0.0
0.0;0.0;0.00772200772201;0.110682110682;0.339768339768;0.474903474903;0.379665379665;0.583011583012;0.521235521236;0.531531531532;0.702702702703;0.567567567568;0.338481338481;0.1287001287;0.0707850707851;0.00772200772201;0.0;0.0;0.0
0.711711711712;0.151866151866;0.0;0.0;0.029601029601;0.101673101673;0.266409266409;0.460746460746;0.698841698842;0.642213642214;0.685971685972;0.570141570142;0.429858429858;0.11583011583;0.0501930501931;0.003861003861;0.0;0.0;0.0
0.0;0.0;0.003861003861;0.0566280566281;0.150579150579;0.438867438867;0.503217503218;0.396396396396;0.727155727156;0.216216216216;0.149292149292;0.105534105534;0.149292149292;0.11583011583;0.042471042471;0.002574002574;0.0;0.0;0.0
0.0;0.0;0.647361647362;0.592020592021;0.0;0.0;0.011583011583;0.0978120978121;0.320463320463;0.519948519949;0.759330759331;0.78120978121;0.750321750322;0.692406692407;0.462033462033;0.221364221364;0.0823680823681;0.00900900900901;0.0
0.629343629344;0.0;0.0;0.00514800514801;0.120978120978;0.344916344916;0.53667953668;0.634491634492;0.759330759331;0.737451737452;0.707850707851;0.63963963964;0.464607464607;0.243243243243;0.0707850707851;0.00772200772201;0.0;0.0;0.0
0.0;0.0;0.011583011583;0.119691119691;0.337194337194;0.532818532819;0.669240669241;0.7425997426;0.767052767053;0.758043758044;0.718146718147;0.608751608752;0.449163449163;0.253539253539;0.0707850707851;0.00772200772201;0.0;0.0;0.0
0.0;0.0;0.014157014157;0.127413127413;0.335907335907;0.521235521236;0.653796653797;0.736164736165;0.774774774775;0.773487773488;0.723294723295;0.554697554698;0.45045045045;0.252252252252;0.0707850707851;0.00900900900901;0.0;0.0;0.0
0.0;0.0;0.01287001287;0.119691119691;0.326898326898;0.516087516088;0.655083655084;0.737451737452;0.770913770914;0.760617760618;0.702702702703;0.590733590734;0.436293436293;0.239382239382;0.0694980694981;0.00643500643501;0.0;0.0;0.0
0.0;0.0;0.021879021879;0.144144144144;0.243243243243;0.407979407979;0.615186615187;0.694980694981;0.733590733591;0.714285714286;0.649935649936;0.572715572716;0.393822393822;0.163449163449;0.0810810810811;0.016731016731;0.0;0.0;0.0
0.239382239382;0.0;0.0;0.015444015444;0.120978120978;0.191763191763;0.382239382239;0.429858429858;0.492921492921;0.487773487773;0.758043758044;0.683397683398;0.583011583012;0.342342342342;0.0656370656371;0.01287001287;0.0;0.0;0.0
0.728442728443;0.124839124839;0.0;0.0;0.015444015444;0.315315315315;0.492921492921;0.6138996139;0.692406692407;0.72972972973;0.685971685972;0.580437580438;0.422136422136;0.235521235521;0.0707850707851;0.00772200772201;0.0;0.0;0.0
0.0;0.019305019305;0.119691119691;0.311454311454;0.48906048906;0.616473616474;0.69111969112;0.736164736165;0.723294723295;0.669240669241;0.595881595882;0.387387387387;0.223938223938;0.0720720720721;0.00900900900901;0.0;0.0;0.0;0.0
0.698841698842;0.0;0.0;0.0733590733591;0.435006435006;0.24453024453;0.597168597169;0.7425997426;0.496782496782;0.0;0.0;0.023166023166;0.113256113256;0.293436293436;0.701415701416;0.011583011583;0.0;0.62676962677;0.754182754183
0.460746460746;0.712998712999;0.738738738739;0.634491634492;0.447876447876;0.332046332046;0.015444015444;0.129987129987;0.0;0.0;0.707850707851;0.722007722008;0.624195624196;0.266409266409;0.0862290862291;0.014157014157;0.0;0.0;0.0
0.0;0.353925353925;0.0;0.0;0.018018018018;0.119691119691;0.281853281853;0.462033462033;0.52380952381;0.666666666667;0.608751608752;0.710424710425;0.670527670528;0.610038610039;0.256113256113;0.0888030888031;0.015444015444;0.0;0.0
0.0862290862291;0.288288288288;0.486486486486;0.0;0.0;0.023166023166;0.108108108108;0.478764478764;0.490347490347;0.176319176319;0.537966537967;0.268983268983;0.396396396396;0.263835263835;0.18018018018;0.021879021879;0.0;0.0;0.0
0.033462033462;0.2574002574;0.0;0.0;0.0;0.100386100386;0.221364221364;0.395109395109;0.490347490347;0.710424710425;0.445302445302;0.395109395109;0.208494208494;0.10296010296;0.0682110682111;0.015444015444;0.0;0.0;0.0
0.0;0.0;0.02574002574;0.144144144144;0.320463320463;0.464607464607;0.606177606178;0.676962676963;0.557271557272;0.51093951094;0.435006435006;0.590733590734;0.45045045045;0.261261261261;0.0900900900901;0.01287001287;0.0;0.0;0.0
0.0;0.0;0.015444015444;0.111969111969;0.359073359073;0.478764478764;0.648648648649;0.734877734878;0.776061776062;0.711711711712;0.725868725869;0.62676962677;0.46332046332;0.266409266409;0.0875160875161;0.011583011583;0.0;0.0;0.0
0.0;0.0;0.014157014157;0.119691119691;0.312741312741;0.507078507079;0.648648648649;0.732303732304;0.761904761905;0.761904761905;0.71685971686;0.616473616474;0.458172458172;0.265122265122;0.0888030888031;0.015444015444;0.0;0.0;0.0
0.0;0.0;0.019305019305;0.119691119691;0.310167310167;0.48906048906;0.611325611326;0.705276705277;0.746460746461;0.745173745174;0.700128700129;0.598455598456;0.440154440154;0.256113256113;0.0862290862291;0.015444015444;0.0;0.0;0.0
0.0;0.0;0.019305019305;0.122265122265;0.310167310167;0.481338481338;0.607464607465;0.693693693694;0.736164736165;0.731016731017;0.696267696268;0.593307593308;0.433719433719;0.252252252252;0.113256113256;0.030888030888;0.0;0.0;0.0
0.0;0.0;0.028314028314;0.123552123552;0.288288288288;0.480051480051;0.60102960103;0.670527670528;0.701415701416;0.709137709138;0.669240669241;0.585585585586;0.415701415701;0.239382239382;0.0836550836551;0.016731016731;0.0;0.0;0.0
0.0;0.0;0.00772200772201;0.03861003861;0.039897039897;0.100386100386;0.11583011583;0.0694980694981;0.045045045045;0.207207207207;0.142857142857;0.232947232947;0.0579150579151;0.14157014157;0.0900900900901;0.019305019305;0.0;0.0;0.0
0.0;0.0;0.019305019305;0.0952380952381;0.185328185328;0.436293436293;0.445302445302;0.252252252252;0.383526383526;0.214929214929;0.158301158301;0.157014157014;0.191763191763;0.177606177606;0.0849420849421;0.015444015444;0.0;0.0;0.0
0.0;0.0;0.023166023166;0.132561132561;0.342342342342;0.518661518662;0.640926640927;0.733590733591;0.707850707851;0.653796653797;0.728442728443;0.635778635779;0.481338481338;0.30888030888;0.0913770913771;0.015444015444;0.0;0.0;0.0
0.0;0.0;0.023166023166;0.027027027027;0.0797940797941;0.132561132561;0.137709137709;0.149292149292;0.0630630630631;0.0965250965251;0.190476190476;0.490347490347;0.481338481338;0.268983268983;0.105534105534;0.02574002574;0.0;0.0;0.0
0.0;0.0;0.027027027027;0.146718146718;0.348777348777;0.416988416988;0.688545688546;0.718146718147;0.758043758044;0.740025740026;0.725868725869;0.642213642214;0.433719433719;0.245817245817;0.0656370656371;0.027027027027;0.0;0.0;0.0
0.0;0.0;0.027027027027;0.140283140283;0.339768339768;0.522522522523;0.649935649936;0.723294723295;0.759330759331;0.756756756757;0.714285714286;0.615186615187;0.455598455598;0.268983268983;0.0952380952381;0.020592020592;0.0;0.0;0.0
0.0;0.0;0.030888030888;0.131274131274;0.320463320463;0.480051480051;0.615186615187;0.685971685972;0.637065637066;0.604890604891;0.407979407979;0.341055341055;0.23166023166;0.142857142857;0.0501930501931;0.020592020592;0.0;0.0;0.0
0.0;0.0;0.00772200772201;0.118404118404;0.272844272844;0.469755469755;0.631917631918;0.711711711712;0.752895752896;0.664092664093;0.692406692407;0.594594594595;0.442728442728;0.263835263835;0.0579150579151;0.003861003861;0.0;0.0;0.0
0.0;0.0;0.030888030888;0.132561132561;0.153153153153;0.535392535393;0.657657657658;0.671814671815;0.718146718147;0.583011583012;0.420849420849;0.159588159588;0.275418275418;0.113256113256;0.034749034749;0.019305019305;0.0;0.0;0.0
0.0;0.0900900900901;0.023166023166;0.0;0.0;0.0;0.0;0.0;0.028314028314;0.117117117117;0.32175032175;0.377091377091;0.422136422136;0.518661518662;0.369369369369;0.70398970399;0.7425997426;0.649935649936;0.176319176319
0.0;0.0;0.00772200772201;0.0579150579151;0.190476190476;0.337194337194;0.333333333333;0.369369369369;0.635778635779;0.741312741313;0.712998712999;0.637065637066;0.428571428571;0.248391248391;0.106821106821;0.030888030888;0.001287001287;0.0;0.0
0.0;0.001287001287;0.041184041184;0.0785070785071;0.16731016731;0.306306306306;0.707850707851;0.688545688546;0.374517374517;0.453024453024;0.395109395109;0.356499356499;0.276705276705;0.229086229086;0.108108108108;0.024453024453;0.0;0.0;0.0
0.0;0.001287001287;0.0579150579151;0.133848133848;0.114543114543;0.234234234234;0.447876447876;0.637065637066;0.337194337194;0.343629343629;0.186615186615;0.517374517375;0.212355212355;0.111969111969;0.042471042471;0.015444015444;0.0;0.0;0.0
0.0;0.0;0.024453024453;0.0707850707851;0.290862290862;0.490347490347;0.446589446589;0.478764478764;0.499356499356;0.500643500644;0.280566280566;0.584298584299;0.42471042471;0.247104247104;0.105534105534;0.021879021879;0.0;0.0;0.0
0.0;0.0;0.027027027027;0.133848133848;0.323037323037;0.388674388674;0.561132561133;0.710424710425;0.550836550837;0.58815958816;0.276705276705;0.208494208494;0.0797940797941;0.108108108108;0.0617760617761;0.015444015444;0.0;0.0;0.0
0.0;0.0;0.027027027027;0.132561132561;0.325611325611;0.500643500644;0.624195624196;0.706563706564;0.52380952381;0.658944658945;0.63963963964;0.543114543115;0.290862290862;0.248391248391;0.10296010296;0.019305019305;0.001287001287;0.0;0.0
0.0;0.0;0.028314028314;0.129987129987;0.323037323037;0.498069498069;0.634491634492;0.725868725869;0.75546975547;0.756756756757;0.700128700129;0.622908622909;0.460746460746;0.274131274131;0.100386100386;0.020592020592;0.0;0.0;0.0
0.0;0.0;0.030888030888;0.131274131274;0.311454311454;0.473616473616;0.589446589447;0.566280566281;0.136422136422;0.110682110682;0.319176319176;0.585585585586;0.433719433719;0.24453024453;0.0939510939511;0.027027027027;0.001287001287;0.0;0.0
0.0;0.0;0.027027027027;0.132561132561;0.307593307593;0.480051480051;0.603603603604;0.664092664093;0.692406692407;0.602316602317;0.329472329472;0.254826254826;0.359073359073;0.28314028314;0.0733590733591;0.02574002574;0.001287001287;0.0;0.0
0.0;0.0;0.027027027027;0.127413127413;0.315315315315;0.47619047619;0.543114543115;0.821106821107;0.69111969112;0.710424710425;0.683397683398;0.593307593308;0.444015444015;0.265122265122;0.0978120978121;0.023166023166;0.001287001287;0.0;0.0
0.0;0.0;0.027027027027;0.124839124839;0.307593307593;0.471042471042;0.595881595882;0.666666666667;0.709137709138;0.712998712999;0.671814671815;0.589446589447;0.440154440154;0.254826254826;0.106821106821;0.028314028314;0.001287001287;0.0;0.0
0.0;0.0;0.024453024453;0.133848133848;0.324324324324;0.495495495495;0.537966537967;0.647361647362;0.72972972973;0.525096525097;0.34749034749;0.177606177606;0.214929214929;0.227799227799;0.0759330759331;0.033462033462;0.0;0.0;0.0
0.0;0.0;0.019305019305;0.132561132561;0.330759330759;0.504504504505;0.607464607465;0.714285714286;0.754182754183;0.758043758044;0.710424710425;0.631917631918;0.451737451737;0.279279279279;0.108108108108;0.023166023166;0.001287001287;0.0;0.0
0.0;0.0;0.021879021879;0.132561132561;0.329472329472;0.505791505792;0.630630630631;0.710424710425;0.751608751609;0.747747747748;0.70398970399;0.617760617761;0.462033462033;0.259974259974;0.0990990990991;0.019305019305;0.001287001287;0.0;0.0
0.0;0.0;0.027027027027;0.126126126126;0.303732303732;0.474903474903;0.606177606178;0.572715572716;0.702702702703;0.720720720721;0.671814671815;0.57528957529;0.432432432432;0.268983268983;0.100386100386;0.021879021879;0.0;0.0;0.0
0.0;0.0;0.027027027027;0.126126126126;0.307593307593;0.472329472329;0.592020592021;0.662805662806;0.685971685972;0.69111969112;0.661518661519;0.579150579151;0.438867438867;0.268983268983;0.10296010296;0.02574002574;0.001287001287;0.0;0.0
0.0;0.0;0.023166023166;0.124839124839;0.307593307593;0.456885456885;0.584298584299;0.640926640927;0.685971685972;0.69111969112;0.557271557272;0.409266409266;0.427284427284;0.254826254826;0.111969111969;0.03861003861;0.003861003861;0.0;0.0
0.0;0.0;0.036036036036;0.0759330759331;0.284427284427;0.459459459459;0.407979407979;0.629343629344;0.700128700129;0.657657657658;0.364221364221;0.46332046332;0.438867438867;0.232947232947;0.117117117117;0.0772200772201;0.00514800514801;0.0;0.0
0.0;0.0;0.00900900900901;0.132561132561;0.274131274131;0.481338481338;0.492921492921;0.513513513514;0.709137709138;0.715572715573;0.602316602317;0.163449163449;0.0746460746461;0.235521235521;0.0978120978121;0.021879021879;0.002574002574;0.0;0.0
0.0;0.0;0.024453024453;0.120978120978;0.315315315315;0.464607464607;0.568854568855;0.66537966538;0.705276705277;0.709137709138;0.338481338481;0.323037323037;0.392535392535;0.268983268983;0.105534105534;0.023166023166;0.001287001287;0.0;0.0
0.0;0.0;0.00514800514801;0.160875160875;0.326898326898;0.503217503218;0.62676962677;0.689832689833;0.737451737452;0.674388674389;0.697554697555;0.616473616474;0.460746460746;0.276705276705;0.0900900900901;0.023166023166;0.002574002574;0.0;0.0
0.0;0.0;0.027027027027;0.126126126126;0.315315315315;0.492921492921;0.619047619048;0.709137709138;0.734877734878;0.736164736165;0.698841698842;0.608751608752;0.458172458172;0.275418275418;0.110682110682;0.023166023166;0.003861003861;0.0;0.0
0.0;0.0;0.032175032175;0.114543114543;0.311454311454;0.483912483912;0.516087516088;0.710424710425;0.749034749035;0.72972972973;0.706563706564;0.622908622909;0.47619047619;0.292149292149;0.113256113256;0.021879021879;0.002574002574;0.0;0.0
0.0;0.0;0.023166023166;0.123552123552;0.317889317889;0.491634491634;0.622908622909;0.701415701416;0.740025740026;0.734877734878;0.694980694981;0.597168597169;0.455598455598;0.281853281853;0.110682110682;0.020592020592;0.001287001287;0.0;0.0
0.0;0.001287001287;0.023166023166;0.122265122265;0.311454311454;0.483912483912;0.611325611326;0.688545688546;0.728442728443;0.72972972973;0.688545688546;0.603603603604;0.462033462033;0.287001287001;0.111969111969;0.020592020592;0.001287001287;0.0;0.0
0.0;0.0;0.024453024453;0.120978120978;0.306306306306;0.473616473616;0.595881595882;0.624195624196;0.720720720721;0.723294723295;0.687258687259;0.598455598456;0.453024453024;0.280566280566;0.109395109395;0.021879021879;0.002574002574;0.0;0.0
0.0;0.0;0.027027027027;0.119691119691;0.294723294723;0.459459459459;0.581724581725;0.662805662806;0.70398970399;0.707850707851;0.676962676963;0.607464607465;0.45045045045;0.275418275418;0.108108108108;0.019305019305;0.003861003861;0.0;0.0
0.0;0.0;0.024453024453;0.119691119691;0.348777348777;0.481338481338;0.593307593308;0.667953667954;0.70398970399;0.707850707851;0.679536679537;0.598455598456;0.449163449163;0.19305019305;0.1287001287;0.027027027027;0.003861003861;0.0;0.0
0.0;0.0;0.042471042471;0.119691119691;0.0;0.419562419562;0.52380952381;0.599742599743;0.646074646075;0.648648648649;0.619047619048;0.531531531532;0.396396396396;0.240669240669;0.100386100386;0.030888030888;0.003861003861;0.0;0.0
0.0;0.0;0.024453024453;0.11583011583;0.288288288288;0.458172458172;0.584298584299;0.648648648649;0.630630630631;0.607464607465;0.58815958816;0.567567567568;0.287001287001;0.268983268983;0.108108108108;0.023166023166;0.003861003861;0.0;0.0
0.0;0.0;0.019305019305;0.117117117117;0.288288288288;0.456885456885;0.576576576577;0.658944658945;0.701415701416;0.701415701416;0.662805662806;0.580437580438;0.441441441441;0.266409266409;0.105534105534;0.030888030888;0.003861003861;0.0;0.0
0.0;0.0;0.028314028314;0.114543114543;0.287001287001;0.449163449163;0.57528957529;0.431145431145;0.468468468468;0.707850707851;0.66537966538;0.574002574003;0.433719433719;0.265122265122;0.0592020592021;0.033462033462;0.0;0.0;0.0
0.0;0.0;0.027027027027;0.111969111969;0.285714285714;0.447876447876;0.572715572716;0.65250965251;0.593307593308;0.682110682111;0.631917631918;0.568854568855;0.276705276705;0.214929214929;0.108108108108;0.028314028314;0.0;0.0;0.0
0.0;0.0;0.019305019305;0.113256113256;0.288288288288;0.453024453024;0.574002574003;0.653796653797;0.700128700129;0.701415701416;0.662805662806;0.576576576577;0.436293436293;0.266409266409;0.106821106821;0.02574002574;0.002574002574;0.0;0.0
0.0;0.0;0.023166023166;0.11583011583;0.299871299871;0.474903474903;0.612612612613;0.482625482625;0.225225225225;0.746460746461;0.706563706564;0.617760617761;0.469755469755;0.289575289575;0.113256113256;0.019305019305;0.001287001287;0.0;0.0
0.0;0.0;0.019305019305;0.114543114543;0.299871299871;0.469755469755;0.594594594595;0.67824967825;0.906048906049;0.71685971686;0.683397683398;0.602316602317;0.460746460746;0.28314028314;0.110682110682;0.019305019305;0.0;0.0;0.0
0.0;0.0;0.02574002574;0.114543114543;0.293436293436;0.456885456885;0.564993564994;0.656370656371;0.692406692407;0.70398970399;0.664092664093;0.585585585586;0.446589446589;0.275418275418;0.110682110682;0.020592020592;0.001287001287;0.0;0.0
0.0;0.0;0.02574002574;0.111969111969;0.28314028314;0.445302445302;0.567567567568;0.644787644788;0.685971685972;0.685971685972;0.649935649936;0.572715572716;0.43758043758;0.268983268983;0.108108108108;0.02574002574;0.001287001287;0.0;0.0
0.0;0.0;0.029601029601;0.111969111969;0.274131274131;0.433719433719;0.553410553411;0.620334620335;0.670527670528;0.675675675676;0.644787644788;0.56241956242;0.428571428571;0.265122265122;0.105534105534;0.029601029601;0.001287001287;0.0;0.0
0.0;0.0;0.023166023166;0.110682110682;0.274131274131;0.42471042471;0.540540540541;0.617760617761;0.397683397683;0.209781209781;0.249678249678;0.348777348777;0.276705276705;0.144144144144;0.0617760617761;0.023166023166;0.0;0.0;0.0
0.0;0.0;0.020592020592;0.109395109395;0.272844272844;0.436293436293;0.558558558559;0.63963963964;0.669240669241;0.67824967825;0.620334620335;0.563706563707;0.182754182754;0.148005148005;0.0952380952381;0.0527670527671;0.002574002574;0.0;0.0
0.0;0.0;0.029601029601;0.109395109395;0.271557271557;0.425997425997;0.541827541828;0.624195624196;0.671814671815;0.671814671815;0.640926640927;0.561132561133;0.428571428571;0.236808236808;0.048906048906;0.032175032175;0.003861003861;0.0;0.0
0.0;0.0;0.021879021879;0.110682110682;0.277992277992;0.440154440154;0.570141570142;0.644787644788;0.687258687259;0.69111969112;0.65250965251;0.28314028314;0.182754182754;0.276705276705;0.122265122265;0.032175032175;0.0;0.0;0.0
0.0;0.0;0.028314028314;0.118404118404;0.274131274131;0.431145431145;0.559845559846;0.637065637066;0.660231660232;0.687258687259;0.649935649936;0.405405405405;0.132561132561;0.0592020592021;0.0566280566281;0.027027027027;0.0;0.0;0.0
0.0;0.0;0.018018018018;0.111969111969;0.290862290862;0.458172458172;0.581724581725;0.644787644788;0.705276705277;0.706563706564;0.674388674389;0.586872586873;0.445302445302;0.272844272844;0.109395109395;0.027027027027;0.002574002574;0.0;0.0
0.0;0.0;0.027027027027;0.110682110682;0.287001287001;0.444015444015;0.584298584299;0.662805662806;0.709137709138;0.712998712999;0.675675675676;0.589446589447;0.458172458172;0.285714285714;0.113256113256;0.023166023166;0.002574002574;0.0;0.0
0.0;0.0;0.029601029601;0.114543114543;0.281853281853;0.441441441441;0.558558558559;0.63963963964;0.60102960103;0.557271557272;0.532818532819;0.51093951094;0.429858429858;0.259974259974;0.109395109395;0.030888030888;0.0;0.0;0.0
0.0;0.0;0.024453024453;0.110682110682;0.276705276705;0.435006435006;0.557271557272;0.640926640927;0.679536679537;0.687258687259;0.662805662806;0.585585585586;0.444015444015;0.27027027027;0.106821106821;0.024453024453;0.001287001287;0.0;0.0
0.0978120978121;0.0;0.0;0.02574002574;0.110682110682;0.280566280566;0.441441441441;0.557271557272;0.628056628057;0.679536679537;0.635778635779;0.253539253539;0.028314028314;0.001287001287;0.0;0.0;0.400257400257;0.508365508366;0.558558558559
0.0;0.323037323037;0.0;0.0;0.019305019305;0.110682110682;0.28314028314;0.446589446589;0.554697554698;0.642213642214;0.288288288288;0.344916344916;0.320463320463;0.238095238095;0.19305019305;0.122265122265;0.024453024453;0.0;0.0
0.0836550836551;0.696267696268;0.0;0.0;0.015444015444;0.110682110682;0.292149292149;0.456885456885;0.572715572716;0.651222651223;0.692406692407;0.669240669241;0.581724581725;0.319176319176;0.118404118404;0.028314028314;0.0;0.0;0.0
0.0;0.459459459459;0.0;0.0;0.015444015444;0.105534105534;0.285714285714;0.576576576577;0.647361647362;0.687258687259;0.694980694981;0.66537966538;0.577863577864;0.442728442728;0.268983268983;0.10296010296;0.023166023166;0.002574002574;0.0
0.0;0.65250965251;0.011583011583;0.0;0.0;0.109395109395;0.274131274131;0.43758043758;0.550836550837;0.62676962677;0.56241956242;0.576576576577;0.527670527671;0.418275418275;0.258687258687;0.0965250965251;0.020592020592;0.002574002574;0.0
0.473616473616;0.0;0.0;0.00900900900901;0.106821106821;0.297297297297;0.604890604891;0.692406692407;0.602316602317;0.732303732304;0.624195624196;0.580437580438;0.455598455598;0.280566280566;0.114543114543;0.023166023166;0.0;0.0;0.0
0.0;0.471042471042;0.018018018018;0.0;0.0;0.110682110682;0.299871299871;0.477477477477;0.621621621622;0.712998712999;0.754182754183;0.756756756757;0.711711711712;0.624195624196;0.287001287001;0.114543114543;0.023166023166;0.0;0.0
0.020592020592;0.749034749035;0.0;0.0;0.015444015444;0.100386100386;0.284427284427;0.464607464607;0.610038610039;0.697554697555;0.745173745174;0.711711711712;0.631917631918;0.48906048906;0.302445302445;0.120978120978;0.001287001287;0.0;0.0
0.0;0.332046332046;0.58815958816;0.0;0.0;0.015444015444;0.0978120978121;0.276705276705;0.454311454311;0.669240669241;0.710424710425;0.711711711712;0.683397683398;0.599742599743;0.0;0.0;0.0;0.0;0.769626769627
0.689832689833;0.0978120978121;0.0;0.0;0.015444015444;0.274131274131;0.438867438867;0.564993564994;0.647361647362;0.687258687259;0.658944658945;0.576576576577;0.447876447876;0.274131274131;0.110682110682;0.024453024453;0.0;0.0;0.0
0.0;0.0;0.0;0.011583011583;0.101673101673;0.271557271557;0.410553410553;0.555984555985;0.644787644788;0.664092664093;0.689832689833;0.658944658945;0.571428571429;0.428571428571;0.2574002574;0.113256113256;0.027027027027;0.0;0.0
0.0926640926641;0.0990990990991;0.0;0.0;0.02574002574;0.252252252252;0.366795366795;0.491634491634;0.644787644788;0.554697554698;0.63963963964;0.606177606178;0.640926640927;0.238095238095;0.043758043758;0.00514800514801;0.0;0.0;0.0
0.0;0.0;0.0;0.018018018018;0.030888030888;0.042471042471;0.118404118404;0.169884169884;0.342342342342;0.530244530245;0.416988416988;0.211068211068;0.330759330759;0.203346203346;0.122265122265;0.113256113256;0.034749034749;0.0;0.0
0.030888030888;0.377091377091;0.0;0.0;0.0;0.015444015444;0.015444015444;0.037323037323;0.158301158301;0.23166023166;0.274131274131;0.607464607465;0.337194337194;0.41184041184;0.01287001287;0.0;0.0;0.0;0.0
0.559845559846;0.209781209781;0.0;0.0;0.020592020592;0.0592020592021;0.352638352638;0.45045045045;0.507078507079;0.280566280566;0.249678249678;0.289575289575;0.155727155727;0.148005148005;0.0785070785071;0.02574002574;0.0;0.0;0.0
0.658944658945;0.0;0.0;0.016731016731;0.0939510939511;0.268983268983;0.442728442728;0.532818532819;0.694980694981;0.722007722008;0.683397683398;0.597168597169;0.454311454311;0.280566280566;0.110682110682;0.020592020592;0.0;0.0;0.0
0.0;0.0;0.00514800514801;0.0913770913771;0.45045045045;0.581724581725;0.604890604891;0.733590733591;0.746460746461;0.698841698842;0.612612612613;0.467181467181;0.289575289575;0.111969111969;0.018018018018;0.0;0.0;0.0;0.265122265122
0.0;0.0;0.00772200772201;0.0888030888031;0.27027027027;0.445302445302;0.581724581725;0.684684684685;0.712998712999;0.712998712999;0.683397683398;0.595881595882;0.451737451737;0.275418275418;0.108108108108;0.027027027027;0.0;0.0;0.0
0.0;0.0;0.01287001287;0.0926640926641;0.238095238095;0.396396396396;0.519948519949;0.602316602317;0.63963963964;0.577863577864;0.51093951094;0.404118404118;0.249678249678;0.027027027027;0.0;0.0;0.0;0.101673101673;0.63963963964
0.0;0.0;0.00772200772201;0.0862290862291;0.259974259974;0.43758043758;0.570141570142;0.660231660232;0.70398970399;0.715572715573;0.682110682111;0.462033462033;0.285714285714;0.109395109395;0.019305019305;0.0;0.0;0.0;0.603603603604
0.0;0.0;0.0862290862291;0.266409266409;0.446589446589;0.581724581725;0.671814671815;0.725868725869;0.693693693694;0.603603603604;0.458172458172;0.280566280566;0.106821106821;0.016731016731;0.0;0.0;0.0;0.719433719434;0.0
0.0;0.0;0.00772200772201;0.0875160875161;0.247104247104;0.540540540541;0.65250965251;0.700128700129;0.702702702703;0.667953667954;0.586872586873;0.45045045045;0.280566280566;0.106821106821;0.0;0.0;0.0;0.020592020592;0.422136422136
0.0;0.0;0.0875160875161;0.258687258687;0.432432432432;0.561132561133;0.63963963964;0.684684684685;0.706563706564;0.669240669241;0.585585585586;0.287001287001;0.108108108108;0.019305019305;0.0;0.0;0.0;0.45045045045;0.00900900900901
0.0;0.0;0.00514800514801;0.0862290862291;0.258687258687;0.432432432432;0.557271557272;0.631917631918;0.673101673102;0.653796653797;0.552123552124;0.432432432432;0.271557271557;0.119691119691;0.036036036036;0.0;0.0;0.0;0.679536679537
0.0;0.0;0.00772200772201;0.0862290862291;0.256113256113;0.425997425997;0.62676962677;0.656370656371;0.675675675676;0.428571428571;0.262548262548;0.101673101673;0.0;0.0;0.0;0.019305019305;0.572715572716;0.655083655084;0.546975546976
0.0888030888031;0.249678249678;0.41184041184;0.534105534106;0.612612612613;0.537966537967;0.254826254826;0.023166023166;0.0;0.0;0.0;0.0965250965251;0.41184041184;0.62676962677;0.651222651223;0.653796653797;0.0;0.00772200772201;0.0
0.0;0.0;0.010296010296;0.238095238095;0.635778635779;0.535392535393;0.393822393822;0.020592020592;0.0;0.0;0.0965250965251;0.243243243243;0.473616473616;0.621621621622;0.595881595882;0.0926640926641;0.396396396396;0.519948519949;0.0
0.534105534106;0.612612612613;0.666666666667;0.534105534106;0.010296010296;0.0;0.0;0.39897039897;0.660231660232;0.259974259974;0.023166023166;0.0900900900901;0.235521235521;0.615186615187;0.10296010296;0.0;0.0;0.0;0.414414414414
0.664092664093;0.015444015444;0.574002574003;0.712998712999;0.00772200772201;0.247104247104;0.564993564994;0.610038610039;0.465894465894;0.0;0.0;0.0;0.0849420849421;0.0;0.422136422136;0.660231660232;0.29601029601;0.106821106821;0.0
0.0;0.265122265122;0.70398970399;0.58815958816;0.469755469755;0.673101673102;0.0;0.105534105534;0.0;0.0;0.0;0.294723294723;0.0875160875161;0.442728442728;0.0;0.581724581725;0.664092664093;0.711711711712;0.011583011583
0.0;0.0823680823681;0.670527670528;0.707850707851;0.442728442728;0.301158301158;0.0978120978121;0.015444015444;0.0;0.0;0.720720720721;0.682110682111;0.263835263835;0.0;0.0;0.581724581725;0.602316602317;0.471042471042;0.0
0.0;0.0;0.42471042471;0.209781209781;0.256113256113;0.0;0.0;0.016731016731;0.0;0.105534105534;0.456885456885;0.607464607465;0.275418275418;0.0;0.034749034749;0.281853281853;0.149292149292;0.583011583012;0.284427284427
0.0;0.0;0.011583011583;0.472329472329;0.607464607465;0.711711711712;0.646074646075;0.0836550836551;0.445302445302;0.256113256113;0.0;0.0;0.590733590734;0.734877734878;0.689832689833;0.298584298584;0.10296010296;0.0;0.0
0.580437580438;0.0;0.0;0.383526383526;0.0;0.014157014157;0.0836550836551;0.268983268983;0.043758043758;0.670527670528;0.687258687259;0.471042471042;0.0694980694981;0.239382239382;0.0;0.0;0.00900900900901;0.129987129987;0.474903474903
0.513513513514;0.0;0.024453024453;0.315315315315;0.0836550836551;0.127413127413;0.404118404118;0.71685971686;0.416988416988;0.217503217503;0.419562419562;0.0514800514801;0.0;0.0;0.0;0.580437580438;0.625482625483;0.0;0.0
0.0;0.0;0.00514800514801;0.0;0.01287001287;0.106821106821;0.658944658945;0.438867438867;0.564993564994;0.679536679537;0.673101673102;0.42471042471;0.554697554698;0.0823680823681;0.254826254826;0.0;0.0;0.634491634492;0.241956241956
0.56241956242;0.0;0.429858429858;0.0;0.0;0.00900900900901;0.42471042471;0.673101673102;0.630630630631;0.554697554698;0.0759330759331;0.0;0.0;0.0;0.245817245817;0.679536679537;0.649935649936;0.261261261261;0.0862290862291
0.279279279279;0.0926640926641;0.456885456885;0.669240669241;0.706563706564;0.416988416988;0.0;0.0;0.0;0.0707850707851;0.250965250965;0.567567567568;0.662805662806;0.707850707851;0.58815958816;0.00900900900901;0.0;0.0;0.0
0.0;0.0;0.00900900900901;0.445302445302;0.27027027027;0.656370656371;0.57528957529;0.701415701416;0.661518661519;0.433719433719;0.0;0.0;0.0772200772201;0.249678249678;0.57528957529;0.702702702703;0.0888030888031;0.0;0.0
0.00900900900901;0.655083655084;0.568854568855;0.0797940797941;0.0;0.0;0.0;0.249678249678;0.432432432432;0.680823680824;0.567567567568;0.0;0.694980694981;0.65250965251;0.0;0.0;0.266409266409;0.0862290862291;0.43758043758
0.00514800514801;0.432432432432;0.693693693694;0.0;0.0862290862291;0.0;0.0;0.00900900900901;0.265122265122;0.568854568855;0.442728442728;0.696267696268;0.658944658945;0.653796653797;0.568854568855;0.256113256113;0.0810810810811;0.0;0.0
0.003861003861;0.553410553411;0.621621621622;0.554697554698;0.2574002574;0.0875160875161;0.00643500643501;0.0;0.0;0.0;0.664092664093;0.432432432432;0.669240669241;0.634491634492;0.428571428571;0.248391248391;0.0759330759331;0.0;0.0
0.003861003861;0.414414414414;0.00772200772201;0.54954954955;0.0;0.0;0.0;0.0797940797941;0.247104247104;0.656370656371;0.637065637066;0.241956241956;0.670527670528;0.617760617761;0.539253539254;0.413127413127;0.0785070785071;0.0;0.0
0.256113256113;0.669240669241;0.00514800514801;0.0823680823681;0.0;0.0;0.258687258687;0.431145431145;0.53667953668;0.60102960103;0.628056628057;0.674388674389;0.427284427284;0.001287001287;0.0772200772201;0.0;0.0;0.0;0.555984555985
0.553410553411;0.631917631918;0.67824967825;0.557271557272;0.429858429858;0.00643500643501;0.0;0.0;0.0;0.250965250965;0.0785070785071;0.657657657658;0.619047619048;0.253539253539;0.0;0.0;0.0746460746461;0.42471042471;0.0
0.532818532819;0.0;0.0;0.440154440154;0.674388674389;0.633204633205;0.567567567568;0.0;0.675675675676;0.335907335907;0.034749034749;0.612612612613;0.0;0.418275418275;0.247104247104;0.0720720720721;0.0;0.0;0.00514800514801
0.682110682111;0.644787644788;0.630630630631;0.680823680824;0.245817245817;0.202059202059;0.045045045045;0.0;0.0;0.571428571429;0.0;0.0772200772201;0.543114543115;0.0;0.0;0.0;0.0;0.261261261261;0.444015444015
0.0;0.0772200772201;0.314028314028;0.0;0.261261261261;0.671814671815;0.581724581725;0.0;0.727155727156;0.0;0.698841698842;0.0;0.003861003861;0.281853281853;0.0785070785071;0.701415701416;0.47619047619;0.619047619048;0.0
0.003861003861;0.0;0.608751608752;0.0;0.0;0.0746460746461;0.276705276705;0.469755469755;0.743886743887;0.266409266409;0.743886743887;0.700128700129;0.607464607465;0.467181467181;0.0797940797941;0.0;0.003861003861;0.0;0.701415701416
0.603603603604;0.0;0.0720720720721;0.002574002574;0.267696267696;0.454311454311;0.589446589447;0.715572715573;0.0797940797941;0.46332046332;0.272844272844;0.001287001287;0.0;0.0;0.684684684685;0.71685971686;0.673101673102;0.0;0.0
0.0;0.0;0.0682110682111;0.580437580438;0.440154440154;0.702702702703;0.583011583012;0.0;0.258687258687;0.0746460746461;0.0;0.0;0.447876447876;0.669240669241;0.706563706564;0.664092664093;0.2574002574;0.001287001287;0.0
0.254826254826;0.003861003861;0.679536679537;0.640926640927;0.559845559846;0.432432432432;0.0707850707851;0.684684684685;0.0;0.0;0.0;0.644787644788;0.414414414414;0.0669240669241;0.0;0.0;0.0;0.241956241956;0.555984555985
0.0;0.0733590733591;0.485199485199;0.666666666667;0.250965250965;0.0;0.0;0.0;0.00643500643501;0.0;0.0;0.027027027027;0.539253539254;0.36036036036;0.491634491634;0.413127413127;0.247104247104;0.0;0.0
0.171171171171;0.33462033462;0.0;0.0;0.0;0.415701415701;0.0;0.032175032175;0.158301158301;0.227799227799;0.266409266409;0.444015444015;0.0;0.108108108108;0.259974259974;0.234234234234;0.047619047619;0.0;0.0
0.0;0.0;0.0;0.0;0.27027027027;0.0965250965251;0.261261261261;0.194337194337;0.163449163449;0.042471042471;0.268983268983;0.028314028314;0.232947232947;0.262548262548;0.0952380952381;0.001287001287;0.0;0.029601029601;0.0
0.039897039897;0.178893178893;0.42471042471;0.0;0.0;0.272844272844;0.47619047619;0.0;0.0;0.0;0.0656370656371;0.366795366795;0.449163449163;0.0669240669241;0.216216216216;0.0669240669241;0.029601029601;0.0;0.0
0.0;0.0;0.0;0.0875160875161;0.029601029601;0.525096525097;0.41184041184;0.597168597169;0.275418275418;0.0;0.0;0.0;0.0707850707851;0.464607464607;0.638352638353;0.590733590734;0.18018018018;0.020592020592;0.0
0.389961389961;0.272844272844;0.293436293436;0.0682110682111;0.029601029601;0.0;0.252252252252;0.0;0.449163449163;0.509652509653;0.263835263835;0.03861003861;0.0;0.0;0.0;0.0;0.100386100386;0.253539253539;0.106821106821
0.217503217503;0.001287001287;0.305019305019;0.0;0.380952380952;0.416988416988;0.0501930501931;0.534105534106;0.604890604891;0.697554697555;0.727155727156;0.0;0.0;0.0;0.0;0.229086229086;0.0656370656371;0.0;0.56241956242
0.0;0.0707850707851;0.688545688546;0.0;0.0;0.0;0.0;0.429858429858;0.235521235521;0.724581724582;0.676962676963;0.576576576577;0.725868725869;0.464607464607;0.0;0.0;0.602316602317;0.0527670527671;0.267696267696
0.0;0.0669240669241;0.0;0.666666666667;0.70398970399;0.58815958816;0.454311454311;0.266409266409;0.0;0.0;0.0;0.702702702703;0.0;0.0;0.0720720720721;0.248391248391;0.247104247104;0.662805662806;0.482625482625
0.383526383526;0.685971685972;0.0527670527671;0.0;0.0;0.032175032175;0.189189189189;0.539253539254;0.320463320463;0.675675675676;0.559845559846;0.213642213642;0.0;0.0;0.0;0.631917631918;0.0;0.646074646075;0.0
0.0;0.0;0.395109395109;0.425997425997;0.0;0.0;0.027027027027;0.561132561133;0.199485199485;0.548262548263;0.673101673102;0.666666666667;0.0;0.0;0.24453024453;0.640926640927;0.635778635779;0.0604890604891;0.0
0.396396396396;0.624195624196;0.671814671815;0.0;0.674388674389;0.586872586873;0.534105534106;0.0630630630631;0.0643500643501;0.039897039897;0.0;0.0;0.0;0.0;0.0;0.543114543115;0.0;0.204633204633;0.0566280566281
0.0;0.0;0.0;0.0;0.262548262548;0.194337194337;0.0501930501931;0.422136422136;0.478764478764;0.24453024453;0.146718146718;0.100386100386;0.324324324324;0.034749034749;0.0566280566281;0.0;0.023166023166;0.0;0.0
0.0;0.0;0.0;0.0;0.0682110682111;0.342342342342;0.595881595882;0.651222651223;0.505791505792;0.558558558559;0.11583011583;0.028314028314;0.356499356499;0.276705276705;0.0;0.177606177606;0.0;0.0;0.0
0.579150579151;0.592020592021;0.0;0.0;0.0;0.041184041184;0.441441441441;0.123552123552;0.664092664093;0.548262548263;0.545688545689;0.39897039897;0.225225225225;0.0;0.047619047619;0.187902187902;0.0;0.0;0.0
0.0;0.0;0.0;0.0;0.24453024453;0.0527670527671;0.498069498069;0.472329472329;0.455598455598;0.579150579151;0.595881595882;0.480051480051;0.543114543115;0.0;0.395109395109;0.163449163449;0.034749034749;0.0;0.0
0.0604890604891;0.0;0.0;0.0;0.253539253539;0.447876447876;0.58815958816;0.707850707851;0.651222651223;0.669240669241;0.722007722008;0.557271557272;0.389961389961;0.198198198198;0.030888030888;0.0;0.0;0.0;0.0
0.402831402831;0.0;0.0;0.0;0.0579150579151;0.259974259974;0.239382239382;0.184041184041;0.316602316602;0.48906048906;0.414414414414;0.333333333333;0.2574002574;0.030888030888;0.190476190476;0.0;0.0;0.0;0.0
0.0;0.0;0.227799227799;0.0;0.0682110682111;0.598455598456;0.419562419562;0.544401544402;0.539253539254;0.579150579151;0.27027027027;0.548262548263;0.0;0.0875160875161;0.03861003861;0.015444015444;0.0;0.0;0.0
0.014157014157;0.0;0.0;0.0;0.122265122265;0.36036036036;0.310167310167;0.422136422136;0.409266409266;0.36036036036;0.36036036036;0.465894465894;0.338481338481;0.203346203346;0.0;0.0;0.028314028314;0.0;0.0
0.70398970399;0.615186615187;0.0;0.0;0.0;0.0617760617761;0.472329472329;0.27027027027;0.20592020592;0.733590733591;0.746460746461;0.674388674389;0.413127413127;0.574002574003;0.0;0.02574002574;0.0;0.0;0.0
0.0;0.0;0.256113256113;0.0;0.673101673102;0.0617760617761;0.446589446589;0.567567567568;0.63963963964;0.534105534106;0.66537966538;0.612612612613;0.0;0.370656370656;0.171171171171;0.020592020592;0.0;0.0;0.0
0.500643500644;0.047619047619;0.0;0.0;0.0;0.194337194337;0.0;0.375804375804;1.37194337194;0.602316602317;0.664092664093;0.65250965251;0.160875160875;0.34749034749;0.0;0.0;0.019305019305;0.0;0.0
0.56241956242;0.0;0.0;0.0;0.037323037323;0.427284427284;0.223938223938;0.634491634492;0.651222651223;0.640926640927;0.583011583012;0.14157014157;0.368082368082;0.0;0.110682110682;0.018018018018;0.0;0.0;0.0
0.0;0.0;0.106821106821;0.0;0.0;0.0566280566281;0.0965250965251;0.366795366795;0.472329472329;0.159588159588;0.153153153153;0.184041184041;0.28314028314;0.212355212355;0.020592020592;0.16731016731;0.0;0.0;0.0
0.018018018018;0.0;0.0;0.0;0.148005148005;0.209781209781;0.28314028314;0.46332046332;0.323037323037;0.513513513514;0.607464607465;0.51093951094;0.11583011583;0.277992277992;0.00643500643501;0.0;0.0;0.0;0.0
0.583011583012;0.472329472329;0.0;0.0;0.184041184041;0.046332046332;0.0;0.045045045045;0.647361647362;0.640926640927;0.576576576577;0.236808236808;0.480051480051;0.145431145431;0.030888030888;0.0;0.0;0.0;0.0
0.0;0.0;0.164736164736;0.299871299871;0.0;0.0;0.023166023166;0.410553410553;0.297297297297;0.500643500644;0.456885456885;0.630630630631;0.554697554698;0.259974259974;0.011583011583;0.144144144144;0.0;0.0;0.0
0.037323037323;0.0;0.0;0.0;0.543114543115;0.213642213642;0.405405405405;0.585585585586;0.619047619048;0.661518661519;0.640926640927;0.505791505792;0.0656370656371;0.221364221364;0.0;0.011583011583;0.0;0.0;0.0
0.21879021879;0.0;0.136422136422;0.0;0.0;0.034749034749;0.0527670527671;0.643500643501;0.389961389961;0.306306306306;0.581724581725;0.644787644788;0.47619047619;0.0900900900901;0.0;0.0;0.0;0.0;0.0
0.0;0.0;0.0;0.010296010296;0.0759330759331;0.0875160875161;0.361647361647;0.131274131274;0.254826254826;0.592020592021;0.599742599743;0.0;0.409266409266;0.395109395109;0.00643500643501;0.142857142857;0.0;0.0;0.0
0.0;0.0;0.0;0.21879021879;0.021879021879;0.555984555985;0.28314028314;0.413127413127;0.628056628057;0.552123552124;0.253539253539;0.030888030888;0.178893178893;0.247104247104;0.0;0.002574002574;0.0;0.0;0.0
0.563706563707;0.0;0.0;0.416988416988;0.0;0.034749034749;0.225225225225;0.52380952381;0.661518661519;0.540540540541;0.303732303732;0.247104247104;0.482625482625;0.126126126126;0.0;0.011583011583;0.0;0.0;0.0
0.504504504505;0.343629343629;0.137709137709;0.0;0.00643500643501;0.0;0.0;0.0;0.0;0.0;0.0;0.039897039897;0.643500643501;0.234234234234;0.425997425997;0.564993564994;0.679536679537;0.602316602317;0.604890604891
0.343629343629;0.0;0.0;0.037323037323;0.0;0.56241956242;0.232947232947;0.423423423423;0.640926640927;0.621621621622;0.676962676963;0.514800514801;0.617760617761;0.133848133848;0.0;0.00514800514801;0.0;0.0;0.0
0.0;0.0;0.0;0.236808236808;0.041184041184;0.557271557272;0.333333333333;0.42471042471;0.637065637066;0.670527670528;0.664092664093;0.499356499356;0.610038610039;0.127413127413;0.0;0.0;0.003861003861;0.0;0.0
0.0;0.0;0.0;0.222651222651;0.034749034749;0.545688545689;0.199485199485;0.415701415701;0.540540540541;0.599742599743;0.606177606178;0.320463320463;0.332046332046;0.0;0.0;0.0617760617761;0.003861003861;0.0;0.0
0.0;0.0;0.0;0.469755469755;0.015444015444;0.0;0.176319176319;0.507078507079;0.407979407979;0.465894465894;0.673101673102;0.610038610039;0.0;0.117117117117;0.250965250965;0.002574002574;0.0;0.0;0.0
0.00643500643501;0.0;0.0;0.0;0.014157014157;0.469755469755;0.113256113256;0.175032175032;0.512226512227;0.628056628057;0.015444015444;0.445302445302;0.346203346203;0.0;0.020592020592;0.0;0.0;0.0;0.0
0.305019305019;0.0;0.0;0.262548262548;0.0;0.00643500643501;0.0566280566281;0.127413127413;0.305019305019;0.262548262548;0.392535392535;0.323037323037;0.252252252252;0.0682110682111;0.0;0.001287001287;0.0;0.0;0.0
0.490347490347;0.0;0.0;0.0;0.0;0.420849420849;0.015444015444;0.150579150579;0.18018018018;0.37323037323;0.483912483912;0.579150579151;0.572715572716;0.160875160875;0.0;0.037323037323;0.0;0.0;0.0
0.265122265122;0.254826254826;0.0759330759331;0.168597168597;0.001287001287;0.0669240669241;0.137709137709;0.039897039897;0.045045045045;0.151866151866;0.0;0.0;0.0;0.0;0.10296010296;0.029601029601;0.0;0.0;0.0
0.0;0.0;0.0;0.010296010296;0.117117117117;0.473616473616;0.348777348777;0.517374517375;0.132561132561;0.263835263835;0.211068211068;0.0;0.131274131274;0.016731016731;0.196911196911;0.0;0.0;0.0;0.0
0.011583011583;0.0;0.0;0.239382239382;0.015444015444;0.0;0.0;0.284427284427;0.0;0.0;0.010296010296;0.0;0.0;0.118404118404;0.380952380952;0.554697554698;0.541827541828;0.631917631918;0.60102960103
0.145431145431;0.212355212355;0.0;0.00772200772201;0.507078507079;0.023166023166;0.0;0.416988416988;0.0;0.0;0.0;0.0;0.0;0.323037323037;0.225225225225;0.024453024453;0.263835263835;0.377091377091;0.155727155727
0.101673101673;0.1287001287;0.36036036036;0.202059202059;0.496782496782;0.320463320463;0.0;0.404118404118;0.0;0.0;0.0;0.333333333333;0.0;0.0;0.0;0.221364221364;0.002574002574;0.478764478764;0.0
0.157014157014;0.563706563707;0.395109395109;0.0797940797941;0.579150579151;0.471042471042;0.302445302445;0.001287001287;0.0;0.0;0.0;0.0;0.0;0.0;0.0;0.640926640927;0.023166023166;0.682110682111;0.65250965251
0.593307593308;0.0;0.0;0.0;0.0;0.0;0.0;0.658944658945;0.222651222651;0.019305019305;0.558558558559;0.423423423423;0.635778635779;0.312741312741;0.487773487773;0.647361647362;0.0823680823681;0.0;0.0
0.483912483912;0.0;0.00772200772201;0.0;0.0;0.200772200772;0.344916344916;0.550836550837;0.599742599743;0.670527670528;0.649935649936;0.662805662806;0.305019305019;0.0785070785071;0.0;0.0;0.0;0.0;0.0
0.144144144144;0.0;0.0;0.0;0.015444015444;0.27027027027;0.211068211068;0.537966537967;0.687258687259;0.597168597169;0.671814671815;0.293436293436;0.483912483912;0.0707850707851;0.0;0.0;0.0;0.0;0.0
0.0;0.598455598456;0.0;0.0;0.0;0.0;0.208494208494;0.0;0.016731016731;0.679536679537;0.41184041184;0.550836550837;0.628056628057;0.651222651223;0.472329472329;0.0656370656371;0.29601029601;0.0;0.0
0.0;0.0;0.0;0.187902187902;0.00772200772201;0.517374517375;0.400257400257;0.571428571429;0.625482625483;0.656370656371;0.633204633205;0.449163449163;0.041184041184;0.0;0.263835263835;0.0;0.0;0.0;0.0
0.0;0.195624195624;0.0;0.0;0.003861003861;0.0;0.0720720720721;0.378378378378;0.589446589447;0.58815958816;0.247104247104;0.620334620335;0.559845559846;0.432432432432;0.0;0.0514800514801;0.0;0.0;0.0
0.14157014157;0.0;0.0;0.0;0.0;0.00772200772201;0.566280566281;0.302445302445;0.487773487773;0.598455598456;0.495495495495;0.584298584299;0.375804375804;0.03861003861;0.19305019305;0.0;0.0;0.0;0.0
0.51093951094;0.0;0.0;0.0;0.001287001287;0.0759330759331;0.138996138996;0.401544401544;0.361647361647;0.577863577864;0.980694980695;0.019305019305;0.28314028314;0.148005148005;0.0;0.0;0.0;0.0;0.0
0.339768339768;0.0;0.0;0.0;0.149292149292;0.00514800514801;0.6138996139;0.361647361647;0.555984555985;0.119691119691;0.564993564994;0.595881595882;0.350064350064;0.036036036036;0.0;0.0;0.0;0.0;0.0
0.0;0.504504504505;0.0;0.0;0.0;0.0;0.0;0.0;0.149292149292;0.00772200772201;0.00772200772201;0.317889317889;0.028314028314;0.567567567568;0.16731016731;0.0;0.0926640926641;0.023166023166;0.0
0.0;0.0;0.0;0.0;0.106821106821;0.0707850707851;0.1287001287;0.11583011583;0.11583011583;0.164736164736;0.346203346203;0.043758043758;0.100386100386;0.0;0.020592020592;0.0;0.0;0.0;0.0
0.0;0.404118404118;0.0;0.0;0.021879021879;0.001287001287;0.563706563707;0.65250965251;0.684684684685;0.194337194337;0.0592020592021;0.518661518662;0.0;0.019305019305;0.122265122265;0.0;0.0;0.0;0.0
0.0;0.0;0.00772200772201;0.0;0.630630630631;0.0;0.194337194337;0.420849420849;0.570141570142;0.680823680824;0.0;0.589446589447;0.584298584299;0.351351351351;0.199485199485;0.024453024453;0.0;0.0;0.0
0.0;0.0;0.0;0.0;0.024453024453;0.155727155727;0.275418275418;0.0913770913771;0.146718146718;0.0849420849421;0.0978120978121;0.0540540540541;0.023166023166;0.0;0.0;0.0;0.0;0.0;0.0
0.0;0.597168597169;0.158301158301;0.46332046332;0.0;0.415701415701;0.0;0.0;0.0;0.656370656371;0.477477477477;0.460746460746;0.486486486486;0.032175032175;0.199485199485;0.0;0.0;0.0;0.0
0.0;0.0;0.001287001287;0.018018018018;0.0;0.0;0.377091377091;0.146718146718;0.402831402831;0.611325611326;0.469755469755;0.63963963964;0.454311454311;0.348777348777;0.00900900900901;0.241956241956;0.0;0.0;0.0
0.0;0.0;0.0;0.240669240669;0.003861003861;0.173745173745;0.572715572716;0.379665379665;0.599742599743;0.622908622909;0.428571428571;0.0952380952381;0.307593307593;0.0;0.02574002574;0.0;0.0;0.0;0.0
0.0;0.281853281853;0.241956241956;0.0;0.0682110682111;0.0;0.0;0.0;0.204633204633;0.185328185328;0.041184041184;0.281853281853;0.305019305019;0.0900900900901;0.011583011583;0.0;0.0;0.0;0.0
0.0;0.0;0.0;0.122265122265;0.0720720720721;0.131274131274;0.0785070785071;0.018018018018;0.033462033462;0.100386100386;0.020592020592;0.048906048906;0.001287001287;0.0;0.108108108108;0.0;0.0;0.0;0.0
0.0;0.0;0.173745173745;0.271557271557;0.0;0.0;0.0875160875161;0.43758043758;0.482625482625;0.544401544402;0.0;0.272844272844;0.155727155727;0.310167310167;0.011583011583;0.0;0.0;0.0;0.0
0.0604890604891;0.0;0.0;0.041184041184;0.0;0.0;0.261261261261;0.11583011583;0.474903474903;0.272844272844;0.160875160875;0.204633204633;0.0913770913771;0.011583011583;0.0;0.0;0.0;0.0;0.0
0.0;1.36422136422;0.0;0.0;0.0;0.0;0.0;0.543114543115;0.133848133848;0.0;0.384813384813;0.0;0.631917631918;0.66537966538;0.0733590733591;0.446589446589;0.221364221364;0.01287001287;0.0
0.0;0.0;0.496782496782;0.0;0.002574002574;0.1287001287;0.364221364221;0.505791505792;0.622908622909;0.594594594595;0.550836550837;0.428571428571;0.198198198198;0.01287001287;0.0;0.0;0.0;0.0;0.0
0.126126126126;0.0;0.0;0.0;0.0;0.584298584299;0.337194337194;0.477477477477;0.602316602317;0.508365508366;0.185328185328;0.379665379665;0.0;0.138996138996;0.0;0.023166023166;0.0;0.0;0.0
0.131274131274;0.0;0.0;0.0;0.030888030888;0.0;0.0;0.0810810810811;0.225225225225;0.289575289575;0.335907335907;0.36036036036;0.182754182754;0.003861003861;0.114543114543;0.0;0.0;0.0;0.0
0.0;0.0;0.0849420849421;0.445302445302;0.0;0.0;0.032175032175;0.217503217503;0.317889317889;0.27027027027;0.230373230373;0.355212355212;0.15444015444;0.018018018018;0.0;0.0;0.0;0.0;0.0
0.0;0.015444015444;0.0;0.0;0.0;0.350064350064;0.0669240669241;0.138996138996;0.172458172458;0.126126126126;0.0888030888031;0.019305019305;0.0540540540541;0.0;0.0;0.0;0.0;0.0;0.0
0.0;0.0;0.0;0.0;0.433719433719;0.0;0.0810810810811;0.287001287001;0.003861003861;0.473616473616;0.478764478764;0.384813384813;0.316602316602;0.245817245817;0.0746460746461;0.0;0.0;0.0;0.0
0.0;0.0;0.0;0.0;0.0;0.0617760617761;0.029601029601;0.02574002574;0.034749034749;0.002574002574;0.0527670527671;0.028314028314;0.002574002574;0.0;0.0;0.0;0.0;0.0;0.0
0.0579150579151;0.0;0.0;0.0;0.0;0.00900900900901;0.00900900900901;0.036036036036;0.045045045045;0.0527670527671;0.021879021879;0.0;0.002574002574;0.019305019305;0.0;0.0;0.0;0.0;0.0
0.0;0.0;0.0;0.0;0.0527670527671;0.0;0.0579150579151;0.033462033462;0.0913770913771;0.001287001287;0.253539253539;0.181467181467;0.0592020592021;0.0514800514801;0.023166023166;0.0;0.0;0.0;0.0
0.0;0.0;0.0965250965251;0.0656370656371;0.0;0.0;0.045045045045;0.0900900900901;0.101673101673;0.135135135135;0.028314028314;0.01287001287;0.0;0.00772200772201;0.0;0.0;0.0;0.0;0.0
0.0;0.01287001287;0.0;0.0;0.0;0.043758043758;0.018018018018;0.0797940797941;0.10296010296;0.029601029601;0.033462033462;0.00772200772201;0.0;0.0;0.036036036036;0.0;0.0;0.0;0.0
0.0;0.0;0.0;0.0;0.0;0.0;0.00514800514801;0.045045045045;0.133848133848;0.0888030888031;0.0566280566281;0.20592020592;0.0;0.114543114543;0.033462033462;0.003861003861;0.0;0.0;0.0
0.0;0.0;0.0;0.0;0.0;0.138996138996;0.0;0.0;0.359073359073;0.0;0.184041184041;0.0900900900901;0.014157014157;0.0;0.0;0.0;0.0;0.0;0.0
0.0;0.290862290862;0.010296010296;0.0;0.0;0.0;0.0;0.455598455598;0.240669240669;0.482625482625;0.332046332046;0.213642213642;0.104247104247;0.037323037323;0.0;0.0;0.0;0.0;0.0
0.019305019305;0.0;0.0;0.0;0.0;0.0746460746461;0.11583011583;0.0;0.003861003861;0.131274131274;0.0836550836551;0.24453024453;0.182754182754;0.105534105534;0.0643500643501;0.0;0.0;0.0;0.0
0.0;0.0;0.0;0.014157014157;0.175032175032;0.0;0.214929214929;0.248391248391;0.148005148005;0.157014157014;0.287001287001;0.249678249678;0.00643500643501;0.0;0.0900900900901;0.0;0.0;0.0;0.0
0.046332046332;0.0;0.0;0.0;0.0;0.0;0.0;0.254826254826;0.436293436293;0.263835263835;0.435006435006;0.41184041184;0.284427284427;0.0939510939511;0.003861003861;0.131274131274;0.0;0.0;0.0
0.0;0.468468468468;0.046332046332;0.276705276705;0.532818532819;0.0;0.0;0.0;0.0;0.0;0.56241956242;0.606177606178;0.512226512227;0.003861003861;0.3861003861;0.140283140283;0.0;0.0;0.0
0.048906048906;0.0;0.0;0.0;0.0;0.418275418275;0.247104247104;0.39897039897;0.384813384813;0.117117117117;0.392535392535;0.0;0.175032175032;0.048906048906;0.002574002574;0.0;0.0;0.0;0.0
0.0;0.0;0.0;0.0;0.00514800514801;0.0540540540541;0.106821106821;0.11583011583;0.0746460746461;0.135135135135;0.16731016731;0.129987129987;0.0617760617761;0.002574002574;0.0;0.0;0.0;0.0;0.0
0.00514800514801;0.0;0.0;0.0;0.159588159588;0.0;0.019305019305;0.541827541828;0.564993564994;0.243243243243;0.568854568855;0.33462033462;0.047619047619;0.355212355212;0.0;0.0;0.0;0.0;0.0
0.0;0.492921492921;0.0;0.0;0.0;0.0501930501931;0.311454311454;0.595881595882;0.428571428571;1.0;0.0;0.0772200772201;0.302445302445;0.020592020592;0.0;0.0;0.0;0.0;0.0
0.037323037323;0.0;0.0;0.0;0.0;0.500643500644;0.261261261261;0.550836550837;0.477477477477;0.500643500644;0.490347490347;0.0;0.316602316602;0.0;0.0669240669241;0.0;0.0;0.0;0.0
0.0785070785071;0.368082368082;0.0;0.0;0.0;0.0;0.0;0.0;0.0;0.027027027027;0.003861003861;0.0;0.471042471042;0.571428571429;0.610038610039;0.438867438867;0.033462033462;0.0;0.0
0.638352638353;0.0;0.0;0.0;0.0;0.003861003861;0.395109395109;0.142857142857;0.199485199485;0.552123552124;0.323037323037;0.364221364221;0.119691119691;0.0;0.129987129987;0.0;0.0;0.0;0.0
0.0;0.0;0.0;0.0;0.033462033462;0.24453024453;0.471042471042;0.543114543115;0.490347490347;0.545688545689;0.0;0.247104247104;0.198198198198;0.0;0.034749034749;0.0;0.0;0.0;0.0
0.0;0.0;0.0;0.0;0.0;0.019305019305;0.47619047619;0.238095238095;0.612612612613;0.593307593308;0.036036036036;0.625482625483;0.564993564994;0.271557271557;0.0;0.0;0.0;0.0;0.0
0.0;0.0;0.0;0.0;0.227799227799;0.023166023166;0.607464607465;0.490347490347;0.245817245817;0.252252252252;0.10296010296;0.0;0.370656370656;0.046332046332;0.00643500643501;0.0;0.0;0.0;0.0
0.0;0.0;0.0;0.0;0.477477477477;0.023166023166;0.236808236808;0.597168597169;0.0;0.0849420849421;1.3963963964;0.550836550837;0.370656370656;0.144144144144;0.00514800514801;0.0;0.0;0.0;0.0
0.01287001287;0.0;0.0;0.0;0.0;0.0;0.0849420849421;0.019305019305;0.001287001287;0.010296010296;0.023166023166;0.150579150579;0.043758043758;0.041184041184;0.0;0.0;0.0;0.0;0.0
0.0;0.0;0.19305019305;0.0;0.0;0.0;0.0669240669241;0.155727155727;0.285714285714;0.0527670527671;0.028314028314;0.00643500643501;0.030888030888;0.0;0.0;0.0;0.0;0.0;0.0
0.0;0.0;0.0;0.0;0.016731016731;0.220077220077;0.593307593308;0.465894465894;0.634491634492;0.635778635779;0.003861003861;0.552123552124;0.157014157014;0.043758043758;0.0;0.0;0.0;0.0;0.0
0.0;0.0;0.0;0.00643500643501;0.0;0.0;0.468468468468;0.151866151866;0.662805662806;0.603603603604;0.653796653797;0.579150579151;0.379665379665;0.0;0.001287001287;0.0;0.0;0.0;0.0
0.0;0.0;0.0;0.0;0.357786357786;0.00900900900901;0.111969111969;0.258687258687;0.0;0.122265122265;0.0952380952381;0.217503217503;0.02574002574;0.252252252252;0.003861003861;0.0;0.0;0.0;0.0
0.0;0.0;0.0;0.0;0.223938223938;0.015444015444;0.473616473616;0.504504504505;0.566280566281;0.552123552124;0.447876447876;0.292149292149;0.042471042471;0.0;0.0;0.0;0.0;0.0;0.0
0.0;0.0;0.0;0.0;0.0;0.0;0.030888030888;0.164736164736;0.332046332046;0.294723294723;0.032175032175;0.41184041184;0.110682110682;0.416988416988;0.0;0.0;0.0;0.0;0.0
0.0;0.0;0.0;0.0;0.00772200772201;0.0643500643501;0.020592020592;0.03861003861;0.048906048906;0.0733590733591;0.0990990990991;0.0;0.047619047619;0.00772200772201;0.0;0.0;0.0;0.0;0.0
0.0;0.0;0.0;0.0;0.0;0.034749034749;0.0669240669241;0.10296010296;0.230373230373;0.169884169884;0.113256113256;0.0682110682111;0.0733590733591;0.0;0.001287001287;0.0;0.0;0.0;0.0
0.0;0.0;0.0;0.0;0.0;0.0;0.011583011583;0.016731016731;0.0772200772201;0.148005148005;0.268983268983;0.155727155727;0.0566280566281;0.0939510939511;0.0;0.0;0.0;0.0;0.0
0.0;0.54954954955;0.0;0.0;0.0;0.00772200772201;0.122265122265;0.120978120978;0.473616473616;0.416988416988;0.379665379665;0.285714285714;0.0;0.131274131274;0.00772200772201;0.0;0.0;0.0;0.0
0.0;0.0;0.0;0.0;0.0;0.0;0.002574002574;0.133848133848;0.027027027027;0.135135135135;0.03861003861;0.029601029601;0.045045045045;0.00772200772201;0.0;0.0;0.0;0.0;0.0
0.0;0.649935649936;0.0617760617761;0.0;0.0;0.0;0.0;0.342342342342;0.455598455598;0.138996138996;0.567567567568;0.33462033462;0.00772200772201;0.003861003861;0.0;0.0;0.0;0.0;0.0
0.0527670527671;0.0;0.0;0.0900900900901;0.0;0.0;0.0;0.01287001287;0.0;0.042471042471;0.0514800514801;0.0926640926641;0.0643500643501;0.00772200772201;0.0;0.0;0.0;0.0;0.0
0.517374517375;0.0;0.0;0.0;0.0;0.0;0.0;0.030888030888;0.0733590733591;0.136422136422;0.0;0.406692406692;0.045045045045;0.02574002574;0.00643500643501;0.0;0.0;0.0;0.0
0.0;0.465894465894;0.123552123552;0.0;0.0;0.175032175032;0.0;0.010296010296;0.0;0.28314028314;0.842985842986;0.610038610039;0.604890604891;0.341055341055;0.0;0.003861003861;0.0;0.0;0.0
0.0;0.0;0.0;0.00900900900901;0.0;0.392535392535;0.171171171171;0.519948519949;0.559845559846;0.554697554698;0.00772200772201;0.333333333333;0.131274131274;0.0;0.0;0.0;0.0;0.0;0.499356499356
0.0;0.0;0.0501930501931;0.0;0.0;0.0;0.610038610039;0.117117117117;0.525096525097;0.0;0.607464607465;0.540540540541;0.33462033462;0.003861003861;0.100386100386;0.0;0.0;0.0;0.0
0.00643500643501;0.0;0.003861003861;0.615186615187;0.0;0.0;0.0759330759331;0.266409266409;0.217503217503;0.0;0.131274131274;0.558558558559;0.0;0.0;0.0;0.0;0.0;0.540540540541;0.0
0.001287001287;0.0;0.0;0.0;0.0;0.023166023166;0.2574002574;0.388674388674;0.0;0.0;0.158301158301;0.00772200772201;0.0;0.374517374517;0.387387387387;0.162162162162;0.550836550837;0.0;0.0
0.0900900900901;0.0785070785071;0.0;0.0;0.0;0.014157014157;0.003861003861;0.047619047619;0.0;0.0;0.0733590733591;0.0978120978121;0.199485199485;0.0;0.0;0.0;0.18018018018;0.0;0.0501930501931
0.0;0.0;0.163449163449;0.001287001287;0.311454311454;0.216216216216;0.158301158301;0.492921492921;0.0;0.0;0.0;0.0;0.0;0.419562419562;0.0;0.329472329472;0.00514800514801;0.0;0.0
0.0;0.0;0.0;0.546975546976;0.0;0.604890604891;0.243243243243;0.00900900900901;0.136422136422;0.00643500643501;0.0;0.163449163449;0.393822393822;0.0;0.0;0.0;0.607464607465;0.509652509653;0.0
0.010296010296;0.0849420849421;0.527670527671;0.0;0.259974259974;0.16731016731;0.0;0.00643500643501;0.0;0.0;0.0;0.6138996139;0.402831402831;0.553410553411;0.615186615187;0.0;0.0;0.0;0.0
